row_index,new_name,PlantCode,plant_name,plant_type,group_index,cc_unit_code,cc_configuration
1,Rollins_1P,34,Rollins,HydroPowerPlant,1,,
2,McClure_1,151,McClure,ThermalPowerPlant,1,,
3,McClure_2,151,McClure,ThermalPowerPlant,2,,
4,Turlock Lake_1,161,Turlock Lake,HydroPowerPlant,1,,
5,Turlock Lake_2,161,Turlock Lake,HydroPowerPlant,2,,
6,Turlock Lake_3,161,Turlock Lake,HydroPowerPlant,3,,
7,Hickman_1,162,Hickman,HydroPowerPlant,1,,
8,Hickman_2,162,Hickman,HydroPowerPlant,2,,
9,Volta 2_1,180,Volta 2,HydroPowerPlant,1,,
10,Alta Powerhouse_1,214,Alta Powerhouse,HydroPowerPlant,1,,
11,Angels_1,215,Angels,HydroPowerPlant,1,,
12,Belden_1,219,Belden,HydroPowerPlant,1,,
13,Bucks Creek_H1,220,Bucks Creek,HydroPowerPlant,1,,
14,Bucks Creek_H2,220,Bucks Creek,HydroPowerPlant,2,,
15,Butt Valley_1,221,Butt Valley,HydroPowerPlant,1,,
16,Caribou 1_1,222,Caribou 1,HydroPowerPlant,1,,
17,Caribou 1_2,222,Caribou 1,HydroPowerPlant,2,,
18,Caribou 1_3,222,Caribou 1,HydroPowerPlant,3,,
19,Caribou 2_4,223,Caribou 2,HydroPowerPlant,1,,
20,Caribou 2_5,223,Caribou 2,HydroPowerPlant,2,,
21,Coleman PH_1,227,Coleman PH,HydroPowerPlant,1,,
22,Cow Creek_1,229,Cow Creek,HydroPowerPlant,1,,
23,Cow Creek_2,229,Cow Creek,HydroPowerPlant,2,,
24,Drum 1_1,235,Drum 1,HydroPowerPlant,1,,
25,Drum 1_2,235,Drum 1,HydroPowerPlant,2,,
26,Drum 1_3,235,Drum 1,HydroPowerPlant,3,,
27,Drum 1_4,235,Drum 1,HydroPowerPlant,4,,
28,Dutch Flat_1,237,Dutch Flat,HydroPowerPlant,1,,
29,El Dorado_1,238,El Dorado,HydroPowerPlant,1,,
30,El Dorado_2,238,El Dorado,HydroPowerPlant,2,,
31,Electra_1,239,Electra,HydroPowerPlant,1,,
32,Electra_2,239,Electra,HydroPowerPlant,2,,
33,Electra_3,239,Electra,HydroPowerPlant,3,,
34,Haas_H1,240,Haas,HydroPowerPlant,1,,
35,Haas_H2,240,Haas,HydroPowerPlant,2,,
36,Halsey_1,241,Halsey,HydroPowerPlant,1,,
37,Hamilton Branch_1,242,Hamilton Branch,HydroPowerPlant,1,,
38,Hamilton Branch_2,242,Hamilton Branch,HydroPowerPlant,2,,
39,Hat Creek 1_1,243,Hat Creek 1,HydroPowerPlant,1,,
40,Hat Creek 2_1,244,Hat Creek 2,HydroPowerPlant,1,,
41,Humboldt Bay_IC1,246,Humboldt Bay,ThermalPowerPlant,1,,
42,Humboldt Bay_IC10,246,Humboldt Bay,ThermalPowerPlant,2,,
43,Humboldt Bay_IC2,246,Humboldt Bay,ThermalPowerPlant,3,,
44,Humboldt Bay_IC3,246,Humboldt Bay,ThermalPowerPlant,4,,
45,Humboldt Bay_IC4,246,Humboldt Bay,ThermalPowerPlant,5,,
46,Humboldt Bay_IC5,246,Humboldt Bay,ThermalPowerPlant,6,,
47,Humboldt Bay_IC6,246,Humboldt Bay,ThermalPowerPlant,7,,
48,Humboldt Bay_IC7,246,Humboldt Bay,ThermalPowerPlant,8,,
49,Humboldt Bay_IC8,246,Humboldt Bay,ThermalPowerPlant,9,,
50,Humboldt Bay_IC9,246,Humboldt Bay,ThermalPowerPlant,10,,
51,Inskip_1,248,Inskip,HydroPowerPlant,1,,
52,James B Black_1,249,James B Black,HydroPowerPlant,1,,
53,James B Black_2,249,James B Black,HydroPowerPlant,2,,
54,Kerckhoff_H1,250,Kerckhoff,HydroPowerPlant,1,,
55,Kerckhoff_H3,250,Kerckhoff,HydroPowerPlant,2,,
56,Kilarc_1,253,Kilarc,HydroPowerPlant,1,,
57,Merced Falls_1,258,Merced Falls,HydroPowerPlant,1,,
58,Dynegy Moss Landing Power Plant Hybrid_CT1A,260,Dynegy Moss Landing Power Plant Hybrid,CombinedCycleBlock,1,CC1,DoubleCombustionOneSteam
59,Dynegy Moss Landing Power Plant Hybrid_CT1B,260,Dynegy Moss Landing Power Plant Hybrid,CombinedCycleBlock,1,CC1,DoubleCombustionOneSteam
60,Dynegy Moss Landing Power Plant Hybrid_CT2A,260,Dynegy Moss Landing Power Plant Hybrid,CombinedCycleBlock,2,CC2,DoubleCombustionOneSteam
61,Dynegy Moss Landing Power Plant Hybrid_CT2B,260,Dynegy Moss Landing Power Plant Hybrid,CombinedCycleBlock,2,CC2,DoubleCombustionOneSteam
62,Dynegy Moss Landing Power Plant Hybrid_ST1,260,Dynegy Moss Landing Power Plant Hybrid,CombinedCycleBlock,1,CC1,DoubleCombustionOneSteam
63,Dynegy Moss Landing Power Plant Hybrid_ST2,260,Dynegy Moss Landing Power Plant Hybrid,CombinedCycleBlock,2,CC2,DoubleCombustionOneSteam
64,Murphys_1,261,Murphys,HydroPowerPlant,1,,
65,Phoenix_1,264,Phoenix,HydroPowerPlant,1,,
66,Pit 1_H1,265,Pit 1,HydroPowerPlant,1,,
67,Pit 1_H2,265,Pit 1,HydroPowerPlant,2,,
68,Pit 4_1,267,Pit 4,HydroPowerPlant,1,,
69,Pit 4_2,267,Pit 4,HydroPowerPlant,2,,
70,Pit 5_H1,268,Pit 5,HydroPowerPlant,1,,
71,Pit 5_H2,268,Pit 5,HydroPowerPlant,2,,
72,Pit 5_H3,268,Pit 5,HydroPowerPlant,3,,
73,Pit 5_H4,268,Pit 5,HydroPowerPlant,4,,
74,Pit 6_H1,269,Pit 6,HydroPowerPlant,1,,
75,Pit 6_H2,269,Pit 6,HydroPowerPlant,2,,
76,Potter Valley_1,274,Potter Valley,HydroPowerPlant,1,,
77,Potter Valley_2,274,Potter Valley,HydroPowerPlant,2,,
78,Potter Valley_3,274,Potter Valley,HydroPowerPlant,3,,
79,Rock Creek_H1,275,Rock Creek,HydroPowerPlant,1,,
80,Rock Creek_H2,275,Rock Creek,HydroPowerPlant,2,,
81,Salt Springs_1,279,Salt Springs,HydroPowerPlant,1,,
82,Salt Springs_2,279,Salt Springs,HydroPowerPlant,2,,
83,South_1,280,South,HydroPowerPlant,1,,
84,Spaulding 1_1,281,Spaulding 1,HydroPowerPlant,1,,
85,Spaulding 2_1,282,Spaulding 2,HydroPowerPlant,1,,
86,Spaulding 3_1,283,Spaulding 3,HydroPowerPlant,1,,
87,Spring Gap_1,284,Spring Gap,HydroPowerPlant,1,,
88,Stanislaus_HC1,285,Stanislaus,HydroPowerPlant,1,,
89,Tiger Creek_H1,287,Tiger Creek,HydroPowerPlant,1,,
90,Tiger Creek_H2,287,Tiger Creek,HydroPowerPlant,2,,
91,Tule River_1,289,Tule River,HydroPowerPlant,1,,
92,Tule River_2,289,Tule River,HydroPowerPlant,2,,
93,Volta 1_1,290,Volta 1,HydroPowerPlant,1,,
94,West Point PH_1,291,West Point PH,HydroPowerPlant,1,,
95,Wise_1,292,Wise,HydroPowerPlant,1,,
96,Wise_2,292,Wise,HydroPowerPlant,2,,
97,Copco 1_1,294,Copco 1,HydroPowerPlant,1,,
98,Copco 1_2,294,Copco 1,HydroPowerPlant,2,,
99,Copco 2_1,295,Copco 2,HydroPowerPlant,1,,
100,Copco 2_2,295,Copco 2,HydroPowerPlant,2,,
101,Fall Creek_1,296,Fall Creek,HydroPowerPlant,1,,
102,Fall Creek_2,296,Fall Creek,HydroPowerPlant,2,,
103,Fall Creek_3,296,Fall Creek,HydroPowerPlant,3,,
104,Iron Gate_1,297,Iron Gate,HydroPowerPlant,1,,
105,Drop 5_1,314,Drop 5,HydroPowerPlant,1,,
106,Drop 5_2,314,Drop 5,HydroPowerPlant,2,,
107,AES Alamitos LLC_3,315,AES Alamitos LLC,ThermalPowerPlant,1,,
108,AES Alamitos LLC_4,315,AES Alamitos LLC,ThermalPowerPlant,2,,
109,AES Alamitos LLC_5,315,AES Alamitos LLC,ThermalPowerPlant,3,,
110,Big Creek 2_3,318,Big Creek 2,HydroPowerPlant,1,,
111,Big Creek 2_4,318,Big Creek 2,HydroPowerPlant,2,,
112,Big Creek 2_5,318,Big Creek 2,HydroPowerPlant,3,,
113,Big Creek 2_6,318,Big Creek 2,HydroPowerPlant,4,,
114,Big Creek 3_1,319,Big Creek 3,HydroPowerPlant,1,,
115,Big Creek 3_2,319,Big Creek 3,HydroPowerPlant,2,,
116,Big Creek 3_3,319,Big Creek 3,HydroPowerPlant,3,,
117,Big Creek 3_4,319,Big Creek 3,HydroPowerPlant,4,,
118,Big Creek 3_5,319,Big Creek 3,HydroPowerPlant,5,,
119,Big Creek 8_1,321,Big Creek 8,HydroPowerPlant,1,,
120,Big Creek 8_2,321,Big Creek 8,HydroPowerPlant,2,,
121,Big Creek 2A_1,322,Big Creek 2A,HydroPowerPlant,1,,
122,Big Creek 2A_2,322,Big Creek 2A,HydroPowerPlant,2,,
123,Bishop Creek 2_1,323,Bishop Creek 2,HydroPowerPlant,1,,
124,Bishop Creek 2_2,323,Bishop Creek 2,HydroPowerPlant,2,,
125,Bishop Creek 2_3,323,Bishop Creek 2,HydroPowerPlant,3,,
126,Bishop Creek 3_1,324,Bishop Creek 3,HydroPowerPlant,1,,
127,Bishop Creek 3_2,324,Bishop Creek 3,HydroPowerPlant,2,,
128,Bishop Creek 3_3,324,Bishop Creek 3,HydroPowerPlant,3,,
129,Bishop Creek 4_1,325,Bishop Creek 4,HydroPowerPlant,1,,
130,Bishop Creek 4_2,325,Bishop Creek 4,HydroPowerPlant,2,,
131,Bishop Creek 4_3,325,Bishop Creek 4,HydroPowerPlant,3,,
132,Bishop Creek 4_4,325,Bishop Creek 4,HydroPowerPlant,4,,
133,Bishop Creek 4_5,325,Bishop Creek 4,HydroPowerPlant,5,,
134,Bishop Creek 5_1,326,Bishop Creek 5,HydroPowerPlant,1,,
135,Bishop Creek 5_2,326,Bishop Creek 5,HydroPowerPlant,2,,
136,Bishop Creek 6_1,327,Bishop Creek 6,HydroPowerPlant,1,,
137,Borel_1,328,Borel,HydroPowerPlant,1,,
138,Borel_2,328,Borel,HydroPowerPlant,2,,
139,Borel_3,328,Borel,HydroPowerPlant,3,,
140,Fontana_1,332,Fontana,HydroPowerPlant,1,,
141,Fontana_2,332,Fontana,HydroPowerPlant,2,,
142,AES Huntington Beach LLC_2,335,AES Huntington Beach LLC,ThermalPowerPlant,1,,
143,Kaweah 1_1,337,Kaweah 1,HydroPowerPlant,1,,
144,Kern River 3_1,339,Kern River 3,HydroPowerPlant,1,,
145,Kern River 3_2,339,Kern River 3,HydroPowerPlant,2,,
146,Kern River 1_1,340,Kern River 1,HydroPowerPlant,1,,
147,Kern River 1_2,340,Kern River 1,HydroPowerPlant,2,,
148,Kern River 1_3,340,Kern River 1,HydroPowerPlant,3,,
149,Kern River 1_4,340,Kern River 1,HydroPowerPlant,4,,
150,Long Beach Generation LLC_CT1,341,Long Beach Generation LLC,ThermalPowerPlant,1,,
151,Long Beach Generation LLC_CT2,341,Long Beach Generation LLC,ThermalPowerPlant,2,,
152,Long Beach Generation LLC_CT3,341,Long Beach Generation LLC,ThermalPowerPlant,3,,
153,Long Beach Generation LLC_CT4,341,Long Beach Generation LLC,ThermalPowerPlant,4,,
154,Mammoth Pool_1,344,Mammoth Pool,HydroPowerPlant,1,,
155,Mammoth Pool_2,344,Mammoth Pool,HydroPowerPlant,2,,
156,Ormond Beach_1,350,Ormond Beach,ThermalPowerPlant,1,,
157,Ormond Beach_2,350,Ormond Beach,ThermalPowerPlant,2,,
158,Poole_1,353,Poole,HydroPowerPlant,1,,
159,AES Redondo Beach LLC_5,356,AES Redondo Beach LLC,ThermalPowerPlant,1,,
160,AES Redondo Beach LLC_6,356,AES Redondo Beach LLC,ThermalPowerPlant,2,,
161,AES Redondo Beach LLC_8,356,AES Redondo Beach LLC,ThermalPowerPlant,3,,
162,Rush Creek_1,357,Rush Creek,HydroPowerPlant,1,,
163,Rush Creek_2,357,Rush Creek,HydroPowerPlant,2,,
164,Mountainview Generating Station_MV3A,358,Mountainview Generating Station,CombinedCycleBlock,1,3,DoubleCombustionOneSteam
165,Mountainview Generating Station_MV3B,358,Mountainview Generating Station,CombinedCycleBlock,1,3,DoubleCombustionOneSteam
166,Mountainview Generating Station_MV3C,358,Mountainview Generating Station,CombinedCycleBlock,1,3,DoubleCombustionOneSteam
167,Mountainview Generating Station_MV4A,358,Mountainview Generating Station,CombinedCycleBlock,2,4,DoubleCombustionOneSteam
168,Mountainview Generating Station_MV4B,358,Mountainview Generating Station,CombinedCycleBlock,2,4,DoubleCombustionOneSteam
169,Mountainview Generating Station_MV4C,358,Mountainview Generating Station,CombinedCycleBlock,2,4,DoubleCombustionOneSteam
170,Santa Ana 1_1,361,Santa Ana 1,HydroPowerPlant,1,,
171,Santa Ana 1_2,361,Santa Ana 1,HydroPowerPlant,2,,
172,Santa Ana 1_3,361,Santa Ana 1,HydroPowerPlant,3,,
173,Santa Ana 1_4,361,Santa Ana 1,HydroPowerPlant,4,,
174,Lower Tule River_1,365,Lower Tule River,HydroPowerPlant,1,,
175,Lower Tule River_2,365,Lower Tule River,HydroPowerPlant,2,,
176,Pardee_1,376,Pardee,HydroPowerPlant,1,,
177,Pardee_2,376,Pardee,HydroPowerPlant,2,,
178,Pardee_3,376,Pardee,HydroPowerPlant,3,,
179,Grayson_1,377,Grayson,CombinedCycleBlock,1,CC1,Other
180,Grayson_2,377,Grayson,CombinedCycleBlock,1,CC1,Other
181,Grayson_3,377,Grayson,ThermalPowerPlant,1,,
182,Grayson_4,377,Grayson,ThermalPowerPlant,2,,
183,Grayson_5,377,Grayson,ThermalPowerPlant,3,,
184,Grayson_8A,377,Grayson,CombinedCycleBlock,1,CC1,Other
185,Grayson_8BC,377,Grayson,CombinedCycleBlock,1,CC1,Other
186,Grayson_9,377,Grayson,ThermalPowerPlant,4,,
187,Dion R Holm_1,380,Dion R Holm,HydroPowerPlant,1,,
188,Dion R Holm_2,380,Dion R Holm,HydroPowerPlant,2,,
189,R C Kirkwood_1,382,R C Kirkwood,HydroPowerPlant,1,,
190,R C Kirkwood_2,382,R C Kirkwood,HydroPowerPlant,2,,
191,R C Kirkwood_3,382,R C Kirkwood,HydroPowerPlant,3,,
192,Drop 2 (CA)_1,385,Drop 2 (CA),HydroPowerPlant,1,,
193,Drop 2 (CA)_2,385,Drop 2 (CA),HydroPowerPlant,2,,
194,Drop 3 (CA)_1,386,Drop 3 (CA),HydroPowerPlant,1,,
195,Drop 3 (CA)_2,386,Drop 3 (CA),HydroPowerPlant,2,,
196,Drop 4_1,387,Drop 4,HydroPowerPlant,1,,
197,Drop 4_2,387,Drop 4,HydroPowerPlant,2,,
198,Pilot Knob_1,388,Pilot Knob,HydroPowerPlant,1,,
199,Pilot Knob_2,388,Pilot Knob,HydroPowerPlant,2,,
200,El Centro Hybrid_2,389,El Centro Hybrid,CombinedCycleBlock,1,STM2,SeparateShaftCombustionSteam
201,El Centro Hybrid_2A,389,El Centro Hybrid,CombinedCycleBlock,1,STM2,SeparateShaftCombustionSteam
202,El Centro Hybrid_30,389,El Centro Hybrid,CombinedCycleBlock,2,STM3,DoubleCombustionOneSteam
203,El Centro Hybrid_31,389,El Centro Hybrid,CombinedCycleBlock,2,STM3,DoubleCombustionOneSteam
204,El Centro Hybrid_32,389,El Centro Hybrid,CombinedCycleBlock,2,STM3,DoubleCombustionOneSteam
205,El Centro Hybrid_4,389,El Centro Hybrid,ThermalPowerPlant,1,,
206,El Centro Hybrid_BESS,389,El Centro Hybrid,RenewablePowerPlant,2,,
207,Big Pine Creek_1,391,Big Pine Creek,HydroPowerPlant,1,,
208,Foothill_1,396,Foothill,HydroPowerPlant,1,,
209,Franklin (CA)_1,397,Franklin (CA),HydroPowerPlant,1,,
210,Haiwee_1,398,Haiwee,HydroPowerPlant,1,,
211,Haiwee_2,398,Haiwee,HydroPowerPlant,2,,
212,Harbor_10A,399,Harbor,CombinedCycleBlock,1,CC1,DoubleCombustionOneSteam
213,Harbor_10B,399,Harbor,CombinedCycleBlock,1,CC1,DoubleCombustionOneSteam
214,Harbor_5,399,Harbor,CombinedCycleBlock,1,CC1,DoubleCombustionOneSteam
215,Harbor_GT10,399,Harbor,ThermalPowerPlant,1,,
216,Harbor_GT11,399,Harbor,ThermalPowerPlant,2,,
217,Harbor_GT12,399,Harbor,ThermalPowerPlant,3,,
218,Harbor_GT13,399,Harbor,ThermalPowerPlant,4,,
219,Harbor_GT14,399,Harbor,ThermalPowerPlant,5,,
220,Haynes_1,400,Haynes,ThermalPowerPlant,1,,
221,Haynes_10,400,Haynes,CombinedCycleBlock,1,CC1,DoubleCombustionOneSteam
222,Haynes_11,400,Haynes,ThermalPowerPlant,2,,
223,Haynes_12,400,Haynes,ThermalPowerPlant,3,,
224,Haynes_13,400,Haynes,ThermalPowerPlant,4,,
225,Haynes_14,400,Haynes,ThermalPowerPlant,5,,
226,Haynes_15,400,Haynes,ThermalPowerPlant,6,,
227,Haynes_16,400,Haynes,ThermalPowerPlant,7,,
228,Haynes_2,400,Haynes,ThermalPowerPlant,8,,
229,Haynes_8,400,Haynes,CombinedCycleBlock,1,CC1,DoubleCombustionOneSteam
230,Haynes_9,400,Haynes,CombinedCycleBlock,1,CC1,DoubleCombustionOneSteam
231,Middle Gorge_1,401,Middle Gorge,HydroPowerPlant,1,,
232,San Fernando_1,403,San Fernando,HydroPowerPlant,1,,
233,San Fernando_2,403,San Fernando,HydroPowerPlant,2,,
234,Scattergood_1,404,Scattergood,ThermalPowerPlant,1,,
235,Scattergood_2,404,Scattergood,ThermalPowerPlant,2,,
236,Scattergood_4,404,Scattergood,CombinedCycleBlock,1,CC1,SeparateShaftCombustionSteam
237,Scattergood_5,404,Scattergood,CombinedCycleBlock,1,CC1,SeparateShaftCombustionSteam
238,Scattergood_6,404,Scattergood,ThermalPowerPlant,3,,
239,Scattergood_7,404,Scattergood,ThermalPowerPlant,4,,
240,Upper Gorge_1,407,Upper Gorge,HydroPowerPlant,1,,
241,Valley (CA)_5,408,Valley (CA),ThermalPowerPlant,1,,
242,Valley (CA)_6,408,Valley (CA),CombinedCycleBlock,1,CC1,DoubleCombustionOneSteam
243,Valley (CA)_7,408,Valley (CA),CombinedCycleBlock,1,CC1,DoubleCombustionOneSteam
244,Valley (CA)_8,408,Valley (CA),CombinedCycleBlock,1,CC1,DoubleCombustionOneSteam
245,McSwain_1,410,McSwain,HydroPowerPlant,1,,
246,Chicago Park_2P,412,Chicago Park,HydroPowerPlant,1,,
247,Dutch Flat 2_3P,413,Dutch Flat 2,HydroPowerPlant,1,,
248,Beardsley_1,414,Beardsley,HydroPowerPlant,1,,
249,Donnells_H1,415,Donnells,HydroPowerPlant,1,,
250,Tulloch_1,416,Tulloch,HydroPowerPlant,1,,
251,Tulloch_2,416,Tulloch,HydroPowerPlant,2,,
252,Tulloch_3,416,Tulloch,HydroPowerPlant,3,,
253,Kelly Ridge_1,418,Kelly Ridge,HydroPowerPlant,1,,
254,Glenarm_GT1,422,Glenarm,ThermalPowerPlant,1,,
255,Glenarm_GT2,422,Glenarm,ThermalPowerPlant,2,,
256,Glenarm_GT3,422,Glenarm,ThermalPowerPlant,3,,
257,Glenarm_GT4,422,Glenarm,ThermalPowerPlant,4,,
258,Glenarm_GT5,422,Glenarm,CombinedCycleBlock,1,1,SeparateShaftCombustionSteam
259,Glenarm_ST1,422,Glenarm,CombinedCycleBlock,1,1,SeparateShaftCombustionSteam
260,French Meadows_1,424,French Meadows,HydroPowerPlant,1,,
261,Middle Fork_1,425,Middle Fork,HydroPowerPlant,1,,
262,Middle Fork_2,425,Middle Fork,HydroPowerPlant,2,,
263,Oxbow (CA)_1,426,Oxbow (CA),HydroPowerPlant,1,,
264,Ralston_1,427,Ralston,HydroPowerPlant,1,,
265,Camino_H1,430,Camino,HydroPowerPlant,1,,
266,Camino_H2,430,Camino,HydroPowerPlant,2,,
267,Jaybird_H1,431,Jaybird,HydroPowerPlant,1,,
268,Jaybird_H2,431,Jaybird,HydroPowerPlant,2,,
269,Loon Lake_H1,432,Loon Lake,HydroPowerPlant,1,,
270,Robbs Peak_1,433,Robbs Peak,HydroPowerPlant,1,,
271,Devil Canyon_1,436,Devil Canyon,HydroPowerPlant,1,,
272,Devil Canyon_2,436,Devil Canyon,HydroPowerPlant,2,,
273,Devil Canyon_3,436,Devil Canyon,HydroPowerPlant,3,,
274,Devil Canyon_4,436,Devil Canyon,HydroPowerPlant,4,,
275,Edward C Hyatt_1,437,Edward C Hyatt,HydroPowerPlant,1,,
276,Edward C Hyatt_2,437,Edward C Hyatt,HydroPowerPlant,2,,
277,Edward C Hyatt_3,437,Edward C Hyatt,HydroPowerPlant,3,,
278,Edward C Hyatt_4,437,Edward C Hyatt,HydroPowerPlant,4,,
279,Edward C Hyatt_5,437,Edward C Hyatt,HydroPowerPlant,5,,
280,Edward C Hyatt_6,437,Edward C Hyatt,HydroPowerPlant,6,,
281,Don Pedro_1,439,Don Pedro,HydroPowerPlant,1,,
282,Don Pedro_2,439,Don Pedro,HydroPowerPlant,2,,
283,Don Pedro_3,439,Don Pedro,HydroPowerPlant,3,,
284,Don Pedro_4,439,Don Pedro,HydroPowerPlant,4,,
285,Folsom_1,441,Folsom,HydroPowerPlant,1,,
286,Folsom_2,441,Folsom,HydroPowerPlant,2,,
287,Folsom_3,441,Folsom,HydroPowerPlant,3,,
288,Judge F Carr_1,442,Judge F Carr,HydroPowerPlant,1,,
289,Judge F Carr_2,442,Judge F Carr,HydroPowerPlant,2,,
290,Keswick_1,443,Keswick,HydroPowerPlant,1,,
291,Keswick_2,443,Keswick,HydroPowerPlant,2,,
292,Keswick_3,443,Keswick,HydroPowerPlant,3,,
293,Nimbus_1,444,Nimbus,HydroPowerPlant,1,,
294,Nimbus_2,444,Nimbus,HydroPowerPlant,2,,
295,Shasta_1,445,Shasta,HydroPowerPlant,1,,
296,Shasta_2,445,Shasta,HydroPowerPlant,2,,
297,Shasta_3,445,Shasta,HydroPowerPlant,3,,
298,Shasta_4,445,Shasta,HydroPowerPlant,4,,
299,Shasta_5,445,Shasta,HydroPowerPlant,5,,
300,Shasta_S1,445,Shasta,HydroPowerPlant,6,,
301,Shasta_S2,445,Shasta,HydroPowerPlant,7,,
302,Parker Dam_1,447,Parker Dam,HydroPowerPlant,1,,
303,Parker Dam_2,447,Parker Dam,HydroPowerPlant,2,,
304,Parker Dam_3,447,Parker Dam,HydroPowerPlant,3,,
305,Parker Dam_4,447,Parker Dam,HydroPowerPlant,4,,
306,W R Gianelli_1,448,W R Gianelli,HydroPowerPlant,1,,
307,W R Gianelli_2,448,W R Gianelli,HydroPowerPlant,2,,
308,W R Gianelli_3,448,W R Gianelli,HydroPowerPlant,3,,
309,W R Gianelli_4,448,W R Gianelli,HydroPowerPlant,4,,
310,W R Gianelli_5,448,W R Gianelli,HydroPowerPlant,5,,
311,W R Gianelli_6,448,W R Gianelli,HydroPowerPlant,6,,
312,W R Gianelli_7,448,W R Gianelli,HydroPowerPlant,7,,
313,W R Gianelli_8,448,W R Gianelli,HydroPowerPlant,8,,
314,Spring Creek_1,450,Spring Creek,HydroPowerPlant,1,,
315,Spring Creek_2,450,Spring Creek,HydroPowerPlant,2,,
316,Trinity_1,451,Trinity,HydroPowerPlant,1,,
317,Trinity_2,451,Trinity,HydroPowerPlant,2,,
318,Colgate_1,454,Colgate,HydroPowerPlant,1,,
319,Colgate_2,454,Colgate,HydroPowerPlant,2,,
320,Bear Valley_HC1,457,Bear Valley,HydroPowerPlant,1,,
321,Bear Valley_HC2,457,Bear Valley,HydroPowerPlant,2,,
322,Temescal_1,479,Temescal,HydroPowerPlant,1,,
323,Corona_1,480,Corona,HydroPowerPlant,1,,
324,Perris_1,481,Perris,HydroPowerPlant,1,,
325,Rio Hondo_1,482,Rio Hondo,HydroPowerPlant,1,,
326,Coyote Creek_1,483,Coyote Creek,HydroPowerPlant,1,,
327,Valley View_1,487,Valley View,HydroPowerPlant,1,,
328,Jones Fork_1,534,Jones Fork,HydroPowerPlant,1,,
329,Camanche_1,537,Camanche,HydroPowerPlant,1,,
330,Camanche_2,537,Camanche,HydroPowerPlant,2,,
331,Camanche_3,537,Camanche,HydroPowerPlant,3,,
332,Drop 1_1,585,Drop 1,HydroPowerPlant,1,,
333,Drop 1_2,585,Drop 1,HydroPowerPlant,2,,
334,Drop 1_3,585,Drop 1,HydroPowerPlant,3,,
335,East Highline_1,586,East Highline,HydroPowerPlant,1,,
336,Oak Flat_1,626,Oak Flat,HydroPowerPlant,1,,
337,Newcastle_1,632,Newcastle,HydroPowerPlant,1,,
338,Kerckhoff 2_1,682,Kerckhoff 2,HydroPowerPlant,1,,
339,Etiwanda_1,745,Etiwanda,HydroPowerPlant,1,,
340,Sly Creek_1,776,Sly Creek,HydroPowerPlant,1,,
341,Scott Flat_7P,839,Scott Flat,HydroPowerPlant,1,,
342,Bottle Rock Power_1,902,Bottle Rock Power,ThermalPowerPlant,1,,
343,Alamo_1,905,Alamo,HydroPowerPlant,1,,
344,Walnut_1,4256,Walnut,ThermalPowerPlant,1,,
345,Walnut_2,4256,Walnut,ThermalPowerPlant,2,,
346,Coachella_1,6060,Coachella,ThermalPowerPlant,1,,
347,Coachella_2,6060,Coachella,ThermalPowerPlant,2,,
348,Coachella_3,6060,Coachella,ThermalPowerPlant,3,,
349,Coachella_4,6060,Coachella,ThermalPowerPlant,4,,
350,Diablo Canyon_1,6099,Diablo Canyon,ThermalPowerPlant,1,,
351,Diablo Canyon_2,6099,Diablo Canyon,ThermalPowerPlant,2,,
352,New Melones_1,6158,New Melones,HydroPowerPlant,1,,
353,New Melones_2,6158,New Melones,HydroPowerPlant,2,,
354,W E Warne_1,6196,W E Warne,HydroPowerPlant,1,,
355,W E Warne_2,6196,W E Warne,HydroPowerPlant,2,,
356,Dynegy Oakland Power Plant_GEN1,6211,Dynegy Oakland Power Plant,ThermalPowerPlant,1,,
357,Dynegy Oakland Power Plant_GEN2,6211,Dynegy Oakland Power Plant,ThermalPowerPlant,2,,
358,Dynegy Oakland Power Plant_GEN3,6211,Dynegy Oakland Power Plant,ThermalPowerPlant,3,,
359,Azusa_1,6449,Azusa,HydroPowerPlant,1,,
360,San Francisquito 2_1,6480,San Francisquito 2,HydroPowerPlant,1,,
361,San Francisquito 2_2,6480,San Francisquito 2,HydroPowerPlant,2,,
362,San Francisquito 2_3,6480,San Francisquito 2,HydroPowerPlant,3,,
363,Kings Beach_KB1,6518,Kings Beach,ThermalPowerPlant,1,,
364,Kings Beach_KB2,6518,Kings Beach,ThermalPowerPlant,2,,
365,Kings Beach_KB3,6518,Kings Beach,ThermalPowerPlant,3,,
366,Kings Beach_KB4,6518,Kings Beach,ThermalPowerPlant,4,,
367,Kings Beach_KB5,6518,Kings Beach,ThermalPowerPlant,5,,
368,Kings Beach_KB6,6518,Kings Beach,ThermalPowerPlant,6,,
369,Union Valley_1,6612,Union Valley,HydroPowerPlant,1,,
370,Greg Avenue_1,6643,Greg Avenue,HydroPowerPlant,1,,
371,Lake Mathews_1,6644,Lake Mathews,HydroPowerPlant,1,,
372,Foothill Feeder_1,6645,Foothill Feeder,HydroPowerPlant,1,,
373,Foothill Feeder_2,6645,Foothill Feeder,HydroPowerPlant,2,,
374,San Dimas_1,6646,San Dimas,HydroPowerPlant,1,,
375,Yorba Linda_1,6647,Yorba Linda,HydroPowerPlant,1,,
376,Stampede_1,7066,Stampede,HydroPowerPlant,1,,
377,Stampede_2,7066,Stampede,HydroPowerPlant,2,,
378,Mojave Siphon_1,7072,Mojave Siphon,HydroPowerPlant,1,,
379,Mojave Siphon_2,7072,Mojave Siphon,HydroPowerPlant,2,,
380,Mojave Siphon_3,7072,Mojave Siphon,HydroPowerPlant,3,,
381,Thermalito Diverson Dam_TD1,7129,Thermalito Diverson Dam,HydroPowerPlant,1,,
382,Mill Creek 3_3,7147,Mill Creek 3,HydroPowerPlant,1,,
383,Mill Creek 3_4,7147,Mill Creek 3,HydroPowerPlant,2,,
384,Mill Creek 3_5,7147,Mill Creek 3,HydroPowerPlant,3,,
385,Stony Gorge_1,7151,Stony Gorge,HydroPowerPlant,1,,
386,Stony Gorge_2,7151,Stony Gorge,HydroPowerPlant,2,,
387,Whiskeytown_1,7189,Whiskeytown,HydroPowerPlant,1,,
388,Santa Clara Cogen_1,7232,Santa Clara Cogen,ThermalPowerPlant,1,,
389,Santa Clara Cogen_2,7232,Santa Clara Cogen,ThermalPowerPlant,2,,
390,Woodland_2,7266,Woodland,CombinedCycleBlock,1,CC1,SeparateShaftCombustionSteam
391,Woodland_3,7266,Woodland,CombinedCycleBlock,1,CC1,SeparateShaftCombustionSteam
392,Woodland_3A,7266,Woodland,ThermalPowerPlant,1,,
393,Woodland_3B,7266,Woodland,ThermalPowerPlant,2,,
394,Woodland_3C,7266,Woodland,ThermalPowerPlant,3,,
395,Woodland_3D,7266,Woodland,ThermalPowerPlant,4,,
396,Woodland_3E,7266,Woodland,ThermalPowerPlant,5,,
397,Woodland_3F,7266,Woodland,ThermalPowerPlant,6,,
398,Woodland_NA1,7266,Woodland,ThermalPowerPlant,7,,
399,Redding Power_1,7307,Redding Power,ThermalPowerPlant,1,,
400,Redding Power_2,7307,Redding Power,ThermalPowerPlant,2,,
401,Redding Power_3,7307,Redding Power,ThermalPowerPlant,3,,
402,Redding Power_4,7307,Redding Power,CombinedCycleBlock,1,101,DoubleCombustionOneSteam
403,Redding Power_5,7307,Redding Power,CombinedCycleBlock,1,101,DoubleCombustionOneSteam
404,Redding Power_6,7307,Redding Power,CombinedCycleBlock,1,101,DoubleCombustionOneSteam
405,Grizzly_NA1,7338,Grizzly,HydroPowerPlant,1,,
406,Geothermal 1_1,7368,Geothermal 1,ThermalPowerPlant,1,,
407,Geothermal 1_2,7368,Geothermal 1,ThermalPowerPlant,2,,
408,Vernon_JH1,7436,Vernon,ThermalPowerPlant,1,,
409,Vernon_JH2,7436,Vernon,ThermalPowerPlant,2,,
410,Vernon_JH3,7436,Vernon,ThermalPowerPlant,3,,
411,Vernon_JH4,7436,Vernon,ThermalPowerPlant,4,,
412,Vernon_JH5,7436,Vernon,ThermalPowerPlant,5,,
413,Combustion Turbine Project No 2_NA1,7449,Combustion Turbine Project No 2,ThermalPowerPlant,1,,
414,Alameda_1,7450,Alameda,ThermalPowerPlant,1,,
415,Alameda_2,7450,Alameda,ThermalPowerPlant,2,,
416,Deadwood Creek_1,7507,Deadwood Creek,HydroPowerPlant,1,,
417,Solano Wind_1,7526,Solano Wind,RenewablePowerPlant,1,,
418,Solano Wind_2,7526,Solano Wind,RenewablePowerPlant,2,,
419,Solano Wind_2B,7526,Solano Wind,RenewablePowerPlant,3,,
420,Solano Wind_3,7526,Solano Wind,RenewablePowerPlant,4,,
421,SCA Cogen 2_CCST,7551,SCA Cogen 2,CombinedCycleBlock,1,CCC1,DoubleCombustionOneSteam
422,SCA Cogen 2_CT1A,7551,SCA Cogen 2,CombinedCycleBlock,1,CCC1,DoubleCombustionOneSteam
423,SCA Cogen 2_CT1B,7551,SCA Cogen 2,CombinedCycleBlock,1,CCC1,DoubleCombustionOneSteam
424,SCA Cogen 2_CT1C,7551,SCA Cogen 2,ThermalPowerPlant,1,,
425,SPA Cogen 3_CCCT,7552,SPA Cogen 3,CombinedCycleBlock,1,CCC1,SeparateShaftCombustionSteam
426,SPA Cogen 3_CCST,7552,SPA Cogen 3,CombinedCycleBlock,1,CCC1,SeparateShaftCombustionSteam
427,Rockwood_1,7824,Rockwood,ThermalPowerPlant,1,,
428,Rockwood_2,7824,Rockwood,ThermalPowerPlant,2,,
429,Pine Flat_1,7907,Pine Flat,HydroPowerPlant,1,,
430,Pine Flat_2,7907,Pine Flat,HydroPowerPlant,2,,
431,Pine Flat_3,7907,Pine Flat,HydroPowerPlant,3,,
432,Kern Canyon_1,7911,Kern Canyon,HydroPowerPlant,1,,
433,Diamond Valley Lake_10,7942,Diamond Valley Lake,HydroPowerPlant,1,,
434,Diamond Valley Lake_11,7942,Diamond Valley Lake,HydroPowerPlant,2,,
435,Diamond Valley Lake_12,7942,Diamond Valley Lake,HydroPowerPlant,3,,
436,Diamond Valley Lake_2,7942,Diamond Valley Lake,HydroPowerPlant,4,,
437,Diamond Valley Lake_3,7942,Diamond Valley Lake,HydroPowerPlant,5,,
438,Diamond Valley Lake_4,7942,Diamond Valley Lake,HydroPowerPlant,6,,
439,Diamond Valley Lake_6,7942,Diamond Valley Lake,HydroPowerPlant,7,,
440,Diamond Valley Lake_7,7942,Diamond Valley Lake,HydroPowerPlant,8,,
441,Diamond Valley Lake_8,7942,Diamond Valley Lake,HydroPowerPlant,9,,
442,Lake One_L1,7987,Lake One,ThermalPowerPlant,1,,
443,Ellwood_1,8076,Ellwood,ThermalPowerPlant,1,,
444,Dinosaur Point_WTGS,10005,Dinosaur Point,RenewablePowerPlant,1,,
445,Encina Water Pollution Control_EG10,10026,Encina Water Pollution Control,ThermalPowerPlant,1,,
446,Encina Water Pollution Control_EG20,10026,Encina Water Pollution Control,ThermalPowerPlant,2,,
447,Encina Water Pollution Control_EG30,10026,Encina Water Pollution Control,ThermalPowerPlant,3,,
448,Encina Water Pollution Control_EG40,10026,Encina Water Pollution Control,ThermalPowerPlant,4,,
449,Gilroy Power Plant_GEN1,10034,Gilroy Power Plant,CombinedCycleBlock,1,CC1,SeparateShaftCombustionSteam
450,Gilroy Power Plant_GEN2,10034,Gilroy Power Plant,CombinedCycleBlock,1,CC1,SeparateShaftCombustionSteam
451,Kaweah Delta District Hospital_KDHT1,10042,Kaweah Delta District Hospital,ThermalPowerPlant,1,,
452,Fairhaven Power_GEN1,10052,Fairhaven Power,ThermalPowerPlant,1,,
453,Total Energy Facilities_G2,10091,Total Energy Facilities,CombinedCycleBlock,1,CC1,TripleCombustionOneSteam
454,Total Energy Facilities_G3,10091,Total Energy Facilities,CombinedCycleBlock,1,CC1,TripleCombustionOneSteam
455,Total Energy Facilities_GEN1,10091,Total Energy Facilities,CombinedCycleBlock,1,CC1,TripleCombustionOneSteam
456,Total Energy Facilities_GEN4,10091,Total Energy Facilities,CombinedCycleBlock,1,CC1,TripleCombustionOneSteam
457,Frito-Lay Cogen Plant_GEN1,10110,Frito-Lay Cogen Plant,ThermalPowerPlant,1,,
458,Grossmont Hospital_GEN3,10115,Grossmont Hospital,ThermalPowerPlant,1,,
459,Gosselin Hydro Plant_GEN1,10128,Gosselin Hydro Plant,HydroPowerPlant,1,,
460,Gosselin Hydro Plant_GEN2,10128,Gosselin Hydro Plant,HydroPowerPlant,2,,
461,Isabella Hydro Project_GEN1,10139,Isabella Hydro Project,HydroPowerPlant,1,,
462,Isabella Hydro Project_GEN2,10139,Isabella Hydro Project,HydroPowerPlant,2,,
463,Sierra Pacific Lincoln Facility_GEN4,10144,Sierra Pacific Lincoln Facility,ThermalPowerPlant,1,,
464,Carson Cogeneration_GEN1,10169,Carson Cogeneration,CombinedCycleBlock,1,CC1,SeparateShaftCombustionSteam
465,Carson Cogeneration_GEN2,10169,Carson Cogeneration,CombinedCycleBlock,1,CC1,SeparateShaftCombustionSteam
466,Childrens Hospital_1711,10175,Childrens Hospital,ThermalPowerPlant,1,,
467,Childrens Hospital_5083,10175,Childrens Hospital,ThermalPowerPlant,2,,
468,Childrens Hospital_5084,10175,Childrens Hospital,ThermalPowerPlant,3,,
469,Childrens Hospital_5085,10175,Childrens Hospital,ThermalPowerPlant,4,,
470,Tehachapi Wind Resource I_EXIS,10191,Tehachapi Wind Resource I,RenewablePowerPlant,1,,
471,Loma Linda University Cogen_GEN1,10206,Loma Linda University Cogen,ThermalPowerPlant,1,,
472,Loma Linda University Cogen_GEN2,10206,Loma Linda University Cogen,ThermalPowerPlant,2,,
473,El Segundo Cogen_GEN1,10213,El Segundo Cogen,CombinedCycleBlock,1,CC1,Other
474,El Segundo Cogen_GEN2,10213,El Segundo Cogen,CombinedCycleBlock,1,CC1,Other
475,El Segundo Cogen_GEN5,10213,El Segundo Cogen,CombinedCycleBlock,1,CC1,Other
476,El Segundo Cogen_GEN6,10213,El Segundo Cogen,CombinedCycleBlock,1,CC1,Other
477,El Segundo Cogen_GEN7,10213,El Segundo Cogen,CombinedCycleBlock,1,CC1,Other
478,El Segundo Cogen_GEN8,10213,El Segundo Cogen,CombinedCycleBlock,1,CC1,Other
479,Big Valley Power LLC_IS27,10288,Big Valley Power LLC,ThermalPowerPlant,1,,
480,King City Power Plant_GTG,10294,King City Power Plant,CombinedCycleBlock,1,CC01,SeparateShaftCombustionSteam
481,King City Power Plant_STG,10294,King City Power Plant,CombinedCycleBlock,1,CC01,SeparateShaftCombustionSteam
482,Desert View Power_GEN1,10300,Desert View Power,ThermalPowerPlant,1,,
483,Greenleaf 2 Power Plant_GEN1,10349,Greenleaf 2 Power Plant,ThermalPowerPlant,1,,
484,Sycamore Energy LLC_1A,10387,Sycamore Energy LLC,ThermalPowerPlant,1,,
485,Sycamore Energy LLC_2A,10387,Sycamore Energy LLC,ThermalPowerPlant,2,,
486,Sycamore Energy LLC_3,10387,Sycamore Energy LLC,ThermalPowerPlant,3,,
487,Kingsburg Cogen_GEN1,10405,Kingsburg Cogen,CombinedCycleBlock,1,CC1,SeparateShaftCombustionSteam
488,Kingsburg Cogen_GEN2,10405,Kingsburg Cogen,CombinedCycleBlock,1,CC1,SeparateShaftCombustionSteam
489,New-Indy Ontario Mill_GEN2,10427,New-Indy Ontario Mill,ThermalPowerPlant,1,,
490,New-Indy Ontario Mill_GEN3,10427,New-Indy Ontario Mill,ThermalPowerPlant,2,,
491,Sunray 2_SUN2,10437,Sunray 2,RenewablePowerPlant,1,,
492,Sunray 3_SUN3,10438,Sunray 3,RenewablePowerPlant,1,,
493,SEGS III_GEN1,10439,SEGS III,RenewablePowerPlant,1,,
494,SEGS IV_GEN1,10440,SEGS IV,RenewablePowerPlant,1,,
495,SEGS V_GEN1,10441,SEGS V,RenewablePowerPlant,1,,
496,SEGS VI_GEN1,10442,SEGS VI,RenewablePowerPlant,1,,
497,SEGS VII_GEN1,10443,SEGS VII,RenewablePowerPlant,1,,
498,SEGS VIII_GEN1,10444,SEGS VIII,RenewablePowerPlant,1,,
499,SEGS IX_GEN1,10446,SEGS IX,RenewablePowerPlant,1,,
500,Muck Valley Hydroelectric_GEN1,10458,Muck Valley Hydroelectric,HydroPowerPlant,1,,
501,Puente Hills Energy Recovery_GEN1,10472,Puente Hills Energy Recovery,ThermalPowerPlant,1,,
502,Ples I_T101,10479,Ples I,ThermalPowerPlant,1,,
503,Ples I_T102,10479,Ples I,ThermalPowerPlant,2,,
504,Ples I_T103,10479,Ples I,ThermalPowerPlant,3,,
505,Mammoth Pacific I_GEN1,10480,Mammoth Pacific I,ThermalPowerPlant,1,,
506,Mammoth Pacific I_GEN2,10480,Mammoth Pacific I,ThermalPowerPlant,2,,
507,Mammoth Pacific II_1,10481,Mammoth Pacific II,ThermalPowerPlant,1,,
508,Mammoth Pacific II_2,10481,Mammoth Pacific II,ThermalPowerPlant,2,,
509,Mammoth Pacific II_3,10481,Mammoth Pacific II,ThermalPowerPlant,3,,
510,Kern River Cogeneration_GTAG,10496,Kern River Cogeneration,ThermalPowerPlant,1,,
511,Kern River Cogeneration_GTBG,10496,Kern River Cogeneration,ThermalPowerPlant,2,,
512,Kern River Cogeneration_GTCG,10496,Kern River Cogeneration,ThermalPowerPlant,3,,
513,Kern River Cogeneration_GTDG,10496,Kern River Cogeneration,ThermalPowerPlant,4,,
514,Mid-Set Cogeneration_K100,10501,Mid-Set Cogeneration,ThermalPowerPlant,1,,
515,San Jose Cogeneration_GEN1,10548,San Jose Cogeneration,ThermalPowerPlant,1,,
516,Cameron Ridge LLC_EXIS,10586,Cameron Ridge LLC,RenewablePowerPlant,1,,
517,Ridgetop Energy LLC_WGN1,10597,Ridgetop Energy LLC,RenewablePowerPlant,1,,
518,Tesoro Wilmington Calciner_GEN1,10601,Tesoro Wilmington Calciner,ThermalPowerPlant,1,,
519,Civic Center_GEN1,10623,Civic Center,CombinedCycleBlock,1,CC1,SeparateShaftCombustionSteam
520,Civic Center_GEN2,10623,Civic Center,CombinedCycleBlock,1,CC1,SeparateShaftCombustionSteam
521,CE Leathers_GEN1,10631,CE Leathers,ThermalPowerPlant,1,,
522,Del Ranch Company_GEN1,10632,Del Ranch Company,ThermalPowerPlant,1,,
523,Elmore Company_GEN1,10634,Elmore Company,ThermalPowerPlant,1,,
524,Collins Pine Project_GEN4,10661,Collins Pine Project,ThermalPowerPlant,1,,
525,CES Placerita Power Plant_UNT2,10677,CES Placerita Power Plant,CombinedCycleBlock,1,CESP,SeparateShaftCombustionSteam
526,CES Placerita Power Plant_UNT3,10677,CES Placerita Power Plant,CombinedCycleBlock,1,CESP,SeparateShaftCombustionSteam
527,Argus Cogen Plant_TG8,10684,Argus Cogen Plant,ThermalPowerPlant,1,,
528,Argus Cogen Plant_TG9,10684,Argus Cogen Plant,ThermalPowerPlant,2,,
529,Westend Facility_PINA,10685,Westend Facility,ThermalPowerPlant,1,,
530,Lost Creek I_GEN1,10708,Lost Creek I,HydroPowerPlant,1,,
531,Ponderosa Bailey Creek_GEN1,10709,Ponderosa Bailey Creek,HydroPowerPlant,1,,
532,Karen Avenue Wind Farm_WND,10718,Karen Avenue Wind Farm,RenewablePowerPlant,1,,
533,Marina Landfill Gas_U1C06,10748,Marina Landfill Gas,ThermalPowerPlant,1,,
534,Marina Landfill Gas_U2J02,10748,Marina Landfill Gas,ThermalPowerPlant,2,,
535,Marina Landfill Gas_U3J17,10748,Marina Landfill Gas,ThermalPowerPlant,3,,
536,Marina Landfill Gas_U4J16,10748,Marina Landfill Gas,ThermalPowerPlant,4,,
537,Salton Sea Power Gen Co - Unit 3_GEN1,10759,Salton Sea Power Gen Co - Unit 3,ThermalPowerPlant,1,,
538,Geo East Mesa III_GBU,10763,Geo East Mesa III,ThermalPowerPlant,1,,
539,Geo East Mesa III_GEN1,10763,Geo East Mesa III,ThermalPowerPlant,2,,
540,Blue Lake Power LLC_GEN1,10764,Blue Lake Power LLC,ThermalPowerPlant,1,,
541,Rio Bravo Fresno_GEN1,10767,Rio Bravo Fresno,ThermalPowerPlant,1,,
542,E F Oxnard Energy Facility_GTG,10776,E F Oxnard Energy Facility,ThermalPowerPlant,1,,
543,HL Power_GEN1,10777,HL Power,ThermalPowerPlant,1,,
544,Woodland Biomass Power Ltd_GEN1,10836,Woodland Biomass Power Ltd,ThermalPowerPlant,1,,
545,Covanta Mendota_GEN1,10837,Covanta Mendota,ThermalPowerPlant,1,,
546,Covanta Delano Energy_GEN1,10840,Covanta Delano Energy,ThermalPowerPlant,1,,
547,Covanta Delano Energy_GEN2,10840,Covanta Delano Energy,ThermalPowerPlant,2,,
548,Coso Finance Partners_GEN1,10873,Coso Finance Partners,ThermalPowerPlant,1,,
549,Coso Finance Partners_GEN2,10873,Coso Finance Partners,ThermalPowerPlant,2,,
550,Coso Finance Partners_GEN3,10873,Coso Finance Partners,ThermalPowerPlant,3,,
551,Coso Power Developers_GEN4,10874,Coso Power Developers,ThermalPowerPlant,1,,
552,Coso Power Developers_GEN5,10874,Coso Power Developers,ThermalPowerPlant,2,,
553,Coso Power Developers_GEN6,10874,Coso Power Developers,ThermalPowerPlant,3,,
554,Coso Energy Developers_GEN7,10875,Coso Energy Developers,ThermalPowerPlant,1,,
555,Coso Energy Developers_GEN8,10875,Coso Energy Developers,ThermalPowerPlant,2,,
556,Coso Energy Developers_GEN9,10875,Coso Energy Developers,ThermalPowerPlant,3,,
557,Bidwell Ditch Project_GEN1,10880,Bidwell Ditch Project,HydroPowerPlant,1,,
558,Olive View Medical Center_CTC1,10884,Olive View Medical Center,ThermalPowerPlant,1,,
559,Olive View Medical Center_CTC2,10884,Olive View Medical Center,ThermalPowerPlant,2,,
560,Chalk Cliff Limited_GEN1,50003,Chalk Cliff Limited,ThermalPowerPlant,1,,
561,Rio Bravo Hydro Project_UNT2,50037,Rio Bravo Hydro Project,HydroPowerPlant,1,,
562,Humboldt Sawmill Company_GEN1,50049,Humboldt Sawmill Company,ThermalPowerPlant,1,,
563,Humboldt Sawmill Company_GEN2,50049,Humboldt Sawmill Company,ThermalPowerPlant,2,,
564,Humboldt Sawmill Company_GEN3,50049,Humboldt Sawmill Company,ThermalPowerPlant,3,,
565,San Diego State University_GEN2,50061,San Diego State University,CombinedCycleBlock,1,CC1,DoubleCombustionOneSteam
566,San Diego State University_GEN3,50061,San Diego State University,CombinedCycleBlock,1,CC1,DoubleCombustionOneSteam
567,San Diego State University_GEN4,50061,San Diego State University,CombinedCycleBlock,1,CC1,DoubleCombustionOneSteam
568,San Diego State University_GEN5,50061,San Diego State University,RenewablePowerPlant,1,,
569,San Diego State University_GEN6,50061,San Diego State University,RenewablePowerPlant,2,,
570,San Diego State University_GEN7,50061,San Diego State University,RenewablePowerPlant,3,,
571,San Diego State University_GEN8,50061,San Diego State University,RenewablePowerPlant,4,,
572,Santa Felicia Dam_UNT1,50076,Santa Felicia Dam,HydroPowerPlant,1,,
573,Santa Felicia Dam_UNT2,50076,Santa Felicia Dam,HydroPowerPlant,2,,
574,Univ of San Francisco Cogen_S-17,50089,Univ of San Francisco Cogen,ThermalPowerPlant,1,,
575,US Borax_GEN1,50115,US Borax,ThermalPowerPlant,1,,
576,Phillips 66 Rodeo Refinery_GENA,50119,Phillips 66 Rodeo Refinery,ThermalPowerPlant,1,,
577,Phillips 66 Rodeo Refinery_GENB,50119,Phillips 66 Rodeo Refinery,ThermalPowerPlant,2,,
578,Phillips 66 Rodeo Refinery_GENC,50119,Phillips 66 Rodeo Refinery,ThermalPowerPlant,3,,
579,Coalinga Cogeneration_K100,50131,Coalinga Cogeneration,ThermalPowerPlant,1,,
580,Sycamore Cogeneration_GTAG,50134,Sycamore Cogeneration,ThermalPowerPlant,1,,
581,Sycamore Cogeneration_GTBG,50134,Sycamore Cogeneration,ThermalPowerPlant,2,,
582,Sycamore Cogeneration_GTCG,50134,Sycamore Cogeneration,ThermalPowerPlant,3,,
583,Sycamore Cogeneration_GTDG,50134,Sycamore Cogeneration,ThermalPowerPlant,4,,
584,R E Badger Filtration Plant_1,50147,R E Badger Filtration Plant,HydroPowerPlant,1,,
585,Bear Creek_GEN1,50156,Bear Creek,HydroPowerPlant,1,,
586,Berry Cogen_GEN1,50170,Berry Cogen,ThermalPowerPlant,1,,
587,Box Canyon Dam_GEN1,50179,Box Canyon Dam,HydroPowerPlant,1,,
588,Box Canyon Dam_GEN2,50179,Box Canyon Dam,HydroPowerPlant,2,,
589,Olsen_GEN1,50180,Olsen,HydroPowerPlant,1,,
590,B Braun Medical_GEN1,50200,B Braun Medical,ThermalPowerPlant,1,,
591,B Braun Medical_GEN2,50200,B Braun Medical,ThermalPowerPlant,2,,
592,Vulcan-BN Geothermal Power Company_GEN1,50210,Vulcan-BN Geothermal Power Company,ThermalPowerPlant,1,,
593,Vulcan-BN Geothermal Power Company_GEN2,50210,Vulcan-BN Geothermal Power Company,ThermalPowerPlant,2,,
594,Watson Cogeneration_GN91,50216,Watson Cogeneration,CombinedCycleBlock,1,CC1,Other
595,Watson Cogeneration_GN92,50216,Watson Cogeneration,CombinedCycleBlock,1,CC1,Other
596,Watson Cogeneration_GN93,50216,Watson Cogeneration,CombinedCycleBlock,1,CC1,Other
597,Watson Cogeneration_GN94,50216,Watson Cogeneration,CombinedCycleBlock,1,CC1,Other
598,Watson Cogeneration_GN95,50216,Watson Cogeneration,CombinedCycleBlock,1,CC1,Other
599,Watson Cogeneration_GN96,50216,Watson Cogeneration,CombinedCycleBlock,1,CC1,Other
600,Woodward Power Plant_U1,50218,Woodward Power Plant,HydroPowerPlant,1,,
601,Nelson Creek_1296,50223,Nelson Creek,HydroPowerPlant,1,,
602,Oxnard Wastewater Treatment Plant_7610,50224,Oxnard Wastewater Treatment Plant,ThermalPowerPlant,1,,
603,Oxnard Wastewater Treatment Plant_7710,50224,Oxnard Wastewater Treatment Plant,ThermalPowerPlant,2,,
604,Oxnard Wastewater Treatment Plant_7810,50224,Oxnard Wastewater Treatment Plant,ThermalPowerPlant,3,,
605,San Antonio Regional Hospital_2074,50234,San Antonio Regional Hospital,ThermalPowerPlant,1,,
606,San Antonio Regional Hospital_2075,50234,San Antonio Regional Hospital,ThermalPowerPlant,2,,
607,San Antonio Regional Hospital_2076,50234,San Antonio Regional Hospital,ThermalPowerPlant,3,,
608,Wintec Energy Ltd_EXIS,50276,Wintec Energy Ltd,RenewablePowerPlant,1,,
609,San Gorgonio Farms Wind Farm_WGEN,50281,San Gorgonio Farms Wind Farm,RenewablePowerPlant,1,,
610,Wadham Energy LP_GEN1,50293,Wadham Energy LP,ThermalPowerPlant,1,,
611,VESI Pomona_BESS1,50300,VESI Pomona,RenewablePowerPlant,1,,
612,Mesquite Lake Energy Park Plant 2_L313,50363,Mesquite Lake Energy Park Plant 2,ThermalPowerPlant,1,,
613,East Portal Generator_GEN1,50375,East Portal Generator,HydroPowerPlant,1,,
614,Windland_WING,50386,Windland,RenewablePowerPlant,1,,
615,Phillips 66 Carbon Plant_GEN1,50388,Phillips 66 Carbon Plant,ThermalPowerPlant,1,,
616,Friant Hydro Facility_FR1,50393,Friant Hydro Facility,HydroPowerPlant,1,,
617,Friant Hydro Facility_M1,50393,Friant Hydro Facility,HydroPowerPlant,2,,
618,Friant Hydro Facility_RO1,50393,Friant Hydro Facility,HydroPowerPlant,3,,
619,Friant Hydro Facility_RO2,50393,Friant Hydro Facility,HydroPowerPlant,4,,
620,Sand Bar Power Plant_GEN1,50400,Sand Bar Power Plant,HydroPowerPlant,1,,
621,Oxnard_GEN1,50464,Oxnard,ThermalPowerPlant,1,,
622,Oxnard_GEN2,50464,Oxnard,ThermalPowerPlant,2,,
623,Altech III_GEN1,50485,Altech III,RenewablePowerPlant,1,,
624,Altech III_GEN2,50485,Altech III,RenewablePowerPlant,2,,
625,Gas Utilization Facility_1,50492,Gas Utilization Facility,ThermalPowerPlant,1,,
626,Gas Utilization Facility_2,50492,Gas Utilization Facility,ThermalPowerPlant,2,,
627,Gas Utilization Facility_3,50492,Gas Utilization Facility,HydroPowerPlant,3,,
628,Double C Generation Limited Partnership_DC1,50493,Double C Generation Limited Partnership,ThermalPowerPlant,1,,
629,Double C Generation Limited Partnership_DC2,50493,Double C Generation Limited Partnership,ThermalPowerPlant,2,,
630,Kern Front Limited_KF1,50494,Kern Front Limited,ThermalPowerPlant,1,,
631,Kern Front Limited_KF2,50494,Kern Front Limited,ThermalPowerPlant,2,,
632,High Sierra Limited_HS1,50495,High Sierra Limited,ThermalPowerPlant,1,,
633,High Sierra Limited_HS2,50495,High Sierra Limited,ThermalPowerPlant,2,,
634,Equilon Los Angeles Refining_GEN1,50530,Equilon Los Angeles Refining,ThermalPowerPlant,1,,
635,Equilon Los Angeles Refining_GEN2,50530,Equilon Los Angeles Refining,ThermalPowerPlant,2,,
636,Equilon Los Angeles Refining_GEN3,50530,Equilon Los Angeles Refining,ThermalPowerPlant,3,,
637,Victory Garden (Tehachapi)_15SLE,50532,Victory Garden (Tehachapi),RenewablePowerPlant,1,,
638,Victory Garden (Tehachapi)_WGNS,50532,Victory Garden (Tehachapi),RenewablePowerPlant,2,,
639,Mesa Wind Power Corp_WGNS,50535,Mesa Wind Power Corp,RenewablePowerPlant,1,,
640,Sky River LLC_WGNS,50536,Sky River LLC,RenewablePowerPlant,1,,
641,SRI International Cogen Project_GEN1,50537,SRI International Cogen Project,ThermalPowerPlant,1,,
642,BP Carson Refinery_GEN2,50540,BP Carson Refinery,ThermalPowerPlant,1,,
643,Harbor Cogen_GEN1,50541,Harbor Cogen,CombinedCycleBlock,1,HCCC,Other
644,Harbor Cogen_ST1,50541,Harbor Cogen,CombinedCycleBlock,1,HCCC,Other
645,Harbor Cogen_ST2,50541,Harbor Cogen,CombinedCycleBlock,1,HCCC,Other
646,GPS Cabazon Wind LLC_WGNS,50552,GPS Cabazon Wind LLC,RenewablePowerPlant,1,,
647,Edom Hills Project 1 LLC_1,50553,Edom Hills Project 1 LLC,RenewablePowerPlant,1,,
648,Pacific-Ultrapower Chinese Station_GEN1,50560,Pacific-Ultrapower Chinese Station,ThermalPowerPlant,1,,
649,Altamont Gas Recovery_GEN1,50571,Altamont Gas Recovery,ThermalPowerPlant,1,,
650,Altamont Gas Recovery_GEN2,50571,Altamont Gas Recovery,ThermalPowerPlant,2,,
651,Saint Johns Health Center_1,50610,Saint Johns Health Center,ThermalPowerPlant,1,,
652,McKittrick Limited_GEN1,50612,McKittrick Limited,ThermalPowerPlant,1,,
653,Berry Cogen Tanne Hills 18_GEN1,50622,Berry Cogen Tanne Hills 18,ThermalPowerPlant,1,,
654,Berry Cogen Tanne Hills 18_GEN2,50622,Berry Cogen Tanne Hills 18,ThermalPowerPlant,2,,
655,Gaviota Oil Plant_GENA,50623,Gaviota Oil Plant,ThermalPowerPlant,1,,
656,Gaviota Oil Plant_GENB,50623,Gaviota Oil Plant,ThermalPowerPlant,2,,
657,Gaviota Oil Plant_GENC,50623,Gaviota Oil Plant,ThermalPowerPlant,3,,
658,Gaviota Oil Plant_GEND,50623,Gaviota Oil Plant,ThermalPowerPlant,4,,
659,Torrance Refining Company LLC_EXP1,50624,"Torrance Refining Company, LLC",ThermalPowerPlant,1,,
660,Torrance Refining Company LLC_GTG1,50624,"Torrance Refining Company, LLC",ThermalPowerPlant,2,,
661,Torrance Refining Company LLC_STG1,50624,"Torrance Refining Company, LLC",ThermalPowerPlant,3,,
662,Covanta Stanislaus Energy_GEN1,50632,Covanta Stanislaus Energy,ThermalPowerPlant,1,,
663,Municipal Cogen Plant_GEN1A,50674,Municipal Cogen Plant,ThermalPowerPlant,1,,
664,San Gorgonio Westwinds II LLC_GEN1,50690,San Gorgonio Westwinds II LLC,RenewablePowerPlant,1,,
665,Plant No 1 Orange County_GEN1,50696,Plant No 1 Orange County,ThermalPowerPlant,1,,
666,Plant No 1 Orange County_GEN2,50696,Plant No 1 Orange County,ThermalPowerPlant,2,,
667,Plant No 1 Orange County_GEN3,50696,Plant No 1 Orange County,ThermalPowerPlant,3,,
668,Agnews Power Plant_GEN1,50748,Agnews Power Plant,CombinedCycleBlock,1,CC1,SeparateShaftCombustionSteam
669,Agnews Power Plant_GEN2,50748,Agnews Power Plant,CombinedCycleBlock,1,CC1,SeparateShaftCombustionSteam
670,Coalinga Cogeneration Facility_GEN1,50750,Coalinga Cogeneration Facility,ThermalPowerPlant,1,,
671,Coalinga Cogeneration Facility_GEN2,50750,Coalinga Cogeneration Facility,ThermalPowerPlant,2,,
672,Southeast Kern River Cogen_GTG1,50751,Southeast Kern River Cogen,ThermalPowerPlant,1,,
673,Southeast Kern River Cogen_GTG2,50751,Southeast Kern River Cogen,ThermalPowerPlant,2,,
674,Southeast Kern River Cogen_GTG3,50751,Southeast Kern River Cogen,ThermalPowerPlant,3,,
675,South Belridge Cogeneration Facility_GEN1,50752,South Belridge Cogeneration Facility,ThermalPowerPlant,1,,
676,South Belridge Cogeneration Facility_GEN2,50752,South Belridge Cogeneration Facility,ThermalPowerPlant,2,,
677,South Belridge Cogeneration Facility_GEN3,50752,South Belridge Cogeneration Facility,ThermalPowerPlant,3,,
678,Oak Creek Energy Systems I_GEN1,50754,Oak Creek Energy Systems I,RenewablePowerPlant,1,,
679,Oak Creek Energy Systems I_GEN2,50754,Oak Creek Energy Systems I,RenewablePowerPlant,2,,
680,Oak Creek Energy Systems I_GEN3,50754,Oak Creek Energy Systems I,RenewablePowerPlant,3,,
681,Oak Creek Energy Systems I_GEN4,50754,Oak Creek Energy Systems I,RenewablePowerPlant,4,,
682,East Winds Project_GEN1,50820,East Winds Project,RenewablePowerPlant,1,,
683,Mojave 16_GEN1,50821,Mojave 16,RenewablePowerPlant,1,,
684,Mojave 18_GEN1,50823,Mojave 18,RenewablePowerPlant,1,,
685,Nove Power Plant_GEN1,50831,Nove Power Plant,ThermalPowerPlant,1,,
686,Nove Power Plant_GEN2,50831,Nove Power Plant,ThermalPowerPlant,2,,
687,Nove Power Plant_GEN3,50831,Nove Power Plant,ThermalPowerPlant,3,,
688,PE Berkeley_GEN1,50849,PE Berkeley,CombinedCycleBlock,1,CC1,SeparateShaftCombustionSteam
689,PE Berkeley_GEN2,50849,PE Berkeley,CombinedCycleBlock,1,CC1,SeparateShaftCombustionSteam
690,OLS Energy Chino_GEN1,50850,OLS Energy Chino,CombinedCycleBlock,1,CC1,SeparateShaftCombustionSteam
691,OLS Energy Chino_GEN2,50850,OLS Energy Chino,CombinedCycleBlock,1,CC1,SeparateShaftCombustionSteam
692,CSUCI Site Authority_GEN1,50851,CSUCI Site Authority,CombinedCycleBlock,1,CC1,SeparateShaftCombustionSteam
693,CSUCI Site Authority_GEN2,50851,CSUCI Site Authority,CombinedCycleBlock,1,CC1,SeparateShaftCombustionSteam
694,Salinas River Cogeneration_K100,50865,Salinas River Cogeneration,ThermalPowerPlant,1,,
695,Slate Creek_GEN1,50961,Slate Creek,HydroPowerPlant,1,,
696,Naval Hospital Medical Center_4TG,50963,Naval Hospital Medical Center,ThermalPowerPlant,1,,
697,Amedee Geothermal Venture I_IND,50964,Amedee Geothermal Venture I,ThermalPowerPlant,1,,
698,Amedee Geothermal Venture I_SYN,50964,Amedee Geothermal Venture I,ThermalPowerPlant,2,,
699,Solano County Cogen Plant_3163,50985,Solano County Cogen Plant,ThermalPowerPlant,1,,
700,Solano County Cogen Plant_3164,50985,Solano County Cogen Plant,ThermalPowerPlant,2,,
701,Solano County Cogen Plant_3165,50985,Solano County Cogen Plant,ThermalPowerPlant,3,,
702,Martinez Sulfuric Acid Regeneration Plt_GEN1,52063,Martinez Sulfuric Acid Regeneration Plt,ThermalPowerPlant,1,,
703,Dominguez Plant_GEN1,52064,Dominguez Plant,ThermalPowerPlant,1,,
704,UCLA So Campus Cogen Project_GEN1,52073,UCLA So Campus Cogen Project,CombinedCycleBlock,1,CC1,DoubleCombustionOneSteam
705,UCLA So Campus Cogen Project_GEN2,52073,UCLA So Campus Cogen Project,CombinedCycleBlock,1,CC1,DoubleCombustionOneSteam
706,UCLA So Campus Cogen Project_GEN3,52073,UCLA So Campus Cogen Project,CombinedCycleBlock,1,CC1,DoubleCombustionOneSteam
707,McKittrick Cogen_UNIT1,52076,McKittrick Cogen,ThermalPowerPlant,1,,
708,McKittrick Cogen_UNIT2,52076,McKittrick Cogen,ThermalPowerPlant,2,,
709,North Midway Cogen_GEN7,52078,North Midway Cogen,ThermalPowerPlant,1,,
710,North Midway Cogen_GEN8,52078,North Midway Cogen,ThermalPowerPlant,2,,
711,North Midway Cogen_GEN9,52078,North Midway Cogen,ThermalPowerPlant,3,,
712,Cymric 31X Cogen_TG1,52081,Cymric 31X Cogen,ThermalPowerPlant,1,,
713,Cymric 31X Cogen_TG2,52081,Cymric 31X Cogen,ThermalPowerPlant,2,,
714,Cymric 6Z Cogen_TG1,52082,Cymric 6Z Cogen,ThermalPowerPlant,1,,
715,Cymric 6Z Cogen_TG2,52082,Cymric 6Z Cogen,ThermalPowerPlant,2,,
716,Coalinga 6C Cogen_TG1,52083,Coalinga 6C Cogen,ThermalPowerPlant,1,,
717,Coalinga 6C Cogen_TG2,52083,Coalinga 6C Cogen,ThermalPowerPlant,2,,
718,Taft 26C Cogen_TG1,52085,Taft 26C Cogen,ThermalPowerPlant,1,,
719,Taft 26C Cogen_TG2,52085,Taft 26C Cogen,ThermalPowerPlant,2,,
720,Taft 26C Cogen_TG3,52085,Taft 26C Cogen,ThermalPowerPlant,3,,
721,Taft 26C Cogen_TG4,52085,Taft 26C Cogen,ThermalPowerPlant,4,,
722,Coalinga 25D Cogen_TG1,52086,Coalinga 25D Cogen,ThermalPowerPlant,1,,
723,Coalinga 25D Cogen_TG2,52086,Coalinga 25D Cogen,ThermalPowerPlant,2,,
724,Coalinga 25D Cogen_TG3,52086,Coalinga 25D Cogen,ThermalPowerPlant,3,,
725,Coalinga 25D Cogen_TG4,52086,Coalinga 25D Cogen,ThermalPowerPlant,4,,
726,Berry Placerita Cogen_GEN1,52096,Berry Placerita Cogen,ThermalPowerPlant,1,,
727,Berry Placerita Cogen_GEN2,52096,Berry Placerita Cogen,ThermalPowerPlant,2,,
728,Plant No 2 Orange County_GEN1,52099,Plant No 2 Orange County,ThermalPowerPlant,1,,
729,Plant No 2 Orange County_GEN2,52099,Plant No 2 Orange County,ThermalPowerPlant,2,,
730,Plant No 2 Orange County_GEN3,52099,Plant No 2 Orange County,ThermalPowerPlant,3,,
731,Plant No 2 Orange County_GEN4,52099,Plant No 2 Orange County,ThermalPowerPlant,4,,
732,Plant No 2 Orange County_GEN5,52099,Plant No 2 Orange County,ThermalPowerPlant,5,,
733,Plant No 2 Orange County_GEN6,52099,Plant No 2 Orange County,ThermalPowerPlant,6,,
734,Cymric 36W Cogen_GEN1,52104,Cymric 36W Cogen,ThermalPowerPlant,1,,
735,Cymric 36W Cogen_GEN2,52104,Cymric 36W Cogen,ThermalPowerPlant,2,,
736,Cymric 36W Cogen_GEN3,52104,Cymric 36W Cogen,ThermalPowerPlant,3,,
737,Cymric 36W Cogen_GEN4,52104,Cymric 36W Cogen,ThermalPowerPlant,4,,
738,Kern River Eastridge Cogen_101A,52107,Kern River Eastridge Cogen,ThermalPowerPlant,1,,
739,Kern River Eastridge Cogen_101B,52107,Kern River Eastridge Cogen,ThermalPowerPlant,2,,
740,Richmond Cogen_GEN1,52109,Richmond Cogen,CombinedCycleBlock,1,CC1,DoubleCombustionOneSteam
741,Richmond Cogen_GEN2,52109,Richmond Cogen,CombinedCycleBlock,1,CC1,DoubleCombustionOneSteam
742,Richmond Cogen_GEN5,52109,Richmond Cogen,CombinedCycleBlock,1,CC1,DoubleCombustionOneSteam
743,Mojave 4_GEN1,52142,Mojave 4,RenewablePowerPlant,1,,
744,Mojave 3_GEN1,52143,Mojave 3,RenewablePowerPlant,1,,
745,Mojave 5_GEN1,52144,Mojave 5,RenewablePowerPlant,1,,
746,C P Kelco San Diego Plant_GEN1,52147,C P Kelco San Diego Plant,ThermalPowerPlant,1,,
747,C P Kelco San Diego Plant_GEN2,52147,C P Kelco San Diego Plant,ThermalPowerPlant,2,,
748,C P Kelco San Diego Plant_GEN3,52147,C P Kelco San Diego Plant,ThermalPowerPlant,3,,
749,Victory Garden Phase IV LLC_WGNS,52160,Victory Garden Phase IV LLC,RenewablePowerPlant,1,,
750,Terra-Gen 251 Wind LLC_WGNS,52161,Terra-Gen 251 Wind LLC,RenewablePowerPlant,1,,
751,85 A_WGNS,52162,85 A,RenewablePowerPlant,1,,
752,85 B_WTGN,52163,85 B,RenewablePowerPlant,1,,
753,Helzel & Schwarzhoff 88 Wind Farm_WGNS,52165,Helzel & Schwarzhoff 88 Wind Farm,RenewablePowerPlant,1,,
754,Yuba City Cogen Partners_GEN1,52186,Yuba City Cogen Partners,ThermalPowerPlant,1,,
755,MM West Covina_GEN2,54015,MM West Covina,ThermalPowerPlant,1,,
756,San Gabriel Hydro Project_U1,54017,San Gabriel Hydro Project,HydroPowerPlant,1,,
757,San Gabriel Hydro Project_U2,54017,San Gabriel Hydro Project,HydroPowerPlant,2,,
758,Geo East Mesa II_GEN1,54038,Geo East Mesa II,ThermalPowerPlant,1,,
759,Stockton Biomass_STG,54238,Stockton Biomass,ThermalPowerPlant,1,,
760,Biola University Hybrid_BATT,54296,Biola University Hybrid,RenewablePowerPlant,1,,
761,Biola University Hybrid_EG1,54296,Biola University Hybrid,ThermalPowerPlant,2,,
762,Biola University Hybrid_EG2,54296,Biola University Hybrid,ThermalPowerPlant,3,,
763,Biola University Hybrid_EG3,54296,Biola University Hybrid,ThermalPowerPlant,4,,
764,Coram Energy LLC (ECT)_GEWE,54298,Coram Energy LLC (ECT),RenewablePowerPlant,1,,
765,Coram Energy LLC_GEWE,54299,Coram Energy LLC,RenewablePowerPlant,1,,
766,CTV Power Purchase Contract Trust_GEWE,54300,CTV Power Purchase Contract Trust,RenewablePowerPlant,1,,
767,CTV Power Purchase Contract Trust_SX1S,54300,CTV Power Purchase Contract Trust,RenewablePowerPlant,2,,
768,Three Forks Water Power Project_1,54308,Three Forks Water Power Project,HydroPowerPlant,1,,
769,NRG Energy San Diego_1,54337,NRG Energy San Diego,ThermalPowerPlant,1,,
770,NRG Energy San Diego_2,54337,NRG Energy San Diego,ThermalPowerPlant,2,,
771,Terminus Hydroelectric Project_GEN1,54343,Terminus Hydroelectric Project,HydroPowerPlant,1,,
772,Western Power & Steam Inc_CTG,54410,Western Power & Steam Inc,ThermalPowerPlant,1,,
773,Welport Lease Project_TI,54447,Welport Lease Project,ThermalPowerPlant,1,,
774,Dome Project_T1,54449,Dome Project,ThermalPowerPlant,1,,
775,Dome Project_T2,54449,Dome Project,ThermalPowerPlant,2,,
776,Los Angeles Refinery Wilmington_G1,54451,Los Angeles Refinery Wilmington,ThermalPowerPlant,1,,
777,Los Angeles Refinery Wilmington_G2,54451,Los Angeles Refinery Wilmington,ThermalPowerPlant,2,,
778,EDF Renewable Windfarm V Inc_GEN2,54453,EDF Renewable Windfarm V Inc,RenewablePowerPlant,1,,
779,San Gorgonio Windplant WPP1993_GEN11,54454,San Gorgonio Windplant WPP1993,RenewablePowerPlant,1,,
780,Spicer Meadow Project_GEN1,54554,Spicer Meadow Project,HydroPowerPlant,1,,
781,Spicer Meadow Project_GEN2,54554,Spicer Meadow Project,HydroPowerPlant,2,,
782,Spicer Meadow Project_GEN3,54554,Spicer Meadow Project,HydroPowerPlant,3,,
783,MM Yolo Power_1,54567,MM Yolo Power,ThermalPowerPlant,1,,
784,MM Yolo Power_2,54567,MM Yolo Power,ThermalPowerPlant,2,,
785,MM Yolo Power_3,54567,MM Yolo Power,ThermalPowerPlant,3,,
786,MM Yolo Power_4,54567,MM Yolo Power,ThermalPowerPlant,4,,
787,MM Yolo Power_5,54567,MM Yolo Power,ThermalPowerPlant,5,,
788,TPC Windfarms LLC_EXIS,54647,TPC Windfarms LLC,RenewablePowerPlant,1,,
789,Swanmill Windfarm I_EXI2,54650,Swanmill Windfarm I,RenewablePowerPlant,1,,
790,Swanmill Windfarm I_EXIS,54650,Swanmill Windfarm I,RenewablePowerPlant,2,,
791,Kekawaka Power House_KEK1,54654,Kekawaka Power House,HydroPowerPlant,1,,
792,Difwind Farms Ltd I_EXIS,54681,Difwind Farms Ltd I,RenewablePowerPlant,1,,
793,Difwind Farms Ltd II_EXIS,54682,Difwind Farms Ltd II,RenewablePowerPlant,1,,
794,Difwind Farms Ltd V_EXIS,54685,Difwind Farms Ltd V,RenewablePowerPlant,1,,
795,Difwind Farms Ltd VI_EXIS,54686,Difwind Farms Ltd VI,RenewablePowerPlant,1,,
796,Heber Geothermal_1,54689,Heber Geothermal,ThermalPowerPlant,1,,
797,Heber Geothermal_2,54689,Heber Geothermal,ThermalPowerPlant,2,,
798,Heber Geothermal_3,54689,Heber Geothermal,ThermalPowerPlant,3,,
799,Heber Geothermal_4,54689,Heber Geothermal,ThermalPowerPlant,4,,
800,Goal Line LP_CTG,54749,Goal Line LP,CombinedCycleBlock,1,CC1,SeparateShaftCombustionSteam
801,Goal Line LP_STG,54749,Goal Line LP,CombinedCycleBlock,1,CC1,SeparateShaftCombustionSteam
802,Coram Tehachapi_VW1,54750,Coram Tehachapi,RenewablePowerPlant,1,,
803,Tehachapi Wind Resource II_EXI2,54909,Tehachapi Wind Resource II,RenewablePowerPlant,1,,
804,Tehachapi Wind Resource II_EXIS,54909,Tehachapi Wind Resource II,RenewablePowerPlant,2,,
805,Martinez Refining_GTG1,54912,Martinez Refining,CombinedCycleBlock,1,CC1,DoubleCombustionOneSteam
806,Martinez Refining_GTG2,54912,Martinez Refining,CombinedCycleBlock,1,CC1,DoubleCombustionOneSteam
807,Martinez Refining_STG1,54912,Martinez Refining,CombinedCycleBlock,1,CC1,DoubleCombustionOneSteam
808,Ridgetop_WGN1,54931,Ridgetop,RenewablePowerPlant,1,,
809,Richard J Donovan Correctional Facility_3,54936,Richard J Donovan Correctional Facility,ThermalPowerPlant,1,,
810,Monterey One Water_EG1,54951,Monterey One Water,ThermalPowerPlant,1,,
811,Monterey One Water_EG2,54951,Monterey One Water,ThermalPowerPlant,2,,
812,Monterey One Water_EG3,54951,Monterey One Water,ThermalPowerPlant,3,,
813,Salton Sea Power Gen Co - Unit 4_4100,54996,Salton Sea Power Gen Co - Unit 4,ThermalPowerPlant,1,,
814,Crockett Cogen Project_GE1,55084,Crockett Cogen Project,ThermalPowerPlant,1,,
815,MM San Diego-Miramar_UNT1,55094,MM San Diego-Miramar,ThermalPowerPlant,1,,
816,MM San Diego-Miramar_UNT2,55094,MM San Diego-Miramar,ThermalPowerPlant,2,,
817,MM San Diego-Miramar_UNT3,55094,MM San Diego-Miramar,ThermalPowerPlant,3,,
818,MM San Diego-Miramar_UNT4,55094,MM San Diego-Miramar,ThermalPowerPlant,4,,
819,Sutter Energy Center_CT01,55112,Sutter Energy Center,CombinedCycleBlock,1,CC1,DoubleCombustionOneSteam
820,Sutter Energy Center_CT02,55112,Sutter Energy Center,CombinedCycleBlock,1,CC1,DoubleCombustionOneSteam
821,Sutter Energy Center_ST01,55112,Sutter Energy Center,CombinedCycleBlock,1,CC1,DoubleCombustionOneSteam
822,La Paloma Generating Plant_GEN1,55151,La Paloma Generating Plant,ThermalPowerPlant,1,,
823,La Paloma Generating Plant_GEN2,55151,La Paloma Generating Plant,ThermalPowerPlant,2,,
824,La Paloma Generating Plant_GEN3,55151,La Paloma Generating Plant,ThermalPowerPlant,3,,
825,La Paloma Generating Plant_GEN4,55151,La Paloma Generating Plant,ThermalPowerPlant,4,,
826,MM Lopez Energy_UNT1,55161,MM Lopez Energy,ThermalPowerPlant,1,,
827,Sunrise Power LLC_STG,55182,Sunrise Power LLC,CombinedCycleBlock,1,CC1,DoubleCombustionOneSteam
828,Sunrise Power LLC_X718,55182,Sunrise Power LLC,CombinedCycleBlock,1,CC1,DoubleCombustionOneSteam
829,Sunrise Power LLC_X719,55182,Sunrise Power LLC,CombinedCycleBlock,1,CC1,DoubleCombustionOneSteam
830,Aera San Ardo Cogen Facility_UN-A,55184,Aera San Ardo Cogen Facility,ThermalPowerPlant,1,,
831,Aera San Ardo Cogen Facility_UN-B,55184,Aera San Ardo Cogen Facility,ThermalPowerPlant,2,,
832,Los Medanos Energy Center_CTG1,55217,Los Medanos Energy Center,CombinedCycleBlock,1,CC1,DoubleCombustionOneSteam
833,Los Medanos Energy Center_CTG2,55217,Los Medanos Energy Center,CombinedCycleBlock,1,CC1,DoubleCombustionOneSteam
834,Los Medanos Energy Center_STG3,55217,Los Medanos Energy Center,CombinedCycleBlock,1,CC1,DoubleCombustionOneSteam
835,Blythe Energy Inc_CT1,55295,Blythe Energy Inc,CombinedCycleBlock,1,CC1,DoubleCombustionOneSteam
836,Blythe Energy Inc_CT2,55295,Blythe Energy Inc,CombinedCycleBlock,1,CC1,DoubleCombustionOneSteam
837,Blythe Energy Inc_ST1,55295,Blythe Energy Inc,CombinedCycleBlock,1,CC1,DoubleCombustionOneSteam
838,Otay Mesa Generating Project_1-Jan,55345,Otay Mesa Generating Project,CombinedCycleBlock,1,CC1,DoubleCombustionOneSteam
839,Otay Mesa Generating Project_2-Jan,55345,Otay Mesa Generating Project,CombinedCycleBlock,1,CC1,DoubleCombustionOneSteam
840,Otay Mesa Generating Project_3-Jan,55345,Otay Mesa Generating Project,CombinedCycleBlock,1,CC1,DoubleCombustionOneSteam
841,Metcalf Energy Center_CTG1,55393,Metcalf Energy Center,CombinedCycleBlock,1,CC1,DoubleCombustionOneSteam
842,Metcalf Energy Center_CTG2,55393,Metcalf Energy Center,CombinedCycleBlock,1,CC1,DoubleCombustionOneSteam
843,Metcalf Energy Center_STG1,55393,Metcalf Energy Center,CombinedCycleBlock,1,CC1,DoubleCombustionOneSteam
844,Green Power I_WGNS,55396,Green Power I,RenewablePowerPlant,1,,
845,Elk Hills Power LLC_CTG1,55400,Elk Hills Power LLC,CombinedCycleBlock,1,G541,DoubleCombustionOneSteam
846,Elk Hills Power LLC_CTG2,55400,Elk Hills Power LLC,CombinedCycleBlock,1,G541,DoubleCombustionOneSteam
847,Elk Hills Power LLC_STG,55400,Elk Hills Power LLC,CombinedCycleBlock,1,G541,DoubleCombustionOneSteam
848,CalPeak Power Vaca Dixon Peaker Plant_CPP1,55499,CalPeak Power Vaca Dixon Peaker Plant,ThermalPowerPlant,1,,
849,CalPeak Power Panoche Peaker Plant_CPP2,55508,CalPeak Power Panoche Peaker Plant,ThermalPowerPlant,1,,
850,CalPeak Power Border Peaker Plant_CPP4,55510,CalPeak Power Border Peaker Plant,ThermalPowerPlant,1,,
851,CalPeak Power Enterprise Peaker Plant_CPP7,55513,CalPeak Power Enterprise Peaker Plant,ThermalPowerPlant,1,,
852,High Desert Power Plant_CTG1,55518,High Desert Power Plant,CombinedCycleBlock,1,STG1,TripleCombustionOneSteam
853,High Desert Power Plant_CTG2,55518,High Desert Power Plant,CombinedCycleBlock,1,STG1,TripleCombustionOneSteam
854,High Desert Power Plant_CTG3,55518,High Desert Power Plant,CombinedCycleBlock,1,STG1,TripleCombustionOneSteam
855,High Desert Power Plant_STG1,55518,High Desert Power Plant,CombinedCycleBlock,1,STG1,TripleCombustionOneSteam
856,Escondido Energy Center_CTG1,55538,Escondido Energy Center,ThermalPowerPlant,1,,
857,Chula Vista Energy Center_GEN1,55540,Chula Vista Energy Center,ThermalPowerPlant,1,,
858,Indigo Energy Facility_CTG1,55541,Indigo Energy Facility,ThermalPowerPlant,1,,
859,Indigo Energy Facility_CTG2,55541,Indigo Energy Facility,ThermalPowerPlant,2,,
860,Indigo Energy Facility_CTG3,55541,Indigo Energy Facility,ThermalPowerPlant,3,,
861,Larkspur Energy Facility_CTG1,55542,Larkspur Energy Facility,ThermalPowerPlant,1,,
862,Larkspur Energy Facility_CTG2,55542,Larkspur Energy Facility,ThermalPowerPlant,2,,
863,Wilmington Hydrogen Plant_T101,55557,Wilmington Hydrogen Plant,ThermalPowerPlant,1,,
864,North City - Landfill Gas Engines South_UNT1,55602,North City - Landfill Gas Engines South,ThermalPowerPlant,1,,
865,North City - Landfill Gas Engines South_UNT2,55602,North City - Landfill Gas Engines South,ThermalPowerPlant,2,,
866,North City - Landfill Gas Engines South_UNT3,55602,North City - Landfill Gas Engines South,ThermalPowerPlant,3,,
867,North City - Landfill Gas Engines South_UNT4,55602,North City - Landfill Gas Engines South,ThermalPowerPlant,4,,
868,Tajiguas Plant_UNT1,55603,Tajiguas Plant,ThermalPowerPlant,1,,
869,Creed Energy Center_CT1,55625,Creed Energy Center,ThermalPowerPlant,1,,
870,Lambie Energy Center_CT1,55626,Lambie Energy Center,ThermalPowerPlant,1,,
871,Goose Haven Energy Center_CT1,55627,Goose Haven Energy Center,ThermalPowerPlant,1,,
872,Pastoria Energy Facility LLC_CT01,55656,"Pastoria Energy Facility, LLC",CombinedCycleBlock,1,PB01,DoubleCombustionOneSteam
873,Pastoria Energy Facility LLC_CT02,55656,"Pastoria Energy Facility, LLC",CombinedCycleBlock,1,PB01,DoubleCombustionOneSteam
874,Pastoria Energy Facility LLC_CT04,55656,"Pastoria Energy Facility, LLC",CombinedCycleBlock,2,PB02,SeparateShaftCombustionSteam
875,Pastoria Energy Facility LLC_ST03,55656,"Pastoria Energy Facility, LLC",CombinedCycleBlock,1,PB01,DoubleCombustionOneSteam
876,Pastoria Energy Facility LLC_ST05,55656,"Pastoria Energy Facility, LLC",CombinedCycleBlock,2,PB02,SeparateShaftCombustionSteam
877,Hanford Energy Park Peaker_HEP1,55698,Hanford Energy Park Peaker,ThermalPowerPlant,1,,
878,Hanford Energy Park Peaker_HEP2,55698,Hanford Energy Park Peaker,ThermalPowerPlant,2,,
879,Mountain View I&2_GEN2,55719,Mountain View I&2,RenewablePowerPlant,1,,
880,Mountain View I&2_GENI,55719,Mountain View I&2,RenewablePowerPlant,2,,
881,Los Esteros Critical Energy Center_CAG5,55748,Los Esteros Critical Energy Center,CombinedCycleBlock,1,CC1,Other
882,Los Esteros Critical Energy Center_CTG1,55748,Los Esteros Critical Energy Center,CombinedCycleBlock,1,CC1,Other
883,Los Esteros Critical Energy Center_CTG2,55748,Los Esteros Critical Energy Center,CombinedCycleBlock,1,CC1,Other
884,Los Esteros Critical Energy Center_CTG3,55748,Los Esteros Critical Energy Center,CombinedCycleBlock,1,CC1,Other
885,Los Esteros Critical Energy Center_CTG4,55748,Los Esteros Critical Energy Center,CombinedCycleBlock,1,CC1,Other
886,Henrietta Peaker_HPP1,55807,Henrietta Peaker,ThermalPowerPlant,1,,
887,Henrietta Peaker_HPP2,55807,Henrietta Peaker,ThermalPowerPlant,2,,
888,Gilroy Peaking Energy Center_S3,55810,Gilroy Peaking Energy Center,ThermalPowerPlant,1,,
889,Gilroy Peaking Energy Center_S4,55810,Gilroy Peaking Energy Center,ThermalPowerPlant,2,,
890,Gilroy Peaking Energy Center_S5,55810,Gilroy Peaking Energy Center,ThermalPowerPlant,3,,
891,Valero Refinery Cogeneration Unit 1_GT 1,55851,Valero Refinery Cogeneration Unit 1,ThermalPowerPlant,1,,
892,Wolfskill Energy Center_CTG1,55855,Wolfskill Energy Center,ThermalPowerPlant,1,,
893,Panoche Peaker_8,55874,Panoche Peaker,ThermalPowerPlant,1,,
894,Tracy Combined Cycle Power Plant_TCC1,55933,Tracy Combined Cycle Power Plant,CombinedCycleBlock,1,CC12,DoubleCombustionOneSteam
895,Tracy Combined Cycle Power Plant_TPP1,55933,Tracy Combined Cycle Power Plant,CombinedCycleBlock,1,CC12,DoubleCombustionOneSteam
896,Tracy Combined Cycle Power Plant_TPP2,55933,Tracy Combined Cycle Power Plant,CombinedCycleBlock,1,CC12,DoubleCombustionOneSteam
897,Century Generating Facility_C1,55934,Century Generating Facility,ThermalPowerPlant,1,,
898,Century Generating Facility_C2,55934,Century Generating Facility,ThermalPowerPlant,2,,
899,Century Generating Facility_C3,55934,Century Generating Facility,ThermalPowerPlant,3,,
900,Century Generating Facility_C4,55934,Century Generating Facility,ThermalPowerPlant,4,,
901,Drews Generating Facility_D1,55935,Drews Generating Facility,ThermalPowerPlant,1,,
902,Drews Generating Facility_D2,55935,Drews Generating Facility,ThermalPowerPlant,2,,
903,Drews Generating Facility_D3,55935,Drews Generating Facility,ThermalPowerPlant,3,,
904,Drews Generating Facility_D4,55935,Drews Generating Facility,ThermalPowerPlant,4,,
905,Agua Mansa Power Plant_AMP1,55951,Agua Mansa Power Plant,ThermalPowerPlant,1,,
906,Riverview Energy Center_CTG1,55963,Riverview Energy Center,ThermalPowerPlant,1,,
907,Salton Sea Power LLC - Unit 5_TG51,55983,Salton Sea Power LLC - Unit 5,ThermalPowerPlant,1,,
908,CE Turbo LLC_TG21,55984,CE Turbo LLC,ThermalPowerPlant,1,,
909,Palomar Energy_CTG1,55985,Palomar Energy,CombinedCycleBlock,1,CC1,DoubleCombustionOneSteam
910,Palomar Energy_CTG2,55985,Palomar Energy,CombinedCycleBlock,1,CC1,DoubleCombustionOneSteam
911,Palomar Energy_STG,55985,Palomar Energy,CombinedCycleBlock,1,CC1,DoubleCombustionOneSteam
912,Cabazon Wind Partners_V-47,56011,Cabazon Wind Partners,RenewablePowerPlant,1,,
913,Whitewater Hill Wind Partners_1,56012,Whitewater Hill Wind Partners,RenewablePowerPlant,1,,
914,Donald Von Raesfeld Power Plant_CTG1,56026,Donald Von Raesfeld Power Plant,CombinedCycleBlock,1,DVR1,DoubleCombustionOneSteam
915,Donald Von Raesfeld Power Plant_CTG2,56026,Donald Von Raesfeld Power Plant,CombinedCycleBlock,1,DVR1,DoubleCombustionOneSteam
916,Donald Von Raesfeld Power Plant_STG,56026,Donald Von Raesfeld Power Plant,CombinedCycleBlock,1,DVR1,DoubleCombustionOneSteam
917,H. Gonzales_G1,56039,H. Gonzales,ThermalPowerPlant,1,,
918,H. Gonzales_G2,56039,H. Gonzales,ThermalPowerPlant,2,,
919,Malburg_M1,56041,Malburg,CombinedCycleBlock,1,MGS,DoubleCombustionOneSteam
920,Malburg_M2,56041,Malburg,CombinedCycleBlock,1,MGS,DoubleCombustionOneSteam
921,Malburg_M3,56041,Malburg,CombinedCycleBlock,1,MGS,DoubleCombustionOneSteam
922,Magnolia Power Project_1,56046,Magnolia Power Project,CombinedCycleBlock,1,CC1,SeparateShaftCombustionSteam
923,Magnolia Power Project_2,56046,Magnolia Power Project,CombinedCycleBlock,1,CC1,SeparateShaftCombustionSteam
924,THUMS_GEN1,56051,THUMS,ThermalPowerPlant,1,,
925,High Winds LLC_1,56075,High Winds LLC,RenewablePowerPlant,1,,
926,High Winds LLC_2,56075,High Winds LLC,RenewablePowerPlant,2,,
927,Walnut Energy Center_1,56078,Walnut Energy Center,CombinedCycleBlock,1,WEC,DoubleCombustionOneSteam
928,Walnut Energy Center_2,56078,Walnut Energy Center,CombinedCycleBlock,1,WEC,DoubleCombustionOneSteam
929,Walnut Energy Center_3,56078,Walnut Energy Center,CombinedCycleBlock,1,WEC,DoubleCombustionOneSteam
930,SJ/SC WPCP_EG1,56080,SJ/SC WPCP,ThermalPowerPlant,1,,
931,SJ/SC WPCP_EG2,56080,SJ/SC WPCP,ThermalPowerPlant,2,,
932,SJ/SC WPCP_EG3,56080,SJ/SC WPCP,ThermalPowerPlant,3,,
933,Blacksand Generating Facility_D182,56090,Blacksand Generating Facility,ThermalPowerPlant,1,,
934,Blacksand Generating Facility_D189,56090,Blacksand Generating Facility,ThermalPowerPlant,2,,
935,Blacksand Generating Facility_D190,56090,Blacksand Generating Facility,ThermalPowerPlant,3,,
936,Mountain View III_V47,56112,Mountain View III,RenewablePowerPlant,1,,
937,Springville Hydroelectric_4152,56125,Springville Hydroelectric,HydroPowerPlant,1,,
938,Regional Wastewater Control Facility_101,56134,Regional Wastewater Control Facility,ThermalPowerPlant,1,,
939,Regional Wastewater Control Facility_301,56134,Regional Wastewater Control Facility,ThermalPowerPlant,2,,
940,Regional Wastewater Control Facility_401,56134,Regional Wastewater Control Facility,ThermalPowerPlant,3,,
941,Riverside Energy Resource Center_1,56143,Riverside Energy Resource Center,ThermalPowerPlant,1,,
942,Riverside Energy Resource Center_2,56143,Riverside Energy Resource Center,ThermalPowerPlant,2,,
943,Riverside Energy Resource Center_3,56143,Riverside Energy Resource Center,ThermalPowerPlant,3,,
944,Riverside Energy Resource Center_4,56143,Riverside Energy Resource Center,ThermalPowerPlant,4,,
945,Springs Generating Station_1,56144,Springs Generating Station,ThermalPowerPlant,1,,
946,Springs Generating Station_2,56144,Springs Generating Station,ThermalPowerPlant,2,,
947,Springs Generating Station_3,56144,Springs Generating Station,ThermalPowerPlant,3,,
948,Springs Generating Station_4,56144,Springs Generating Station,ThermalPowerPlant,4,,
949,Red Bluff_IC1,56184,Red Bluff,ThermalPowerPlant,1,,
950,Red Bluff_IC10,56184,Red Bluff,ThermalPowerPlant,2,,
951,Red Bluff_IC11,56184,Red Bluff,ThermalPowerPlant,3,,
952,Red Bluff_IC12,56184,Red Bluff,ThermalPowerPlant,4,,
953,Red Bluff_IC13,56184,Red Bluff,ThermalPowerPlant,5,,
954,Red Bluff_IC14,56184,Red Bluff,ThermalPowerPlant,6,,
955,Red Bluff_IC15,56184,Red Bluff,ThermalPowerPlant,7,,
956,Red Bluff_IC16,56184,Red Bluff,ThermalPowerPlant,8,,
957,Red Bluff_IC2,56184,Red Bluff,ThermalPowerPlant,9,,
958,Red Bluff_IC3,56184,Red Bluff,ThermalPowerPlant,10,,
959,Red Bluff_IC4,56184,Red Bluff,ThermalPowerPlant,11,,
960,Red Bluff_IC5,56184,Red Bluff,ThermalPowerPlant,12,,
961,Red Bluff_IC6,56184,Red Bluff,ThermalPowerPlant,13,,
962,Red Bluff_IC7,56184,Red Bluff,ThermalPowerPlant,14,,
963,Red Bluff_IC8,56184,Red Bluff,ThermalPowerPlant,15,,
964,Red Bluff_IC9,56184,Red Bluff,ThermalPowerPlant,16,,
965,Miramar Energy Facility_1,56232,Miramar Energy Facility,ThermalPowerPlant,1,,
966,Miramar Energy Facility_2,56232,Miramar Energy Facility,ThermalPowerPlant,2,,
967,Malaga Power LLC_GT-1,56239,Malaga Power LLC,ThermalPowerPlant,1,,
968,Malaga Power LLC_GT-2,56239,Malaga Power LLC,ThermalPowerPlant,2,,
969,Diablo Winds LLC_VEST,56271,Diablo Winds LLC,RenewablePowerPlant,1,,
970,Helzel & Schwarzhoff 86_WGNS,56275,Helzel & Schwarzhoff 86,RenewablePowerPlant,1,,
971,ZCO_WGNS,56276,ZCO,RenewablePowerPlant,1,,
972,Santa Maria EPG_EPG,56284,Santa Maria EPG,ThermalPowerPlant,1,,
973,Kumeyaay Wind_1,56295,Kumeyaay Wind,RenewablePowerPlant,1,,
974,Oasis Wind_1,56302,Oasis Wind,RenewablePowerPlant,1,,
975,Bear Valley Power Plant_ICE1,56346,Bear Valley Power Plant,ThermalPowerPlant,1,,
976,Bear Valley Power Plant_ICE2,56346,Bear Valley Power Plant,ThermalPowerPlant,2,,
977,Bear Valley Power Plant_ICE3,56346,Bear Valley Power Plant,ThermalPowerPlant,3,,
978,Bear Valley Power Plant_ICE4,56346,Bear Valley Power Plant,ThermalPowerPlant,4,,
979,Bear Valley Power Plant_ICE5,56346,Bear Valley Power Plant,ThermalPowerPlant,5,,
980,Bear Valley Power Plant_ICE6,56346,Bear Valley Power Plant,ThermalPowerPlant,6,,
981,Bear Valley Power Plant_ICE7,56346,Bear Valley Power Plant,ThermalPowerPlant,7,,
982,Clearwater Power Plant_CT1,56356,Clearwater Power Plant,CombinedCycleBlock,1,CC1,SeparateShaftCombustionSteam
983,Clearwater Power Plant_ST1,56356,Clearwater Power Plant,CombinedCycleBlock,1,CC1,SeparateShaftCombustionSteam
984,Shiloh I Wind Project_1,56362,Shiloh I Wind Project,RenewablePowerPlant,1,,
985,Ameresco Santa Cruz Energy_Unit1,56428,Ameresco Santa Cruz Energy,ThermalPowerPlant,1,,
986,Ameresco Santa Cruz Energy_Unit2,56428,Ameresco Santa Cruz Energy,ThermalPowerPlant,2,,
987,Ameresco Santa Cruz Energy_Unit3,56428,Ameresco Santa Cruz Energy,ThermalPowerPlant,3,,
988,Buena Vista Energy LLC_1,56446,Buena Vista Energy LLC,RenewablePowerPlant,1,,
989,Russell City Energy Center_CTG1,56467,Russell City Energy Center,CombinedCycleBlock,1,CC1,DoubleCombustionOneSteam
990,Russell City Energy Center_CTG2,56467,Russell City Energy Center,CombinedCycleBlock,1,CC1,DoubleCombustionOneSteam
991,Russell City Energy Center_STG1,56467,Russell City Energy Center,CombinedCycleBlock,1,CC1,DoubleCombustionOneSteam
992,Roseburg Forest Products Biomass_1,56469,Roseburg Forest Products Biomass,ThermalPowerPlant,1,,
993,McGrath Peaker_1,56471,McGrath Peaker,ThermalPowerPlant,1,,
994,Grapeland Hybrid_1,56472,Grapeland Hybrid,ThermalPowerPlant,1,,
995,Grapeland Hybrid_BA1,56472,Grapeland Hybrid,RenewablePowerPlant,2,,
996,Mira Loma Peaker_1,56473,Mira Loma Peaker,ThermalPowerPlant,1,,
997,Barre Peaker_1,56474,Barre Peaker,ThermalPowerPlant,1,,
998,Center Hybrid_1,56475,Center Hybrid,ThermalPowerPlant,1,,
999,Center Hybrid_BA1,56475,Center Hybrid,RenewablePowerPlant,2,,
1000,Gateway Generating Station_A,56476,Gateway Generating Station,CombinedCycleBlock,1,CC1,DoubleCombustionOneSteam
1001,Gateway Generating Station_B,56476,Gateway Generating Station,CombinedCycleBlock,1,CC1,DoubleCombustionOneSteam
1002,Gateway Generating Station_C,56476,Gateway Generating Station,CombinedCycleBlock,1,CC1,DoubleCombustionOneSteam
1003,Colusa Generating Station_A,56532,Colusa Generating Station,CombinedCycleBlock,1,CC1,DoubleCombustionOneSteam
1004,Colusa Generating Station_B,56532,Colusa Generating Station,CombinedCycleBlock,1,CC1,DoubleCombustionOneSteam
1005,Colusa Generating Station_C,56532,Colusa Generating Station,CombinedCycleBlock,1,CC1,DoubleCombustionOneSteam
1006,Niland Gas Turbine Plant_1,56569,Niland Gas Turbine Plant,ThermalPowerPlant,1,,
1007,Niland Gas Turbine Plant_2,56569,Niland Gas Turbine Plant,ThermalPowerPlant,2,,
1008,Terra-Gen VG Wind LLC_WGNS,56570,Terra-Gen VG Wind LLC,RenewablePowerPlant,1,,
1009,Rancho Penasquitos_G100,56615,Rancho Penasquitos,HydroPowerPlant,1,,
1010,Midway Peaking LLC_1,56639,Midway Peaking LLC,ThermalPowerPlant,1,,
1011,Midway Peaking LLC_2,56639,Midway Peaking LLC,ThermalPowerPlant,2,,
1012,Hatchet Ridge Wind Project_1,56654,Hatchet Ridge Wind Project,RenewablePowerPlant,1,,
1013,El Nido Facility_AMPC,56707,El Nido Facility,ThermalPowerPlant,1,,
1014,CalRenew-1_CR1,56768,CalRenew-1,RenewablePowerPlant,1,,
1015,Dillon Wind LLC_1,56791,Dillon Wind LLC,RenewablePowerPlant,1,,
1016,Panoche Energy Center_1,56803,Panoche Energy Center,ThermalPowerPlant,1,,
1017,Panoche Energy Center_2,56803,Panoche Energy Center,ThermalPowerPlant,2,,
1018,Panoche Energy Center_3,56803,Panoche Energy Center,ThermalPowerPlant,3,,
1019,Panoche Energy Center_4,56803,Panoche Energy Center,ThermalPowerPlant,4,,
1020,ELACC Photovoltaic Power Facility_PV1,56814,ELACC Photovoltaic Power Facility,RenewablePowerPlant,1,,
1021,ELACC Photovoltaic Power Facility_PV2,56814,ELACC Photovoltaic Power Facility,RenewablePowerPlant,2,,
1022,North Brawley Geothermal Plant_GE1,56832,North Brawley Geothermal Plant,ThermalPowerPlant,1,,
1023,North Brawley Geothermal Plant_GE2,56832,North Brawley Geothermal Plant,ThermalPowerPlant,2,,
1024,North Brawley Geothermal Plant_GE3,56832,North Brawley Geothermal Plant,ThermalPowerPlant,3,,
1025,North Brawley Geothermal Plant_GE4,56832,North Brawley Geothermal Plant,ThermalPowerPlant,4,,
1026,North Brawley Geothermal Plant_GE5,56832,North Brawley Geothermal Plant,ThermalPowerPlant,5,,
1027,Bolthouse S&P and Rowen Farms Solar_1,56862,Bolthouse S&P and Rowen Farms Solar,RenewablePowerPlant,1,,
1028,Bolthouse S&P and Rowen Farms Solar_2,56862,Bolthouse S&P and Rowen Farms Solar,RenewablePowerPlant,2,,
1029,Bolthouse S&P and Rowen Farms Solar_3,56862,Bolthouse S&P and Rowen Farms Solar,RenewablePowerPlant,3,,
1030,Bolthouse S&P and Rowen Farms Solar_4,56862,Bolthouse S&P and Rowen Farms Solar,RenewablePowerPlant,4,,
1031,Sacramento Soleil LLC_TBD,56875,Sacramento Soleil LLC,RenewablePowerPlant,1,,
1032,Ameresco Ox Mountain_1,56895,Ameresco Ox Mountain,ThermalPowerPlant,1,,
1033,Ameresco Ox Mountain_2,56895,Ameresco Ox Mountain,ThermalPowerPlant,2,,
1034,Ameresco Ox Mountain_3,56895,Ameresco Ox Mountain,ThermalPowerPlant,3,,
1035,Ameresco Ox Mountain_4,56895,Ameresco Ox Mountain,ThermalPowerPlant,4,,
1036,Ameresco Ox Mountain_5,56895,Ameresco Ox Mountain,ThermalPowerPlant,5,,
1037,Ameresco Ox Mountain_6,56895,Ameresco Ox Mountain,ThermalPowerPlant,6,,
1038,Ameresco Keller Canyon_1,56897,Ameresco Keller Canyon,ThermalPowerPlant,1,,
1039,Ameresco Keller Canyon_2,56897,Ameresco Keller Canyon,ThermalPowerPlant,2,,
1040,Ameresco Chiquita Canyon_1,56898,Ameresco Chiquita Canyon,ThermalPowerPlant,1,,
1041,Ameresco Chiquita Canyon_2,56898,Ameresco Chiquita Canyon,ThermalPowerPlant,2,,
1042,Gap Pacific Distribution Center_1,56909,Gap Pacific Distribution Center,RenewablePowerPlant,1,,
1043,Gap Pacific Distribution Center_2,56909,Gap Pacific Distribution Center,RenewablePowerPlant,2,,
1044,Gap Pacific Distribution Center_3,56909,Gap Pacific Distribution Center,RenewablePowerPlant,3,,
1045,Gap Pacific Distribution Center_4,56909,Gap Pacific Distribution Center,RenewablePowerPlant,4,,
1046,Orange Grove Peaking Facility_CTG1,56914,Orange Grove Peaking Facility,ThermalPowerPlant,1,,
1047,Orange Grove Peaking Facility_CTG2,56914,Orange Grove Peaking Facility,ThermalPowerPlant,2,,
1048,Solar Blythe LLC_1,56939,Solar Blythe LLC,RenewablePowerPlant,1,,
1049,Solar Photovoltaic Project No02_S1A,56996,Solar Photovoltaic Project #02,RenewablePowerPlant,1,,
1050,Solar Photovoltaic Project No02_S1B,56996,Solar Photovoltaic Project #02,RenewablePowerPlant,2,,
1051,SunEdison Walgreens Moreno Valley_1,57004,SunEdison Walgreens Moreno Valley,RenewablePowerPlant,1,,
1052,Mariani Packing Vacaville Solar_1,57005,Mariani Packing Vacaville Solar,RenewablePowerPlant,1,,
1053,Walgreens Woodland Distribution Center_1,57006,Walgreens Woodland Distribution Center,RenewablePowerPlant,1,,
1054,SunEdison Ironwood State Prison_1,57007,SunEdison Ironwood State Prison,RenewablePowerPlant,1,,
1055,Kohls San Bernardino Solar Facility_1,57009,Kohls San Bernardino Solar Facility,RenewablePowerPlant,1,,
1056,SunEdison Anheuser Busch Fairfield_1,57010,SunEdison Anheuser Busch Fairfield,RenewablePowerPlant,1,,
1057,Chuckawalla Valley State Prison_1,57011,Chuckawalla Valley State Prison,RenewablePowerPlant,1,,
1058,SunEdison Walmart Apple Valley DC_1,57012,SunEdison Walmart Apple Valley DC,RenewablePowerPlant,1,,
1059,Canyon Power Plant_CPP1,57027,Canyon Power Plant,ThermalPowerPlant,1,,
1060,Canyon Power Plant_CPP2,57027,Canyon Power Plant,ThermalPowerPlant,2,,
1061,Canyon Power Plant_CPP3,57027,Canyon Power Plant,ThermalPowerPlant,3,,
1062,Canyon Power Plant_CPP4,57027,Canyon Power Plant,ThermalPowerPlant,4,,
1063,Vaca Dixon Solar Station_1,57041,Vaca Dixon Solar Station,RenewablePowerPlant,1,,
1064,CSU East Bay_1,57042,CSU East Bay,ThermalPowerPlant,1,,
1065,SF State University_1,57043,SF State University,ThermalPowerPlant,1,,
1066,SF State University_2,57043,SF State University,ThermalPowerPlant,2,,
1067,Whittier LFG Power Plant No1_EN01,57102,Whittier LFG Power Plant #1,ThermalPowerPlant,1,,
1068,Whittier LFG Power Plant No1_EN02,57102,Whittier LFG Power Plant #1,ThermalPowerPlant,2,,
1069,UCI Facilities Management Central Plant_CTG1,57122,UCI Facilities Management Central Plant,CombinedCycleBlock,1,CC1,SeparateShaftCombustionSteam
1070,UCI Facilities Management Central Plant_STG1,57122,UCI Facilities Management Central Plant,CombinedCycleBlock,1,CC1,SeparateShaftCombustionSteam
1071,G2 Energy Ostrom Road LLC_359,57133,G2 Energy Ostrom Road LLC,ThermalPowerPlant,1,,
1072,G2 Energy Ostrom Road LLC_361,57133,G2 Energy Ostrom Road LLC,ThermalPowerPlant,2,,
1073,Mesquite Lake Water & Power Plant 1_1209,57154,Mesquite Lake Water & Power Plant 1,ThermalPowerPlant,1,,
1074,Calabasas Gas to Energy Facility_GEN1,57163,Calabasas Gas to Energy Facility,ThermalPowerPlant,1,,
1075,Calabasas Gas to Energy Facility_GEN3,57163,Calabasas Gas to Energy Facility,ThermalPowerPlant,2,,
1076,Solar Photovoltaic Project No03_S003A,57217,Solar Photovoltaic Project #03,RenewablePowerPlant,1,,
1077,Solar Photovoltaic Project No03_S003B,57217,Solar Photovoltaic Project #03,RenewablePowerPlant,2,,
1078,Solar Photovoltaic Project No05_S005A,57219,Solar Photovoltaic Project #05,RenewablePowerPlant,1,,
1079,Solar Photovoltaic Project No05_S005B,57219,Solar Photovoltaic Project #05,RenewablePowerPlant,2,,
1080,Solar Photovoltaic Project No05_S005C,57219,Solar Photovoltaic Project #05,RenewablePowerPlant,3,,
1081,Solar Photovoltaic Project No05_S005D,57219,Solar Photovoltaic Project #05,RenewablePowerPlant,4,,
1082,Solar Photovoltaic Project No05_S005E,57219,Solar Photovoltaic Project #05,RenewablePowerPlant,5,,
1083,Solar Photovoltaic Project No06_S006A,57220,Solar Photovoltaic Project #06,RenewablePowerPlant,1,,
1084,Solar Photovoltaic Project No06_S006B,57220,Solar Photovoltaic Project #06,RenewablePowerPlant,2,,
1085,Solar Photovoltaic Project No06_S006C,57220,Solar Photovoltaic Project #06,RenewablePowerPlant,3,,
1086,Solar Photovoltaic Project No06_S006D,57220,Solar Photovoltaic Project #06,RenewablePowerPlant,4,,
1087,Solar Photovoltaic Project No07_S007A,57221,Solar Photovoltaic Project #07,RenewablePowerPlant,1,,
1088,Solar Photovoltaic Project No07_S007B,57221,Solar Photovoltaic Project #07,RenewablePowerPlant,2,,
1089,Solar Photovoltaic Project No07_S007C,57221,Solar Photovoltaic Project #07,RenewablePowerPlant,3,,
1090,Solar Photovoltaic Project No07_S007D,57221,Solar Photovoltaic Project #07,RenewablePowerPlant,4,,
1091,Solar Photovoltaic Project No07_S007E,57221,Solar Photovoltaic Project #07,RenewablePowerPlant,5,,
1092,Solar Photovoltaic Project No08_S008A,57222,Solar Photovoltaic Project #08,RenewablePowerPlant,1,,
1093,Solar Photovoltaic Project No08_S008B,57222,Solar Photovoltaic Project #08,RenewablePowerPlant,2,,
1094,Solar Photovoltaic Project No08_S008C,57222,Solar Photovoltaic Project #08,RenewablePowerPlant,3,,
1095,Solar Photovoltaic Project No08_S008D,57222,Solar Photovoltaic Project #08,RenewablePowerPlant,4,,
1096,Solar Photovoltaic Project No09_S009A,57223,Solar Photovoltaic Project #09,RenewablePowerPlant,1,,
1097,Solar Photovoltaic Project No09_S009B,57223,Solar Photovoltaic Project #09,RenewablePowerPlant,2,,
1098,Solar Photovoltaic Project No10_S010A,57224,Solar Photovoltaic Project #10,RenewablePowerPlant,1,,
1099,Solar Photovoltaic Project No10_S010B,57224,Solar Photovoltaic Project #10,RenewablePowerPlant,2,,
1100,Solar Photovoltaic Project No10_S010C,57224,Solar Photovoltaic Project #10,RenewablePowerPlant,3,,
1101,Solar Photovoltaic Project No11_S011A,57225,Solar Photovoltaic Project #11,RenewablePowerPlant,1,,
1102,Solar Photovoltaic Project No11_S011B,57225,Solar Photovoltaic Project #11,RenewablePowerPlant,2,,
1103,Solar Photovoltaic Project No11_S011C,57225,Solar Photovoltaic Project #11,RenewablePowerPlant,3,,
1104,Solar Photovoltaic Project No11_S011D,57225,Solar Photovoltaic Project #11,RenewablePowerPlant,4,,
1105,Solar Photovoltaic Project No11_S011E,57225,Solar Photovoltaic Project #11,RenewablePowerPlant,5,,
1106,Solar Photovoltaic Project No11_S011F,57225,Solar Photovoltaic Project #11,RenewablePowerPlant,6,,
1107,Solar Photovoltaic Project No11_S011G,57225,Solar Photovoltaic Project #11,RenewablePowerPlant,7,,
1108,Solar Photovoltaic Project No12_S012A,57226,Solar Photovoltaic Project #12,RenewablePowerPlant,1,,
1109,Solar Photovoltaic Project No13_S013A,57227,Solar Photovoltaic Project #13,RenewablePowerPlant,1,,
1110,Solar Photovoltaic Project No13_S013B,57227,Solar Photovoltaic Project #13,RenewablePowerPlant,2,,
1111,Solar Photovoltaic Project No13_S013C,57227,Solar Photovoltaic Project #13,RenewablePowerPlant,3,,
1112,Solar Photovoltaic Project No13_S013D,57227,Solar Photovoltaic Project #13,RenewablePowerPlant,4,,
1113,Solar Photovoltaic Project No13_S013E,57227,Solar Photovoltaic Project #13,RenewablePowerPlant,5,,
1114,Solar Photovoltaic Project No13_S013F,57227,Solar Photovoltaic Project #13,RenewablePowerPlant,6,,
1115,Solar Photovoltaic Project No13_S013G,57227,Solar Photovoltaic Project #13,RenewablePowerPlant,7,,
1116,Solar Photovoltaic Project No15_S015A,57229,Solar Photovoltaic Project #15,RenewablePowerPlant,1,,
1117,Solar Photovoltaic Project No15_S015B,57229,Solar Photovoltaic Project #15,RenewablePowerPlant,2,,
1118,Solar Photovoltaic Project No15_S015C,57229,Solar Photovoltaic Project #15,RenewablePowerPlant,3,,
1119,Solar Photovoltaic Project No15_S015D,57229,Solar Photovoltaic Project #15,RenewablePowerPlant,4,,
1120,Solar Photovoltaic Project No15_S015E,57229,Solar Photovoltaic Project #15,RenewablePowerPlant,5,,
1121,Solar Photovoltaic Project No15_S015F,57229,Solar Photovoltaic Project #15,RenewablePowerPlant,6,,
1122,Solar Photovoltaic Project No15_S015G,57229,Solar Photovoltaic Project #15,RenewablePowerPlant,7,,
1123,Solar Photovoltaic Project No16_S016A,57230,Solar Photovoltaic Project #16,RenewablePowerPlant,1,,
1124,Solar Photovoltaic Project No16_S016B,57230,Solar Photovoltaic Project #16,RenewablePowerPlant,2,,
1125,Solar Photovoltaic Project No16_S016C,57230,Solar Photovoltaic Project #16,RenewablePowerPlant,3,,
1126,Solar Photovoltaic Project No17_S017A,57231,Solar Photovoltaic Project #17,RenewablePowerPlant,1,,
1127,Solar Photovoltaic Project No17_S017B,57231,Solar Photovoltaic Project #17,RenewablePowerPlant,2,,
1128,Solar Photovoltaic Project No17_S017C,57231,Solar Photovoltaic Project #17,RenewablePowerPlant,3,,
1129,Solar Photovoltaic Project No17_S017D,57231,Solar Photovoltaic Project #17,RenewablePowerPlant,4,,
1130,Solar Photovoltaic Project No17_S017E,57231,Solar Photovoltaic Project #17,RenewablePowerPlant,5,,
1131,Solar Photovoltaic Project No17_S017F,57231,Solar Photovoltaic Project #17,RenewablePowerPlant,6,,
1132,Solar Photovoltaic Project No17_S017G,57231,Solar Photovoltaic Project #17,RenewablePowerPlant,7,,
1133,Solar Photovoltaic Project No18_S018A,57232,Solar Photovoltaic Project #18,RenewablePowerPlant,1,,
1134,Solar Photovoltaic Project No18_S018B,57232,Solar Photovoltaic Project #18,RenewablePowerPlant,2,,
1135,Solar Photovoltaic Project No18_S018C,57232,Solar Photovoltaic Project #18,RenewablePowerPlant,3,,
1136,Solar Photovoltaic Project No23_S023A,57236,Solar Photovoltaic Project #23,RenewablePowerPlant,1,,
1137,Solar Photovoltaic Project No23_S023B,57236,Solar Photovoltaic Project #23,RenewablePowerPlant,2,,
1138,Solar Photovoltaic Project No23_S023C,57236,Solar Photovoltaic Project #23,RenewablePowerPlant,3,,
1139,Solar Photovoltaic Project No23_S023D,57236,Solar Photovoltaic Project #23,RenewablePowerPlant,4,,
1140,Solar Photovoltaic Project No23_S023E,57236,Solar Photovoltaic Project #23,RenewablePowerPlant,5,,
1141,Solar Photovoltaic Project No26_S026A,57245,Solar Photovoltaic Project #26,RenewablePowerPlant,1,,
1142,Solar Photovoltaic Project No26_S026B,57245,Solar Photovoltaic Project #26,RenewablePowerPlant,2,,
1143,Solar Photovoltaic Project No26_S026C,57245,Solar Photovoltaic Project #26,RenewablePowerPlant,3,,
1144,Solar Photovoltaic Project No26_S026D,57245,Solar Photovoltaic Project #26,RenewablePowerPlant,4,,
1145,Solar Photovoltaic Project No26_S026E,57245,Solar Photovoltaic Project #26,RenewablePowerPlant,5,,
1146,Solar Photovoltaic Project No26_S026F,57245,Solar Photovoltaic Project #26,RenewablePowerPlant,6,,
1147,Solar Photovoltaic Project No26_S026G,57245,Solar Photovoltaic Project #26,RenewablePowerPlant,7,,
1148,Solar Photovoltaic Project No26_S026H,57245,Solar Photovoltaic Project #26,RenewablePowerPlant,8,,
1149,Solar Photovoltaic Project No26_S026I,57245,Solar Photovoltaic Project #26,RenewablePowerPlant,9,,
1150,Solar Photovoltaic Project No26_S026J,57245,Solar Photovoltaic Project #26,RenewablePowerPlant,10,,
1151,Solar Photovoltaic Project No26_SO26K,57245,Solar Photovoltaic Project #26,RenewablePowerPlant,11,,
1152,Solar Photovoltaic Project No26_SO26L,57245,Solar Photovoltaic Project #26,RenewablePowerPlant,12,,
1153,Solar Photovoltaic Project No27_S027A,57246,Solar Photovoltaic Project #27,RenewablePowerPlant,1,,
1154,Solar Photovoltaic Project No27_S027B,57246,Solar Photovoltaic Project #27,RenewablePowerPlant,2,,
1155,Solar Photovoltaic Project No27_S027C,57246,Solar Photovoltaic Project #27,RenewablePowerPlant,3,,
1156,Solar Photovoltaic Project No27_S027D,57246,Solar Photovoltaic Project #27,RenewablePowerPlant,4,,
1157,Solar Photovoltaic Project No28_S028A,57247,Solar Photovoltaic Project #28,RenewablePowerPlant,1,,
1158,Solar Photovoltaic Project No28_S028B,57247,Solar Photovoltaic Project #28,RenewablePowerPlant,2,,
1159,Solar Photovoltaic Project No28_S028C,57247,Solar Photovoltaic Project #28,RenewablePowerPlant,3,,
1160,Solar Photovoltaic Project No28_S028D,57247,Solar Photovoltaic Project #28,RenewablePowerPlant,4,,
1161,Solar Photovoltaic Project No28_S028E,57247,Solar Photovoltaic Project #28,RenewablePowerPlant,5,,
1162,Solar Photovoltaic Project No28_S028F,57247,Solar Photovoltaic Project #28,RenewablePowerPlant,6,,
1163,Solar Photovoltaic Project No28_S028G,57247,Solar Photovoltaic Project #28,RenewablePowerPlant,7,,
1164,Marsh Landing Generating Station_1,57267,Marsh Landing Generating Station,ThermalPowerPlant,1,,
1165,Marsh Landing Generating Station_2,57267,Marsh Landing Generating Station,ThermalPowerPlant,2,,
1166,Marsh Landing Generating Station_3,57267,Marsh Landing Generating Station,ThermalPowerPlant,3,,
1167,Marsh Landing Generating Station_4,57267,Marsh Landing Generating Station,ThermalPowerPlant,4,,
1168,Alta Wind Energy Center I_AW01,57282,Alta Wind Energy Center I,RenewablePowerPlant,1,,
1169,Alta Wind Energy Center II_AW02,57291,Alta Wind Energy Center II,RenewablePowerPlant,1,,
1170,Alta Wind Energy Center III_AW03,57292,Alta Wind Energy Center III,RenewablePowerPlant,1,,
1171,Alta Wind Energy Center IV_AW04,57293,Alta Wind Energy Center IV,RenewablePowerPlant,1,,
1172,Alta Wind Energy Center V_AW05,57294,Alta Wind Energy Center V,RenewablePowerPlant,1,,
1173,Alpine Solar_1,57295,Alpine Solar,RenewablePowerPlant,1,,
1174,Dutch Wind Energy_DEC,57301,Dutch Wind Energy,RenewablePowerPlant,1,,
1175,Garnet Wind Energy Center_1,57302,Garnet Wind Energy Center,RenewablePowerPlant,1,,
1176,Adelanto Solar Project_1,57305,Adelanto Solar Project,RenewablePowerPlant,1,,
1177,Maclay Solar Project_1,57308,Maclay Solar Project,RenewablePowerPlant,1,,
1178,Pacific Cruise Ship Terminals Berth 93_1,57309,Pacific Cruise Ship Terminals Berth 93,RenewablePowerPlant,1,,
1179,1420 Coil Av NoC_1,57310,1420 Coil Av #C,RenewablePowerPlant,1,,
1180,Occidental College Solar Project_1,57311,Occidental College Solar Project,RenewablePowerPlant,1,,
1181,Metro Support Services Center Solar_1,57313,Metro Support Services Center Solar,RenewablePowerPlant,1,,
1182,Los Angeles Harbor College_1,57314,Los Angeles Harbor College,RenewablePowerPlant,1,,
1183,Sierra SunTower Solar Gen Station_UNIT1,57323,Sierra SunTower Solar Gen Station,RenewablePowerPlant,1,,
1184,Mojave Solar Project_MSP1,57331,Mojave Solar Project,RenewablePowerPlant,1,,
1185,Mojave Solar Project_MSP2,57331,Mojave Solar Project,RenewablePowerPlant,2,,
1186,Panoche Valley Solar Farm_1,57340,Panoche Valley Solar Farm,RenewablePowerPlant,1,,
1187,Avenal Park_1,57359,Avenal Park,RenewablePowerPlant,1,,
1188,Sun City Project LLC_1,57360,Sun City Project LLC,RenewablePowerPlant,1,,
1189,Sand Drag LLC_1,57361,Sand Drag LLC,RenewablePowerPlant,1,,
1190,Siphon Drop Power Plant_1,57364,Siphon Drop Power Plant,HydroPowerPlant,1,,
1191,Siphon Drop Power Plant_2,57364,Siphon Drop Power Plant,HydroPowerPlant,2,,
1192,AV Solar Ranch One_AVSR,57378,AV Solar Ranch One,RenewablePowerPlant,1,,
1193,Genesis Solar Energy Project_GEN01,57394,Genesis Solar Energy Project,RenewablePowerPlant,1,,
1194,Genesis Solar Energy Project_GEN02,57394,Genesis Solar Energy Project,RenewablePowerPlant,2,,
1195,Yolo County Solar Project_1,57422,Yolo County Solar Project,RenewablePowerPlant,1,,
1196,California Valley Solar Ranch_HPR2,57439,California Valley Solar Ranch,RenewablePowerPlant,1,,
1197,California Valley Solar Ranch_HPR2A,57439,California Valley Solar Ranch,RenewablePowerPlant,2,,
1198,California Valley Solar Ranch_HPR2B,57439,California Valley Solar Ranch,RenewablePowerPlant,3,,
1199,California Valley Solar Ranch_HPR2C,57439,California Valley Solar Ranch,RenewablePowerPlant,4,,
1200,California Valley Solar Ranch_HPR2D,57439,California Valley Solar Ranch,RenewablePowerPlant,5,,
1201,Solar Photovoltaic Project No42_S42A,57441,Solar Photovoltaic Project #42,RenewablePowerPlant,1,,
1202,Solar Photovoltaic Project No42_S42B,57441,Solar Photovoltaic Project #42,RenewablePowerPlant,2,,
1203,Solar Photovoltaic Project No42_S42C,57441,Solar Photovoltaic Project #42,RenewablePowerPlant,3,,
1204,Solar Photovoltaic Project No42_S42D,57441,Solar Photovoltaic Project #42,RenewablePowerPlant,4,,
1205,Solar Photovoltaic Project No42_S42E,57441,Solar Photovoltaic Project #42,RenewablePowerPlant,5,,
1206,Solar Photovoltaic Project No42_S42F,57441,Solar Photovoltaic Project #42,RenewablePowerPlant,6,,
1207,Solar Photovoltaic Project No42_S42G,57441,Solar Photovoltaic Project #42,RenewablePowerPlant,7,,
1208,Solar Photovoltaic Project No42_S42H,57441,Solar Photovoltaic Project #42,RenewablePowerPlant,8,,
1209,Solar Photovoltaic Project No42_S42I,57441,Solar Photovoltaic Project #42,RenewablePowerPlant,9,,
1210,Solar Photovoltaic Project No42_S42J,57441,Solar Photovoltaic Project #42,RenewablePowerPlant,10,,
1211,Solar Borrego I_SB1,57455,Solar Borrego I,RenewablePowerPlant,1,,
1212,Mountain View IV_1,57459,Mountain View IV,RenewablePowerPlant,1,,
1213,Caltech Central_CL00,57460,Caltech Central,ThermalPowerPlant,1,,
1214,Caltech Central_CL01,57460,Caltech Central,ThermalPowerPlant,2,,
1215,Caltech Central_CL02,57460,Caltech Central,ThermalPowerPlant,3,,
1216,Caltech Central_CL03,57460,Caltech Central,ThermalPowerPlant,4,,
1217,Caltech Central_CL04,57460,Caltech Central,ThermalPowerPlant,5,,
1218,Caltech Central_CL05,57460,Caltech Central,ThermalPowerPlant,6,,
1219,Caltech Central_CL06,57460,Caltech Central,ThermalPowerPlant,7,,
1220,Caltech Central_CL07,57460,Caltech Central,ThermalPowerPlant,8,,
1221,Caltech Central_CL08,57460,Caltech Central,ThermalPowerPlant,9,,
1222,Caltech Central_CL09,57460,Caltech Central,ThermalPowerPlant,10,,
1223,Caltech Central_CL10,57460,Caltech Central,ThermalPowerPlant,11,,
1224,John L. Featherstone Plant_HRP1,57475,John L. Featherstone Plant,ThermalPowerPlant,1,,
1225,Sentinel Energy Center LLC_CTG1,57482,"Sentinel Energy Center, LLC",ThermalPowerPlant,1,,
1226,Sentinel Energy Center LLC_CTG2,57482,"Sentinel Energy Center, LLC",ThermalPowerPlant,2,,
1227,Sentinel Energy Center LLC_CTG3,57482,"Sentinel Energy Center, LLC",ThermalPowerPlant,3,,
1228,Sentinel Energy Center LLC_CTG4,57482,"Sentinel Energy Center, LLC",ThermalPowerPlant,4,,
1229,Sentinel Energy Center LLC_CTG5,57482,"Sentinel Energy Center, LLC",ThermalPowerPlant,5,,
1230,Sentinel Energy Center LLC_CTG6,57482,"Sentinel Energy Center, LLC",ThermalPowerPlant,6,,
1231,Sentinel Energy Center LLC_CTG7,57482,"Sentinel Energy Center, LLC",ThermalPowerPlant,7,,
1232,Sentinel Energy Center LLC_CTG8,57482,"Sentinel Energy Center, LLC",ThermalPowerPlant,8,,
1233,Mariposa Energy Project_CTG1,57483,Mariposa Energy Project,ThermalPowerPlant,1,,
1234,Mariposa Energy Project_CTG2,57483,Mariposa Energy Project,ThermalPowerPlant,2,,
1235,Mariposa Energy Project_CTG3,57483,Mariposa Energy Project,ThermalPowerPlant,3,,
1236,Mariposa Energy Project_CTG4,57483,Mariposa Energy Project,ThermalPowerPlant,4,,
1237,Manzana Wind LLC_GEN1,57484,Manzana Wind LLC,RenewablePowerPlant,1,,
1238,Imperial Solar Energy Center South_56819,57490,Imperial Solar Energy Center South,RenewablePowerPlant,1,,
1239,Imperial Solar Energy Center West_56819,57491,Imperial Solar Energy Center West,RenewablePowerPlant,1,,
1240,Stroud Solar Station_1,57497,Stroud Solar Station,RenewablePowerPlant,1,,
1241,Five Points Solar Station_1,57498,Five Points Solar Station,RenewablePowerPlant,1,,
1242,Westside Solar Station_1,57499,Westside Solar Station,RenewablePowerPlant,1,,
1243,FRV SI Transport Solar LP_SEIM,57506,FRV SI Transport Solar LP,RenewablePowerPlant,1,,
1244,Walnut Creek Energy Park_GT1,57515,Walnut Creek Energy Park,ThermalPowerPlant,1,,
1245,Walnut Creek Energy Park_GT2,57515,Walnut Creek Energy Park,ThermalPowerPlant,2,,
1246,Walnut Creek Energy Park_GT3,57515,Walnut Creek Energy Park,ThermalPowerPlant,3,,
1247,Walnut Creek Energy Park_GT4,57515,Walnut Creek Energy Park,ThermalPowerPlant,4,,
1248,Walnut Creek Energy Park_GT5,57515,Walnut Creek Energy Park,ThermalPowerPlant,5,,
1249,Cantua Solar Station_1,57522,Cantua Solar Station,RenewablePowerPlant,1,,
1250,Huron Solar Station_1,57523,Huron Solar Station,RenewablePowerPlant,1,,
1251,Solar Photovoltaic Project No32_S32A,57534,Solar Photovoltaic Project #32,RenewablePowerPlant,1,,
1252,Solar Photovoltaic Project No32_S32B,57534,Solar Photovoltaic Project #32,RenewablePowerPlant,2,,
1253,Solar Photovoltaic Project No32_S32C,57534,Solar Photovoltaic Project #32,RenewablePowerPlant,3,,
1254,Solar Photovoltaic Project No33_S33A,57535,Solar Photovoltaic Project #33,RenewablePowerPlant,1,,
1255,Solar Photovoltaic Project No33_S33B,57535,Solar Photovoltaic Project #33,RenewablePowerPlant,2,,
1256,Cal State Univ San Bernardino FC01_FC01,57544,Cal State Univ San Bernardino FC01,ThermalPowerPlant,1,,
1257,Pio Pico Energy Center_CTG1,57555,Pio Pico Energy Center,ThermalPowerPlant,1,,
1258,Pio Pico Energy Center_CTG2,57555,Pio Pico Energy Center,ThermalPowerPlant,2,,
1259,Pio Pico Energy Center_CTG3,57555,Pio Pico Energy Center,ThermalPowerPlant,3,,
1260,Sunnyvale City of WPCP_S-14,57557,Sunnyvale City of WPCP,ThermalPowerPlant,1,,
1261,Sunnyvale City of WPCP_S-15,57557,Sunnyvale City of WPCP,ThermalPowerPlant,2,,
1262,Sunset Reservoir North Basin_1,57559,Sunset Reservoir North Basin,RenewablePowerPlant,1,,
1263,Algonquin Power Sanger LLC_CTG,57564,Algonquin Power Sanger LLC,CombinedCycleBlock,1,CC1,SeparateShaftCombustionSteam
1264,Algonquin Power Sanger LLC_STG2,57564,Algonquin Power Sanger LLC,CombinedCycleBlock,1,CC1,SeparateShaftCombustionSteam
1265,GE - Tehachapi_2.5P2,57566,GE - Tehachapi,RenewablePowerPlant,1,,
1266,GE - Tehachapi_2.8P3,57566,GE - Tehachapi,RenewablePowerPlant,2,,
1267,CCCSD Wastewater Treatment Plnt_S188,57573,CCCSD Wastewater Treatment Plnt,ThermalPowerPlant,1,,
1268,Robert O Schulz Solar Farm_1,57579,Robert O Schulz Solar Farm,RenewablePowerPlant,1,,
1269,Robert O Schulz Solar Farm_2,57579,Robert O Schulz Solar Farm,RenewablePowerPlant,2,,
1270,Broadridge Cogen_CG1,57580,Broadridge Cogen,ThermalPowerPlant,1,,
1271,Broadridge Cogen_CG2,57580,Broadridge Cogen,ThermalPowerPlant,2,,
1272,Broadridge Cogen_PV1,57580,Broadridge Cogen,RenewablePowerPlant,3,,
1273,Broadridge Cogen_PV2,57580,Broadridge Cogen,RenewablePowerPlant,4,,
1274,University of California San Diego Hybrid_BS1,57584,University of California San Diego Hybrid,RenewablePowerPlant,1,,
1275,University of California San Diego Hybrid_NT2,57584,University of California San Diego Hybrid,CombinedCycleBlock,1,CC1,DoubleCombustionOneSteam
1276,University of California San Diego Hybrid_ST1,57584,University of California San Diego Hybrid,CombinedCycleBlock,1,CC1,DoubleCombustionOneSteam
1277,University of California San Diego Hybrid_STG,57584,University of California San Diego Hybrid,CombinedCycleBlock,1,CC1,DoubleCombustionOneSteam
1278,Oxnard Paper Mill_1,57585,Oxnard Paper Mill,ThermalPowerPlant,1,,
1279,Rising Tree Wind Farm_GEN1,57621,Rising Tree Wind Farm,RenewablePowerPlant,1,,
1280,Foundation ST_WTG1,57626,Foundation ST,RenewablePowerPlant,1,,
1281,Bakersfield College Solar 01_BC01,57655,Bakersfield College Solar 01,RenewablePowerPlant,1,,
1282,Temescal Canyon RV LLC_1,57656,"Temescal Canyon RV, LLC",RenewablePowerPlant,1,,
1283,SMUD at Grundman_PV1,57669,SMUD at Grundman,RenewablePowerPlant,1,,
1284,SMUD at Van Conett_PV1,57670,SMUD at Van Conett,RenewablePowerPlant,1,,
1285,SMUD at Fleshman_PV1,57671,SMUD at Fleshman,RenewablePowerPlant,1,,
1286,City of Madera WWTP_1,57682,City of Madera WWTP,RenewablePowerPlant,1,,
1287,Staples La Mirada CA_1,57683,"Staples La Mirada, CA",RenewablePowerPlant,1,,
1288,Topaz Solar Farm_TPZ1,57695,Topaz Solar Farm,RenewablePowerPlant,1,,
1289,Topaz Solar Farm_TPZ2,57695,Topaz Solar Farm,RenewablePowerPlant,2,,
1290,Topaz Solar Farm_TPZ3,57695,Topaz Solar Farm,RenewablePowerPlant,3,,
1291,Topaz Solar Farm_TPZ4,57695,Topaz Solar Farm,RenewablePowerPlant,4,,
1292,Topaz Solar Farm_TPZ5,57695,Topaz Solar Farm,RenewablePowerPlant,5,,
1293,Aerojet I_1,57697,Aerojet I,RenewablePowerPlant,1,,
1294,Aerojet II_1,57698,Aerojet II,RenewablePowerPlant,1,,
1295,Vasco Winds_1,57700,Vasco Winds,RenewablePowerPlant,1,,
1296,Montezuma Wind II_1,57701,Montezuma Wind II,RenewablePowerPlant,1,,
1297,Signal Hill West Unit_1,57702,Signal Hill West Unit,ThermalPowerPlant,1,,
1298,Catalina Solar LLC_INV,57708,Catalina Solar LLC,RenewablePowerPlant,1,,
1299,Watkins Manufacturing Co._GEN1,57715,Watkins Manufacturing Co.,ThermalPowerPlant,1,,
1300,Watkins Manufacturing Co._GEN2,57715,Watkins Manufacturing Co.,ThermalPowerPlant,2,,
1301,North Palm Springs 4A_1,57722,North Palm Springs 4A,RenewablePowerPlant,1,,
1302,Shiloh IV Wind Project LLC_1,57725,Shiloh IV Wind Project LLC,RenewablePowerPlant,1,,
1303,Lake Hodges Hydroelectric Facility_1,57729,Lake Hodges Hydroelectric Facility,HydroPowerPlant,1,,
1304,Lake Hodges Hydroelectric Facility_2,57729,Lake Hodges Hydroelectric Facility,HydroPowerPlant,2,,
1305,UCSD Fuel Cell Plant_UCSD,57735,UCSD Fuel Cell Plant,ThermalPowerPlant,1,,
1306,North Palm Springs 1A_1,57743,North Palm Springs 1A,RenewablePowerPlant,1,,
1307,SMUD at Lawrence_PV1,57753,SMUD at Lawrence,RenewablePowerPlant,1,,
1308,Pacific Wind LLC_1,57757,Pacific Wind LLC,RenewablePowerPlant,1,,
1309,Naval Air Weapons Station China Lake_1,57764,Naval Air Weapons Station China Lake,RenewablePowerPlant,1,,
1310,South Bay Fuel Cell Plant_SBFC,57770,South Bay Fuel Cell Plant,ThermalPowerPlant,1,,
1311,Ameresco Butte County_1,57771,Ameresco Butte County,ThermalPowerPlant,1,,
1312,Palo Verde College_1,57773,Palo Verde College,RenewablePowerPlant,1,,
1313,Windstar 1_WGNS,57774,Windstar 1,RenewablePowerPlant,1,,
1314,RE Dillard 1 LLC_DL1,57777,RE Dillard 1 LLC,RenewablePowerPlant,1,,
1315,RE Kammerer 1 LLC_KAM1,57778,RE Kammerer 1 LLC,RenewablePowerPlant,1,,
1316,RE Dillard 2 LLC_DIL2,57779,RE Dillard 2 LLC,RenewablePowerPlant,1,,
1317,RE Kammerer 2 LLC_KAM2,57780,RE Kammerer 2 LLC,RenewablePowerPlant,1,,
1318,RE Dillard 3 LLC_DIL3,57781,RE Dillard 3 LLC,RenewablePowerPlant,1,,
1319,RE Kammerer 3 LLC_KAM3,57782,RE Kammerer 3 LLC,RenewablePowerPlant,1,,
1320,RE Bruceville 1 LLC_BRU1,57783,RE Bruceville 1 LLC,RenewablePowerPlant,1,,
1321,RE Bruceville 2 LLC_BRU2,57784,RE Bruceville 2 LLC,RenewablePowerPlant,1,,
1322,RE Bruceville 3 LLC_BRU3,57785,RE Bruceville 3 LLC,RenewablePowerPlant,1,,
1323,Foundation AB_WTG1,57791,Foundation AB,RenewablePowerPlant,1,,
1324,Foundation IE_WTG1,57792,Foundation IE,RenewablePowerPlant,1,,
1325,Golden Springs Building C-1_1,57796,Golden Springs Building C-1,RenewablePowerPlant,1,,
1326,Golden Springs Building D_1,57797,Golden Springs Building D,RenewablePowerPlant,1,,
1327,RE Dillard 4 LLC_DIL4,57806,RE Dillard 4 LLC,RenewablePowerPlant,1,,
1328,Coca Cola American Canyon_COK01,57807,Coca Cola American Canyon,ThermalPowerPlant,1,,
1329,Lockheed Martin Sunnyvale_LOK00,57808,Lockheed Martin Sunnyvale,ThermalPowerPlant,1,,
1330,Franklin Templeton San Mateo_FRK00,57809,Franklin Templeton San Mateo,ThermalPowerPlant,1,,
1331,Adobe San Jose_ADB00,57811,Adobe San Jose,ThermalPowerPlant,1,,
1332,Adobe San Jose_ADB01,57811,Adobe San Jose,ThermalPowerPlant,2,,
1333,RE McKenzie 1 LLC_MCK1,57816,RE McKenzie 1 LLC,RenewablePowerPlant,1,,
1334,RE McKenzie 2 LLC_MCK2,57817,RE McKenzie 2 LLC,RenewablePowerPlant,1,,
1335,RE McKenzie 3 LLC_MCK3,57818,RE McKenzie 3 LLC,RenewablePowerPlant,1,,
1336,RE McKenzie 4 LLC_MCK4,57819,RE McKenzie 4 LLC,RenewablePowerPlant,1,,
1337,RE McKenzie 5 LLC_MCK5,57820,RE McKenzie 5 LLC,RenewablePowerPlant,1,,
1338,RE McKenzie 6 LLC_MCK6,57821,RE McKenzie 6 LLC,RenewablePowerPlant,1,,
1339,Dinuba Wastewater Treatment Plant_DSPV,57827,Dinuba Wastewater Treatment Plant,RenewablePowerPlant,1,,
1340,Heliocentric_1,57831,Heliocentric,RenewablePowerPlant,1,,
1341,Mustang Hills LLC_AW06,57833,Mustang Hills LLC,RenewablePowerPlant,1,,
1342,Pinyon Pine I_AW07,57834,Pinyon Pine I,RenewablePowerPlant,1,,
1343,Alta Wind VIII_AW08,57835,Alta Wind VIII,RenewablePowerPlant,1,,
1344,L-8 Solar Project_TSM,57836,L-8 Solar Project,RenewablePowerPlant,1,,
1345,Pinyon Pine II_AW09,57837,Pinyon Pine II,RenewablePowerPlant,1,,
1346,ISH Solar Hospital SDMC_1,57840,ISH Solar Hospital SDMC,RenewablePowerPlant,1,,
1347,ISH Solar Hospital Downey_1,57841,ISH Solar Hospital Downey,RenewablePowerPlant,1,,
1348,Green Acres Solar Facility 1_GASF1,57849,Green Acres Solar Facility 1,RenewablePowerPlant,1,,
1349,Green Acres Solar Facility 2_GASF2,57850,Green Acres Solar Facility 2,RenewablePowerPlant,1,,
1350,North Hollywood_1PT1,57854,North Hollywood,HydroPowerPlant,1,,
1351,North Hollywood_2T3,57854,North Hollywood,HydroPowerPlant,2,,
1352,Univ of California San Diego Solar_SGU1,57856,Univ of California San Diego Solar,RenewablePowerPlant,1,,
1353,Industry MetroLink PV 1_1,57860,Industry MetroLink PV 1,RenewablePowerPlant,1,,
1354,2555 E Olympic Bl_1,57871,2555 E Olympic Bl,RenewablePowerPlant,1,,
1355,Guernsey Solar Station_1,57891,Guernsey Solar Station,RenewablePowerPlant,1,,
1356,Gates Solar Station_1,57892,Gates Solar Station,RenewablePowerPlant,1,,
1357,Improvement Dst No. 4_ID4,57895,Improvement Dst No. 4,RenewablePowerPlant,1,,
1358,Solar Photovoltaic Project No48_S48A,57900,Solar Photovoltaic Project #48,RenewablePowerPlant,1,,
1359,Solar Photovoltaic Project No48_S48B,57900,Solar Photovoltaic Project #48,RenewablePowerPlant,2,,
1360,Solar Photovoltaic Project No48_S48C,57900,Solar Photovoltaic Project #48,RenewablePowerPlant,3,,
1361,Solar Photovoltaic Project No48_S48D,57900,Solar Photovoltaic Project #48,RenewablePowerPlant,4,,
1362,Solar Photovoltaic Project No48_S48E,57900,Solar Photovoltaic Project #48,RenewablePowerPlant,5,,
1363,Solar Photovoltaic Project No48_S48F,57900,Solar Photovoltaic Project #48,RenewablePowerPlant,6,,
1364,Solar Photovoltaic Project No48_S48G,57900,Solar Photovoltaic Project #48,RenewablePowerPlant,7,,
1365,Solar Photovoltaic Project No48_S48H,57900,Solar Photovoltaic Project #48,RenewablePowerPlant,8,,
1366,Solar Photovoltaic Project No48_S48I,57900,Solar Photovoltaic Project #48,RenewablePowerPlant,9,,
1367,Solar Photovoltaic Project No48_S48J,57900,Solar Photovoltaic Project #48,RenewablePowerPlant,10,,
1368,El Segundo Energy Center LLC_5,57901,El Segundo Energy Center LLC,CombinedCycleBlock,1,1011,SeparateShaftCombustionSteam
1369,El Segundo Energy Center LLC_6,57901,El Segundo Energy Center LLC,CombinedCycleBlock,1,1011,SeparateShaftCombustionSteam
1370,El Segundo Energy Center LLC_7,57901,El Segundo Energy Center LLC,CombinedCycleBlock,2,2021,SeparateShaftCombustionSteam
1371,El Segundo Energy Center LLC_8,57901,El Segundo Energy Center LLC,CombinedCycleBlock,2,2021,SeparateShaftCombustionSteam
1372,San Antonio West Solar Rooftop_CHNO,57904,San Antonio West Solar Rooftop,RenewablePowerPlant,1,,
1373,Tule Wind LLC_1,57913,Tule Wind LLC,RenewablePowerPlant,1,,
1374,Spreckels Sugar Company_1,57916,Spreckels Sugar Company,ThermalPowerPlant,1,,
1375,Solar Star California II LLC_1,57933,Solar Star California II LLC,RenewablePowerPlant,1,,
1376,Desert Green Solar Farm LLC_1,57959,Desert Green Solar Farm LLC,RenewablePowerPlant,1,,
1377,Brookfield Tehachapi 1_BT1,57962,Brookfield Tehachapi 1,RenewablePowerPlant,1,,
1378,Butte College Main Campus Solar_SOL1,57970,Butte College Main Campus Solar,RenewablePowerPlant,1,,
1379,SF Southeast Cogen Plant_COGEN,57971,SF Southeast Cogen Plant,ThermalPowerPlant,1,,
1380,Lodi Energy Center_CT1,57978,Lodi Energy Center,CombinedCycleBlock,1,CC1,SeparateShaftCombustionSteam
1381,Lodi Energy Center_ST1,57978,Lodi Energy Center,CombinedCycleBlock,1,CC1,SeparateShaftCombustionSteam
1382,Meridian Vineyards_PV-1,57982,Meridian Vineyards,RenewablePowerPlant,1,,
1383,Meridian Vineyards_PV-2,57982,Meridian Vineyards,RenewablePowerPlant,2,,
1384,Desert Sunlight 300 LLC_DSL1,57993,"Desert Sunlight 300, LLC",RenewablePowerPlant,1,,
1385,Desert Sunlight 300 LLC_DSL10,57993,"Desert Sunlight 300, LLC",RenewablePowerPlant,2,,
1386,Desert Sunlight 300 LLC_DSL11,57993,"Desert Sunlight 300, LLC",RenewablePowerPlant,3,,
1387,Desert Sunlight 300 LLC_DSL2,57993,"Desert Sunlight 300, LLC",RenewablePowerPlant,4,,
1388,Desert Sunlight 300 LLC_DSL3,57993,"Desert Sunlight 300, LLC",RenewablePowerPlant,5,,
1389,Desert Sunlight 300 LLC_DSL4,57993,"Desert Sunlight 300, LLC",RenewablePowerPlant,6,,
1390,Desert Sunlight 300 LLC_DSL5,57993,"Desert Sunlight 300, LLC",RenewablePowerPlant,7,,
1391,Desert Sunlight 300 LLC_DSL6,57993,"Desert Sunlight 300, LLC",RenewablePowerPlant,8,,
1392,Desert Sunlight 300 LLC_DSL7,57993,"Desert Sunlight 300, LLC",RenewablePowerPlant,9,,
1393,Desert Sunlight 300 LLC_DSL8,57993,"Desert Sunlight 300, LLC",RenewablePowerPlant,10,,
1394,Desert Sunlight 300 LLC_DSL9,57993,"Desert Sunlight 300, LLC",RenewablePowerPlant,11,,
1395,Alpaugh North_SPS,58002,Alpaugh North,RenewablePowerPlant,1,,
1396,Alpaugh 50_SPS50,58003,Alpaugh 50,RenewablePowerPlant,1,,
1397,Brea Expansion Plant_G1,58007,Brea Expansion Plant,CombinedCycleBlock,1,CC1,Other
1398,Brea Expansion Plant_G2,58007,Brea Expansion Plant,CombinedCycleBlock,1,CC1,Other
1399,Brea Expansion Plant_G3,58007,Brea Expansion Plant,CombinedCycleBlock,1,CC1,Other
1400,Brea Expansion Plant_G4,58007,Brea Expansion Plant,CombinedCycleBlock,1,CC1,Other
1401,Brea Expansion Plant_G5,58007,Brea Expansion Plant,CombinedCycleBlock,1,CC1,Other
1402,Axium Modesto Solar_1,58039,Axium Modesto Solar,RenewablePowerPlant,1,,
1403,MolsonCoors Irwindale Brewery_JEN1,58056,MolsonCoors Irwindale Brewery,ThermalPowerPlant,1,,
1404,MolsonCoors Irwindale Brewery_JEN2,58056,MolsonCoors Irwindale Brewery,ThermalPowerPlant,2,,
1405,MolsonCoors Irwindale Brewery_PV,58056,MolsonCoors Irwindale Brewery,RenewablePowerPlant,3,,
1406,MolsonCoors Irwindale Brewery_T100,58056,MolsonCoors Irwindale Brewery,ThermalPowerPlant,4,,
1407,MolsonCoors Irwindale Brewery_T200,58056,MolsonCoors Irwindale Brewery,ThermalPowerPlant,5,,
1408,Paramount Refinery_1,58058,Paramount Refinery,ThermalPowerPlant,1,,
1409,SEPV 1_SEPV,58073,SEPV 1,RenewablePowerPlant,1,,
1410,Edwards Air Force Base_1,58076,Edwards Air Force Base,RenewablePowerPlant,1,,
1411,Edwards Air Force Base_2,58076,Edwards Air Force Base,RenewablePowerPlant,2,,
1412,Edwards Air Force Base_3,58076,Edwards Air Force Base,RenewablePowerPlant,3,,
1413,Fullerton Mill CHP_GTG1,58083,Fullerton Mill CHP,CombinedCycleBlock,1,CC1,SeparateShaftCombustionSteam
1414,Fullerton Mill CHP_STG1,58083,Fullerton Mill CHP,CombinedCycleBlock,1,CC1,SeparateShaftCombustionSteam
1415,Intel Folsom_1,58086,Intel Folsom,RenewablePowerPlant,1,,
1416,Intel Folsom_2,58086,Intel Folsom,RenewablePowerPlant,2,,
1417,Kern Oil & Refining Co_5900,58100,Kern Oil & Refining Co,ThermalPowerPlant,1,,
1418,Foundation Cemex River Plant_WTG1,58101,Foundation Cemex River Plant,RenewablePowerPlant,1,,
1419,Foundation Cemex River Plant_WTG2,58101,Foundation Cemex River Plant,RenewablePowerPlant,2,,
1420,Foundation Superior Farms_WTG1,58104,Foundation Superior Farms,RenewablePowerPlant,1,,
1421,Foundation Wal-Mart Red Bluff_WTG1,58105,Foundation Wal-Mart Red Bluff,RenewablePowerPlant,1,,
1422,Foundation Cemex Madison_WTG1,58112,Foundation Cemex Madison,RenewablePowerPlant,1,,
1423,Foundation NWNA_WTG1,58114,Foundation NWNA,RenewablePowerPlant,1,,
1424,Foundation NWNA_WTG2,58114,Foundation NWNA,RenewablePowerPlant,2,,
1425,Foundation NWNA_WTG3,58114,Foundation NWNA,RenewablePowerPlant,3,,
1426,La Joya Del Sol_JDS1,58118,La Joya Del Sol,RenewablePowerPlant,1,,
1427,Depot Park Solar System_DPSS,58119,Depot Park Solar System,RenewablePowerPlant,1,,
1428,Delano Energy Center_GEN1,58122,Delano Energy Center,ThermalPowerPlant,1,,
1429,Kaiser Downey_KRSO1,58128,Kaiser Downey,ThermalPowerPlant,1,,
1430,Kaiser Downey_KRSO2,58128,Kaiser Downey,ThermalPowerPlant,2,,
1431,Kaiser Downey_KRSO3,58128,Kaiser Downey,ThermalPowerPlant,3,,
1432,Kaiser Downey_KRSO4,58128,Kaiser Downey,ThermalPowerPlant,4,,
1433,Kaiser Downey_KRSO5,58128,Kaiser Downey,ThermalPowerPlant,5,,
1434,Kaiser Ontario_KSRO1,58132,Kaiser Ontario,ThermalPowerPlant,1,,
1435,Kaiser Ontario_KSRO2,58132,Kaiser Ontario,ThermalPowerPlant,2,,
1436,Kaiser Ontario_KSRO3,58132,Kaiser Ontario,ThermalPowerPlant,3,,
1437,Kaiser Ontario_KSRO4,58132,Kaiser Ontario,ThermalPowerPlant,4,,
1438,Kaiser Ontario_KSRO5,58132,Kaiser Ontario,ThermalPowerPlant,5,,
1439,RE Kansas South LLC_KS,58148,RE Kansas South LLC,RenewablePowerPlant,1,,
1440,TA-High Desert LLC_TAHD,58149,TA-High Desert LLC,RenewablePowerPlant,1,,
1441,Energy Center_TURB1,58168,Energy Center,ThermalPowerPlant,1,,
1442,Energy Center_TURB2,58168,Energy Center,ThermalPowerPlant,2,,
1443,Energy Center_TURB3,58168,Energy Center,ThermalPowerPlant,3,,
1444,CSUF Trigeneration_1,58169,CSUF Trigeneration,ThermalPowerPlant,1,,
1445,CSUF Trigeneration_CPAC,58169,CSUF Trigeneration,RenewablePowerPlant,2,,
1446,CSUF Trigeneration_KHS,58169,CSUF Trigeneration,RenewablePowerPlant,3,,
1447,CSUF Trigeneration_NPS,58169,CSUF Trigeneration,RenewablePowerPlant,4,,
1448,CSUF Trigeneration_PS4,58169,CSUF Trigeneration,RenewablePowerPlant,5,,
1449,CSUF Trigeneration_SCPS,58169,CSUF Trigeneration,RenewablePowerPlant,6,,
1450,Crafton Hills College Solar Farm_GEN1,58170,Crafton Hills College Solar Farm,RenewablePowerPlant,1,,
1451,Thomas M Knott Cogen Facility_CG,58190,Thomas M Knott Cogen Facility,ThermalPowerPlant,1,,
1452,Parnassus Central Utility Plant_GTG1,58198,Parnassus Central Utility Plant,CombinedCycleBlock,1,CC1,DoubleCombustionOneSteam
1453,Parnassus Central Utility Plant_GTG2,58198,Parnassus Central Utility Plant,CombinedCycleBlock,1,CC1,DoubleCombustionOneSteam
1454,Parnassus Central Utility Plant_STG1,58198,Parnassus Central Utility Plant,CombinedCycleBlock,1,CC1,DoubleCombustionOneSteam
1455,RE Victor Phelan Solar One LLC_VPS1,58202,RE Victor Phelan Solar One LLC,RenewablePowerPlant,1,,
1456,Grassland 3&4 Solar Project_INV3,58204,Grassland 3&4 Solar Project,RenewablePowerPlant,1,,
1457,West Gates Solar Station_1,58206,West Gates Solar Station,RenewablePowerPlant,1,,
1458,J.R. Simplot Company_1,58216,J.R. Simplot Company,ThermalPowerPlant,1,,
1459,Grassland 1&2 Solar Project_INV4,58217,Grassland 1&2 Solar Project,RenewablePowerPlant,1,,
1460,Hoag Hospital Cogen Plant_1,58223,Hoag Hospital Cogen Plant,ThermalPowerPlant,1,,
1461,Hoag Hospital Cogen Plant_2,58223,Hoag Hospital Cogen Plant,ThermalPowerPlant,2,,
1462,Hoag Hospital Cogen Plant_3,58223,Hoag Hospital Cogen Plant,ThermalPowerPlant,3,,
1463,Newberry Solar 1 LLC_1,58226,Newberry Solar 1 LLC,RenewablePowerPlant,1,,
1464,Tahquitz High School_TAHQ,58232,Tahquitz High School,RenewablePowerPlant,1,,
1465,Wagner Wind LLC_GEN1,58233,Wagner Wind LLC,RenewablePowerPlant,1,,
1466,West Valley High School Solar_WEST,58244,West Valley High School Solar,RenewablePowerPlant,1,,
1467,Pierce College_GEN1,58248,Pierce College,RenewablePowerPlant,1,,
1468,VA Sepulveda Ambulatory Care Center_GEN1,58249,VA Sepulveda Ambulatory Care Center,RenewablePowerPlant,1,,
1469,C&H Sugar Plant_TG3,58251,C&H Sugar Plant,ThermalPowerPlant,1,,
1470,C&H Sugar Plant_TG4,58251,C&H Sugar Plant,ThermalPowerPlant,2,,
1471,CBS Television City_GEN1,58253,CBS Television City,RenewablePowerPlant,1,,
1472,CBS Television City_GEN2,58253,CBS Television City,ThermalPowerPlant,2,,
1473,CBS Television City_GEN3,58253,CBS Television City,ThermalPowerPlant,3,,
1474,CBS Television City_GEN4,58253,CBS Television City,ThermalPowerPlant,4,,
1475,Central Utilities Plant LAX 2_GEN1,58258,Central Utilities Plant LAX 2,ThermalPowerPlant,1,,
1476,Central Utilities Plant LAX 2_GEN2,58258,Central Utilities Plant LAX 2,ThermalPowerPlant,2,,
1477,Venable Solar 1_VNPV,58289,Venable Solar 1,RenewablePowerPlant,1,,
1478,Venable Solar 2_VSPV,58290,Venable Solar 2,RenewablePowerPlant,1,,
1479,Roll Delano 2_ROL6,58296,Roll Delano 2,ThermalPowerPlant,1,,
1480,Roll Delano_ROL4,58297,Roll Delano,ThermalPowerPlant,1,,
1481,Roll Lost Hills_ROL3,58298,Roll Lost Hills,ThermalPowerPlant,1,,
1482,Xilinx San Jose_XLX,58299,Xilinx San Jose,ThermalPowerPlant,1,,
1483,Honda Torrance_HON,58300,Honda Torrance,ThermalPowerPlant,1,,
1484,Juniper Networks Sunnyvale_JPR,58301,Juniper Networks Sunnyvale,ThermalPowerPlant,1,,
1485,Life Technologies Carlsbad_LFT,58302,Life Technologies Carlsbad,ThermalPowerPlant,1,,
1486,Taylor Farms Salinas_TLR,58303,Taylor Farms Salinas,ThermalPowerPlant,1,,
1487,Kingsburg Solar_1,58304,Kingsburg Solar,RenewablePowerPlant,1,,
1488,Kingsburg Solar_2,58304,Kingsburg Solar,RenewablePowerPlant,2,,
1489,Kingsburg Solar_3,58304,Kingsburg Solar,RenewablePowerPlant,3,,
1490,Exeter Solar_1,58306,Exeter Solar,RenewablePowerPlant,1,,
1491,Exeter Solar_2,58306,Exeter Solar,RenewablePowerPlant,2,,
1492,Exeter Solar_3,58306,Exeter Solar,RenewablePowerPlant,3,,
1493,Ivanhoe Solar_1,58307,Ivanhoe Solar,RenewablePowerPlant,1,,
1494,Ivanhoe Solar_2,58307,Ivanhoe Solar,RenewablePowerPlant,2,,
1495,Ivanhoe Solar_3,58307,Ivanhoe Solar,RenewablePowerPlant,3,,
1496,Lindsay Solar_1,58308,Lindsay Solar,RenewablePowerPlant,1,,
1497,Lindsay Solar_3,58308,Lindsay Solar,RenewablePowerPlant,2,,
1498,Lindsay Solar_4,58308,Lindsay Solar,RenewablePowerPlant,3,,
1499,Porterville Solar_1,58309,Porterville Solar,RenewablePowerPlant,1,,
1500,Porterville Solar_2,58309,Porterville Solar,RenewablePowerPlant,2,,
1501,Porterville Solar_5,58309,Porterville Solar,RenewablePowerPlant,3,,
1502,G2 Energy Hay Rd_362,58320,G2 Energy Hay Rd,ThermalPowerPlant,1,,
1503,Radiance Solar 4_1,58354,Radiance Solar 4,RenewablePowerPlant,1,,
1504,Radiance Solar 5_1,58355,Radiance Solar 5,RenewablePowerPlant,1,,
1505,Atwell Island_1,58366,Atwell Island,RenewablePowerPlant,1,,
1506,Gridley Main_GEN1,58370,Gridley Main,RenewablePowerPlant,1,,
1507,Gridley Main Two_GEN1,58371,Gridley Main Two,RenewablePowerPlant,1,,
1508,White River Solar_WRCA,58373,White River Solar,RenewablePowerPlant,1,,
1509,Corcoran Solar_CSCA,58374,Corcoran Solar,RenewablePowerPlant,1,,
1510,Oakley Solar Project_1,58376,Oakley Solar Project,RenewablePowerPlant,1,,
1511,Cold Canyon 1_W3998,58379,Cold Canyon 1,ThermalPowerPlant,1,,
1512,Solar Star 1_AVS1,58388,Solar Star 1,RenewablePowerPlant,1,,
1513,Solar Star 1_SS11,58388,Solar Star 1,RenewablePowerPlant,2,,
1514,Solar Star 1_SS12,58388,Solar Star 1,RenewablePowerPlant,3,,
1515,Solar Star 1_SS13,58388,Solar Star 1,RenewablePowerPlant,4,,
1516,Solar Star 1_SS14,58388,Solar Star 1,RenewablePowerPlant,5,,
1517,Solar Star 1_SS15,58388,Solar Star 1,RenewablePowerPlant,6,,
1518,Solar Star 1_SS16,58388,Solar Star 1,RenewablePowerPlant,7,,
1519,Solar Star 2_AVS2,58389,Solar Star 2,RenewablePowerPlant,1,,
1520,Solar Star 2_SS21,58389,Solar Star 2,RenewablePowerPlant,2,,
1521,Solar Star 2_SS22,58389,Solar Star 2,RenewablePowerPlant,3,,
1522,Solar Star 2_SS23,58389,Solar Star 2,RenewablePowerPlant,4,,
1523,Solar Star 2_SS24,58389,Solar Star 2,RenewablePowerPlant,5,,
1524,Solar Star 2_SS25,58389,Solar Star 2,RenewablePowerPlant,6,,
1525,Alta Wind X_AW10,58394,Alta Wind X,RenewablePowerPlant,1,,
1526,Alta Wind XI_AW11,58395,Alta Wind XI,RenewablePowerPlant,1,,
1527,Ameresco Johnson Canyon_ENG1,58397,Ameresco Johnson Canyon,ThermalPowerPlant,1,,
1528,Victor Dry Farm Ranch A_1,58418,Victor Dry Farm Ranch A,RenewablePowerPlant,1,,
1529,Victor Dry Farm Ranch B_1,58419,Victor Dry Farm Ranch B,RenewablePowerPlant,1,,
1530,Sunshine Gas Producers_1,58429,Sunshine Gas Producers,ThermalPowerPlant,1,,
1531,Sunshine Gas Producers_2,58429,Sunshine Gas Producers,ThermalPowerPlant,2,,
1532,Sunshine Gas Producers_3,58429,Sunshine Gas Producers,ThermalPowerPlant,3,,
1533,Sunshine Gas Producers_4,58429,Sunshine Gas Producers,ThermalPowerPlant,4,,
1534,Sunshine Gas Producers_5,58429,Sunshine Gas Producers,ThermalPowerPlant,5,,
1535,Centinela Solar Energy_CSE1,58430,Centinela Solar Energy,RenewablePowerPlant,1,,
1536,Centinela Solar Energy_CSE2,58430,Centinela Solar Energy,RenewablePowerPlant,2,,
1537,Centinela Solar Energy_CSE3,58430,Centinela Solar Energy,RenewablePowerPlant,3,,
1538,Centinela Solar Energy_CSE4,58430,Centinela Solar Energy,RenewablePowerPlant,4,,
1539,Centinela Solar Energy_CSE5,58430,Centinela Solar Energy,RenewablePowerPlant,5,,
1540,Centinela Solar Energy_CSE6,58430,Centinela Solar Energy,RenewablePowerPlant,6,,
1541,Houweling Nurseries_COG1,58432,Houweling Nurseries,ThermalPowerPlant,1,,
1542,Houweling Nurseries_COG2,58432,Houweling Nurseries,ThermalPowerPlant,2,,
1543,Houweling Nurseries_COG3,58432,Houweling Nurseries,ThermalPowerPlant,3,,
1544,Ameresco San Joaquin_ENG1,58436,Ameresco San Joaquin,ThermalPowerPlant,1,,
1545,Ameresco San Joaquin_ENG2,58436,Ameresco San Joaquin,ThermalPowerPlant,2,,
1546,Ameresco Forward_ENG1,58437,Ameresco Forward,ThermalPowerPlant,1,,
1547,Ameresco Forward_ENG2,58437,Ameresco Forward,ThermalPowerPlant,2,,
1548,CBS Studio Center_9560,58440,CBS Studio Center,ThermalPowerPlant,1,,
1549,CBS Studio Center_9580,58440,CBS Studio Center,ThermalPowerPlant,2,,
1550,CBS Studio Center_9581,58440,CBS Studio Center,ThermalPowerPlant,3,,
1551,CBS Studio Center_9583,58440,CBS Studio Center,ThermalPowerPlant,4,,
1552,CBS Studio Center_9585,58440,CBS Studio Center,ThermalPowerPlant,5,,
1553,CBS Studio Center_9587,58440,CBS Studio Center,ThermalPowerPlant,6,,
1554,Arrache 4006_1,58445,Arrache 4006,RenewablePowerPlant,1,,
1555,Arrache 4006_2,58445,Arrache 4006,RenewablePowerPlant,2,,
1556,Arrache 4013_1,58446,Arrache 4013,RenewablePowerPlant,1,,
1557,Arrache 8083_1,58447,Arrache 8083,RenewablePowerPlant,1,,
1558,Arrache 8083_2,58447,Arrache 8083,RenewablePowerPlant,2,,
1559,Arrache 8083_3,58447,Arrache 8083,RenewablePowerPlant,3,,
1560,Nunn_1,58448,Nunn,RenewablePowerPlant,1,,
1561,Rutan_1,58449,Rutan,RenewablePowerPlant,1,,
1562,Rutan_2,58449,Rutan,RenewablePowerPlant,2,,
1563,Rutan_3,58449,Rutan,RenewablePowerPlant,3,,
1564,Vinam_1,58450,Vinam,RenewablePowerPlant,1,,
1565,Ma_1,58451,Ma,RenewablePowerPlant,1,,
1566,Horn_1,58452,Horn,RenewablePowerPlant,1,,
1567,Watts 3115_1,58454,Watts 3115,RenewablePowerPlant,1,,
1568,Watts 3115_2,58454,Watts 3115,RenewablePowerPlant,2,,
1569,McCoy Solar Energy Project Hybrid_1,58462,McCoy Solar Energy Project Hybrid,RenewablePowerPlant,1,,
1570,McCoy Solar Energy Project Hybrid_BLK2,58462,McCoy Solar Energy Project Hybrid,RenewablePowerPlant,2,,
1571,McCoy Solar Energy Project Hybrid_BLK3,58462,McCoy Solar Energy Project Hybrid,RenewablePowerPlant,3,,
1572,McCoy Solar Energy Project Hybrid_BLK4,58462,McCoy Solar Energy Project Hybrid,RenewablePowerPlant,4,,
1573,McCoy Solar Energy Project Hybrid_BLK5,58462,McCoy Solar Energy Project Hybrid,RenewablePowerPlant,5,,
1574,McCoy Solar Energy Project Hybrid_BLK6,58462,McCoy Solar Energy Project Hybrid,RenewablePowerPlant,6,,
1575,McCoy Solar Energy Project Hybrid_BLK7,58462,McCoy Solar Energy Project Hybrid,RenewablePowerPlant,7,,
1576,McCoy Solar Energy Project Hybrid_BLK8,58462,McCoy Solar Energy Project Hybrid,RenewablePowerPlant,8,,
1577,Campo Verde Solar_CVS1,58467,Campo Verde Solar,RenewablePowerPlant,1,,
1578,Buena Vista Biomass Power_1,58472,Buena Vista Biomass Power,ThermalPowerPlant,1,,
1579,RE Rosamond One LLC_RONE,58498,RE Rosamond One LLC,RenewablePowerPlant,1,,
1580,RE Rosamond Two LLC_RTWO,58499,RE Rosamond Two LLC,RenewablePowerPlant,1,,
1581,RE Rio Grande Solar LLC_RIO,58500,RE Rio Grande Solar LLC,RenewablePowerPlant,1,,
1582,RE Columbia 3 LLC_COL3,58502,RE Columbia 3 LLC,RenewablePowerPlant,1,,
1583,Chuckawalla Solar_937,58506,Chuckawalla Solar,RenewablePowerPlant,1,,
1584,Bear Creek Solar_PV3,58508,Bear Creek Solar,RenewablePowerPlant,1,,
1585,Vintner Solar_PV4,58509,Vintner Solar,RenewablePowerPlant,1,,
1586,Kettleman Solar Project_PV5,58510,Kettleman Solar Project,RenewablePowerPlant,1,,
1587,Ironwood Solar LLC_937,58513,Ironwood Solar LLC,RenewablePowerPlant,1,,
1588,Desert Hot Springs Solar_DHCA,58514,Desert Hot Springs Solar,RenewablePowerPlant,1,,
1589,Madera Community Hospital_1,58522,Madera Community Hospital,RenewablePowerPlant,1,,
1590,City of Hayward WWTP_1,58525,City of Hayward WWTP,RenewablePowerPlant,1,,
1591,City of Hayward WWTP_COGEN,58525,City of Hayward WWTP,ThermalPowerPlant,2,,
1592,Crown Cooling Facility_1,58527,Crown Cooling Facility,RenewablePowerPlant,1,,
1593,Garnet Solar Generation Station I LLC_WDT44,58528,Garnet Solar Generation Station I LLC,RenewablePowerPlant,1,,
1594,Desert Sunlight 250 LLC_DSL12,58542,"Desert Sunlight 250, LLC",RenewablePowerPlant,1,,
1595,Desert Sunlight 250 LLC_DSL13,58542,"Desert Sunlight 250, LLC",RenewablePowerPlant,2,,
1596,Desert Sunlight 250 LLC_DSL14,58542,"Desert Sunlight 250, LLC",RenewablePowerPlant,3,,
1597,Desert Sunlight 250 LLC_DSL15,58542,"Desert Sunlight 250, LLC",RenewablePowerPlant,4,,
1598,Desert Sunlight 250 LLC_DSL16,58542,"Desert Sunlight 250, LLC",RenewablePowerPlant,5,,
1599,Desert Sunlight 250 LLC_DSL17,58542,"Desert Sunlight 250, LLC",RenewablePowerPlant,6,,
1600,Desert Sunlight 250 LLC_DSL18,58542,"Desert Sunlight 250, LLC",RenewablePowerPlant,7,,
1601,Desert Sunlight 250 LLC_DSL19,58542,"Desert Sunlight 250, LLC",RenewablePowerPlant,8,,
1602,Desert Sunlight 250 LLC_DSL20,58542,"Desert Sunlight 250, LLC",RenewablePowerPlant,9,,
1603,Community Solar 1_1,58545,Community Solar 1,RenewablePowerPlant,1,,
1604,Sonora 1_SON1,58578,Sonora 1,RenewablePowerPlant,1,,
1605,Oltmans SCE at Champagne_1,58581,Oltmans SCE at Champagne,RenewablePowerPlant,1,,
1606,Oltmans SCE at Jurupa_1,58582,Oltmans SCE at Jurupa,RenewablePowerPlant,1,,
1607,Sierra Nevada Brewing Co Hybrid_BESS,58585,Sierra Nevada Brewing Co Hybrid,RenewablePowerPlant,1,,
1608,Sierra Nevada Brewing Co Hybrid_COGN,58585,Sierra Nevada Brewing Co Hybrid,ThermalPowerPlant,2,,
1609,Sierra Nevada Brewing Co Hybrid_SOLR,58585,Sierra Nevada Brewing Co Hybrid,RenewablePowerPlant,3,,
1610,Cascade Solar_1,58590,Cascade Solar,RenewablePowerPlant,1,,
1611,One Market Plaza_1,58607,One Market Plaza,ThermalPowerPlant,1,,
1612,One Market Plaza_2,58607,One Market Plaza,ThermalPowerPlant,2,,
1613,One Market Plaza_3,58607,One Market Plaza,ThermalPowerPlant,3,,
1614,Industry Solar Power Generation Station 1 LLC_ISP1,58609,Industry Solar Power Generation Station 1 LLC,RenewablePowerPlant,1,,
1615,Navajo Solar Power Generation Station 1 LLC_NSP1,58610,Navajo Solar Power Generation Station 1 LLC,RenewablePowerPlant,1,,
1616,Powhatan Solar Power Generation Station 1 LLC_1,58611,Powhatan Solar Power Generation Station 1 LLC,RenewablePowerPlant,1,,
1617,Otoe Solar Power Generation Station 1 LLC_1,58612,Otoe Solar Power Generation Station 1 LLC,RenewablePowerPlant,1,,
1618,Westlands Solar PV Farm_WSF1,58616,Westlands Solar PV Farm,RenewablePowerPlant,1,,
1619,Transamerica Pyramid_1,58619,Transamerica Pyramid,ThermalPowerPlant,1,,
1620,Transamerica Pyramid_2,58619,Transamerica Pyramid,ThermalPowerPlant,2,,
1621,Sol Orchard El Centro PV_ECPV,58621,Sol Orchard El Centro PV,RenewablePowerPlant,1,,
1622,Santa Rita Jail Hybrid_SRFC2,58625,Santa Rita Jail Hybrid,ThermalPowerPlant,1,,
1623,Santa Rita Jail Hybrid_SRJBA,58625,Santa Rita Jail Hybrid,RenewablePowerPlant,2,,
1624,Santa Rita Jail Hybrid_SRPV2,58625,Santa Rita Jail Hybrid,RenewablePowerPlant,3,,
1625,Santa Rita Jail Hybrid_SRPV3,58625,Santa Rita Jail Hybrid,RenewablePowerPlant,4,,
1626,Western Antelope Blue Sky Ranch A_WABSA,58626,Western Antelope Blue Sky Ranch A,RenewablePowerPlant,1,,
1627,Western Antelope Dry Ranch_WADR,58627,Western Antelope Dry Ranch,RenewablePowerPlant,1,,
1628,Monterey Regional Water Pollution Control Agency_1,58633,Monterey Regional Water Pollution Control Agency,RenewablePowerPlant,1,,
1629,Lancaster Baptist Church_1,58634,Lancaster Baptist Church,RenewablePowerPlant,1,,
1630,Sacramento Fairbain Water Treatment Plant_1,58636,Sacramento Fairbain Water Treatment Plant,RenewablePowerPlant,1,,
1631,Tulare 1 and 2_1,58642,Tulare 1 and 2,RenewablePowerPlant,1,,
1632,Tulare 1 and 2_2,58642,Tulare 1 and 2,RenewablePowerPlant,2,,
1633,Mira Loma_D960,58698,Mira Loma,RenewablePowerPlant,1,,
1634,Mira Loma_D9611,58698,Mira Loma,RenewablePowerPlant,2,,
1635,Mira Loma_D9612,58698,Mira Loma,RenewablePowerPlant,3,,
1636,ABEC Bidart-Old River LLC_GEN 1,58699,ABEC Bidart-Old River LLC,ThermalPowerPlant,1,,
1637,ABEC Bidart-Old River LLC_GEN 2,58699,ABEC Bidart-Old River LLC,ThermalPowerPlant,2,,
1638,Lost Hills/Blackwell_BLKW,58711,Lost Hills/Blackwell,RenewablePowerPlant,1,,
1639,Lost Hills/Blackwell_LTHL,58711,Lost Hills/Blackwell,RenewablePowerPlant,2,,
1640,North Star Solar_NSTR,58713,North Star Solar,RenewablePowerPlant,1,,
1641,Orion Solar I_PV1,58718,Orion Solar I,RenewablePowerPlant,1,,
1642,Orion Solar II_ORION,58721,Orion Solar II,RenewablePowerPlant,1,,
1643,North Bay Solar 1_NBWT,58748,North Bay Solar 1,RenewablePowerPlant,1,,
1644,Lancaster Dry Farm Ranch B_LDFRB,58750,Lancaster Dry Farm Ranch B,RenewablePowerPlant,1,,
1645,Rodeo Solar C2_RSC2,58751,Rodeo Solar C2,RenewablePowerPlant,1,,
1646,Rodeo Solar D2_RSD2,58752,Rodeo Solar D2,RenewablePowerPlant,1,,
1647,Summer Solar A2_SSA2,58753,Summer Solar A2,RenewablePowerPlant,1,,
1648,Summer Solar B2_SSB2,58754,Summer Solar B2,RenewablePowerPlant,1,,
1649,Summer Solar C2_SSC2,58755,Summer Solar C2,RenewablePowerPlant,1,,
1650,Summer Solar D2_SSD2,58756,Summer Solar D2,RenewablePowerPlant,1,,
1651,Summer North Solar_UE2,58757,Summer North Solar,RenewablePowerPlant,1,,
1652,Summer North Solar_UF2,58757,Summer North Solar,RenewablePowerPlant,2,,
1653,Summer North Solar_UG2,58757,Summer North Solar,RenewablePowerPlant,3,,
1654,Summer North Solar_UH2,58757,Summer North Solar,RenewablePowerPlant,4,,
1655,Expressway Solar A_EXSA,58761,Expressway Solar A,RenewablePowerPlant,1,,
1656,Expressway Solar B_EXSB,58762,Expressway Solar B,RenewablePowerPlant,1,,
1657,Expressway Solar C2_EXSC2,58763,Expressway Solar C2,RenewablePowerPlant,1,,
1658,Shasta Solar Farm_GENA,58814,Shasta Solar Farm,RenewablePowerPlant,1,,
1659,Shasta Solar Farm_GENB,58814,Shasta Solar Farm,RenewablePowerPlant,2,,
1660,Beringer_BERI,58890,Beringer,RenewablePowerPlant,1,,
1661,Valley Center 1_VC1,58906,Valley Center 1,RenewablePowerPlant,1,,
1662,Valley Center 2_VC2,58907,Valley Center 2,RenewablePowerPlant,1,,
1663,Ramona 1_RAM1,58909,Ramona 1,RenewablePowerPlant,1,,
1664,Ramona 2_RAM2,58911,Ramona 2,RenewablePowerPlant,1,,
1665,Santa Fe Springs Rooftop Solar BLDG M_1,58912,Santa Fe Springs Rooftop Solar BLDG M,RenewablePowerPlant,1,,
1666,Santa Fe Springs Rooftop Solar BLDG H_1,58913,Santa Fe Springs Rooftop Solar BLDG H,RenewablePowerPlant,1,,
1667,2127 Harris Solar Project_2127,58919,2127 Harris Solar Project,RenewablePowerPlant,1,,
1668,Intel Folsom Phase 2_PV,58954,Intel Folsom Phase 2,RenewablePowerPlant,1,,
1669,Laguna Water Reclamation Facility_S200,58960,Laguna Water Reclamation Facility,ThermalPowerPlant,1,,
1670,Laguna Water Reclamation Facility_S201,58960,Laguna Water Reclamation Facility,ThermalPowerPlant,2,,
1671,Laguna Water Reclamation Facility_S202,58960,Laguna Water Reclamation Facility,ThermalPowerPlant,3,,
1672,Laguna Water Reclamation Facility_S203,58960,Laguna Water Reclamation Facility,ThermalPowerPlant,4,,
1673,Las Virgenes Municipal Water District_PV,58963,Las Virgenes Municipal Water District,RenewablePowerPlant,1,,
1674,White River Solar 2_W2CA,58973,White River Solar 2,RenewablePowerPlant,1,,
1675,Henrietta Solar Project_PV1,58975,Henrietta Solar Project,RenewablePowerPlant,1,,
1676,Central Valley Ag Power_CVAP,58978,Central Valley Ag Power,ThermalPowerPlant,1,,
1677,RE Camelot LLC_1,58983,RE Camelot LLC,RenewablePowerPlant,1,,
1678,RE Adams East LLC_1,58984,"RE Adams East, LLC",RenewablePowerPlant,1,,
1679,RE Kansas Solar LLC_1,58985,"RE Kansas Solar, LLC",RenewablePowerPlant,1,,
1680,RE Old River One LLC_1,58986,"RE Old River One, LLC",RenewablePowerPlant,1,,
1681,RE Columbia Two LLC_1,58990,"RE Columbia Two, LLC",RenewablePowerPlant,1,,
1682,Carlsbad Energy Center_CEC 6,59002,Carlsbad Energy Center,ThermalPowerPlant,1,,
1683,Carlsbad Energy Center_CEC 7,59002,Carlsbad Energy Center,ThermalPowerPlant,2,,
1684,Carlsbad Energy Center_CEC 8,59002,Carlsbad Energy Center,ThermalPowerPlant,3,,
1685,Carlsbad Energy Center_CEC 9,59002,Carlsbad Energy Center,ThermalPowerPlant,4,,
1686,Carlsbad Energy Center_CEC10,59002,Carlsbad Energy Center,ThermalPowerPlant,5,,
1687,Vacaville_GEN 1,59058,Vacaville,RenewablePowerPlant,1,,
1688,Cottonwood Solar LLC (City of Corcoran)_GEN 1,59087,"Cottonwood Solar, LLC (City of Corcoran)",RenewablePowerPlant,1,,
1689,Calipatria Solar Farm_GEN 1,59088,Calipatria Solar Farm,RenewablePowerPlant,1,,
1690,Division 1_GEN 1,59094,Division 1,RenewablePowerPlant,1,,
1691,Division 2_GEN 1,59095,Division 2,RenewablePowerPlant,1,,
1692,Division 3_GEN1,59096,Division 3,RenewablePowerPlant,1,,
1693,Kettering Solar 1_PV1,59098,Kettering Solar 1,RenewablePowerPlant,1,,
1694,Kettering Solar 2_PV1,59099,Kettering Solar 2,RenewablePowerPlant,1,,
1695,CSD 2- Freedom High_57449,59129,CSD 2- Freedom High,RenewablePowerPlant,1,,
1696,CSD 2 - Heritage High_57449,59130,CSD 2 - Heritage High,RenewablePowerPlant,1,,
1697,EAFB - North Base_57449,59132,EAFB - North Base,RenewablePowerPlant,1,,
1698,EAFB - South Base_57449,59133,EAFB - South Base,RenewablePowerPlant,1,,
1699,SDCCD - Miramar_57449,59138,SDCCD - Miramar,RenewablePowerPlant,1,,
1700,SDCWA - Twin Oaks_57449,59139,SDCWA - Twin Oaks,RenewablePowerPlant,1,,
1701,Lancaster Solar 1_LS1,59167,Lancaster Solar 1,RenewablePowerPlant,1,,
1702,Lancaster Solar 2_LS2,59169,Lancaster Solar 2,RenewablePowerPlant,1,,
1703,Hesperia_Oct-94,59182,Hesperia,RenewablePowerPlant,1,,
1704,CID Solar LLC_PV1,59183,"CID Solar, LLC",RenewablePowerPlant,1,,
1705,Farmersville_PV1,59203,Farmersville,RenewablePowerPlant,1,,
1706,Farmersville_PV2,59203,Farmersville,RenewablePowerPlant,2,,
1707,Farmersville_PV3,59203,Farmersville,RenewablePowerPlant,3,,
1708,Porterville 6 and 7_PV1,59219,Porterville 6 and 7,RenewablePowerPlant,1,,
1709,Porterville 6 and 7_PV2,59219,Porterville 6 and 7,RenewablePowerPlant,2,,
1710,Rising Tree Wind Farm II_GEN1,59235,Rising Tree Wind Farm II,RenewablePowerPlant,1,,
1711,Rising Tree Wind Farm III_GEN1,59236,Rising Tree Wind Farm III,RenewablePowerPlant,1,,
1712,Rio Bravo Solar 1 LLC_PV1,59249,Rio Bravo Solar 1 LLC,RenewablePowerPlant,1,,
1713,Rio Bravo Solar II LLC_PV1,59250,Rio Bravo Solar II LLC,RenewablePowerPlant,1,,
1714,Vaca Dixon Battery Storage System_BAT1,59256,Vaca Dixon Battery Storage System,RenewablePowerPlant,1,,
1715,Yerba Buena_YB1,59257,Yerba Buena,RenewablePowerPlant,1,,
1716,Verizon-Torrance_VZ300,59261,Verizon-Torrance,ThermalPowerPlant,1,,
1717,Lancaster Little Rock_LLRC,59262,Lancaster Little Rock,RenewablePowerPlant,1,,
1718,Merced Solar LLC_PV8,59265,Merced Solar LLC,RenewablePowerPlant,1,,
1719,Mission Solar LLC_PV9,59267,Mission Solar LLC,RenewablePowerPlant,1,,
1720,Victor Mesa Linda B2_VMLB2,59269,Victor Mesa Linda B2,RenewablePowerPlant,1,,
1721,Victor Mesa Linda C2_VMLC2,59270,Victor Mesa Linda C2,RenewablePowerPlant,1,,
1722,Victor Mesa Linda D2_VMLD2,59271,Victor Mesa Linda D2,RenewablePowerPlant,1,,
1723,Victor Mesa Linda E2_VMLE2,59272,Victor Mesa Linda E2,RenewablePowerPlant,1,,
1724,SEPV Palmdale East_PALME,59273,SEPV Palmdale East,RenewablePowerPlant,1,,
1725,Life Technologies - Pleasanton_LFT01,59279,Life Technologies - Pleasanton,ThermalPowerPlant,1,,
1726,Kellogg's - San Jose_KLG00,59280,Kellogg's - San Jose,ThermalPowerPlant,1,,
1727,California PV Energy at ISD WWTP_W4236,59283,California PV Energy at ISD WWTP,RenewablePowerPlant,1,,
1728,Waste Mangement Redwood LFGTE_RED1,59299,Waste Mangement Redwood LFGTE,ThermalPowerPlant,1,,
1729,Waste Mangement Redwood LFGTE_RED2,59299,Waste Mangement Redwood LFGTE,ThermalPowerPlant,2,,
1730,Hanford 1 and 2_HAN1,59300,Hanford 1 and 2,RenewablePowerPlant,1,,
1731,Hanford 1 and 2_HAN2,59300,Hanford 1 and 2,RenewablePowerPlant,2,,
1732,Pumpjack Solar I_GEN1,59322,Pumpjack Solar I,RenewablePowerPlant,1,,
1733,Sacramento (SMUD)_SMUPV,59323,Sacramento (SMUD),RenewablePowerPlant,1,,
1734,Golden Acorn Casino_GAC1,59328,Golden Acorn Casino,RenewablePowerPlant,1,,
1735,City of Soledad Water Reclamation_SOL1,59329,City of Soledad Water Reclamation,RenewablePowerPlant,1,,
1736,Taylor Farms_TAY1,59330,Taylor Farms,RenewablePowerPlant,1,,
1737,Anheuser-Busch No2_ANB2,59331,Anheuser-Busch #2,RenewablePowerPlant,1,,
1738,Catalina Solar 2 LLC_INV-1,59334,"Catalina Solar 2, LLC",RenewablePowerPlant,1,,
1739,Quinto Solar PV Project_SSC13,59339,Quinto Solar PV Project,RenewablePowerPlant,1,,
1740,SCE-Snowline-Duncan Road (North)_10400,59359,SCE-Snowline-Duncan Road (North),RenewablePowerPlant,1,,
1741,SCE-Snowline-Duncan Road (South)_11113,59360,SCE-Snowline-Duncan Road (South),RenewablePowerPlant,1,,
1742,City of Tulare Water Facility_SC500,59395,City of Tulare Water Facility,RenewablePowerPlant,1,,
1743,Diamond Valley Solar Project_PV11,59405,Diamond Valley Solar Project,RenewablePowerPlant,1,,
1744,Shafter Solar LLC_1,59408,Shafter Solar LLC,RenewablePowerPlant,1,,
1745,Madelyn Solar LLC_SNL17,59409,"Madelyn Solar, LLC",RenewablePowerPlant,1,,
1746,Rudy Solar LLC_SNL19,59410,"Rudy Solar, LLC",RenewablePowerPlant,1,,
1747,Mitchell Solar LLC_SNL18,59411,"Mitchell Solar, LLC",RenewablePowerPlant,1,,
1748,Algonquin SKIC20 Solar LLC_SKI20,59412,Algonquin SKIC20 Solar LLC,RenewablePowerPlant,1,,
1749,Corcoran Solar 2_C2CA,59413,Corcoran Solar 2,RenewablePowerPlant,1,,
1750,Atwell Island West Solar_AWCA,59414,Atwell Island West Solar,RenewablePowerPlant,1,,
1751,Anaheim Solar Energy Plant_PV1,59416,Anaheim Solar Energy Plant,RenewablePowerPlant,1,,
1752,SCE-Snowline-White Road (South)_11111,59421,SCE-Snowline-White Road (South),RenewablePowerPlant,1,,
1753,SCE-Snowline-White Road (North)_10401,59422,SCE-Snowline-White Road (North),RenewablePowerPlant,1,,
1754,SCE-Snowline-White Rd (Central)_10402,59423,SCE-Snowline-White Rd (Central),RenewablePowerPlant,1,,
1755,Baker Creek Hydroelectric_GENE1,59428,Baker Creek Hydroelectric,HydroPowerPlant,1,,
1756,Baker Creek Hydroelectric_GENE2,59428,Baker Creek Hydroelectric,HydroPowerPlant,2,,
1757,Sierra Solar Greenworks_SSG1,59431,Sierra Solar Greenworks,RenewablePowerPlant,1,,
1758,Adelanto Solar II LLC_SAS,59440,"Adelanto Solar II, LLC",RenewablePowerPlant,1,,
1759,Adelanto Solar LLC_SAS,59441,"Adelanto Solar, LLC",RenewablePowerPlant,1,,
1760,TA-Acacia LLC_WAS1,59443,"TA-Acacia, LLC",RenewablePowerPlant,1,,
1761,P Plant_P-TG4,59456,P Plant,ThermalPowerPlant,1,,
1762,P Plant_P-TG5,59456,P Plant,ThermalPowerPlant,2,,
1763,Q Plant_Q-TG1,59457,Q Plant,ThermalPowerPlant,1,,
1764,W Plant_W-TG1,59458,W Plant,ThermalPowerPlant,1,,
1765,Bowerman Power LFG LLC_GEN01,59461,"Bowerman Power LFG, LLC",ThermalPowerPlant,1,,
1766,Bowerman Power LFG LLC_GEN02,59461,"Bowerman Power LFG, LLC",ThermalPowerPlant,2,,
1767,Bowerman Power LFG LLC_GEN03,59461,"Bowerman Power LFG, LLC",ThermalPowerPlant,3,,
1768,Bowerman Power LFG LLC_GEN04,59461,"Bowerman Power LFG, LLC",ThermalPowerPlant,4,,
1769,Bowerman Power LFG LLC_GEN05,59461,"Bowerman Power LFG, LLC",ThermalPowerPlant,5,,
1770,Bowerman Power LFG LLC_GEN06,59461,"Bowerman Power LFG, LLC",ThermalPowerPlant,6,,
1771,Bowerman Power LFG LLC_GEN07,59461,"Bowerman Power LFG, LLC",ThermalPowerPlant,7,,
1772,Alamo Solar_ALAMO,59469,Alamo Solar,RenewablePowerPlant,1,,
1773,Apple Campus 2 PV_AC2PV,59473,Apple Campus 2 PV,RenewablePowerPlant,1,,
1774,Five Points Solar Park_FRFSP,59523,Five Points Solar Park,RenewablePowerPlant,1,,
1775,Blackwell Solar Park_FRBSP,59524,Blackwell Solar Park,RenewablePowerPlant,1,,
1776,Wright Solar Park_FRWSP,59525,Wright Solar Park,RenewablePowerPlant,1,,
1777,Solar Oasis LLC_OASIS,59528,Solar Oasis LLC,RenewablePowerPlant,1,,
1778,Coronus Adelanto West 1_AWI,59536,Coronus Adelanto West 1,RenewablePowerPlant,1,,
1779,Coronus Adelanto West 2_AW2,59537,Coronus Adelanto West 2,RenewablePowerPlant,1,,
1780,Park Meridian No1_1,59539,Park Meridian #1,RenewablePowerPlant,1,,
1781,Rancho Cucamonga Dist No1_2,59540,Rancho Cucamonga Dist #1,RenewablePowerPlant,1,,
1782,Terra Francesco_3,59541,Terra Francesco,RenewablePowerPlant,1,,
1783,Putah Creek Solar Farm_PCSF,59550,Putah Creek Solar Farm,RenewablePowerPlant,1,,
1784,Vega Solar_VEGA1,59555,Vega Solar,RenewablePowerPlant,1,,
1785,Apple Campus 2 Fuel Cell_AC2FC,59557,Apple Campus 2 Fuel Cell,ThermalPowerPlant,1,,
1786,Colton Solar One LLC_CS001,59597,"Colton Solar One, LLC",RenewablePowerPlant,1,,
1787,Colton Solar Two LLC_CS002,59598,"Colton Solar Two, LLC",RenewablePowerPlant,1,,
1788,Tropico Solar PV Plant_GEN1,59599,Tropico Solar PV Plant,RenewablePowerPlant,1,,
1789,Nicolis Solar PV Plant_GEN1,59600,Nicolis Solar PV Plant,RenewablePowerPlant,1,,
1790,Maricopa West Solar PV LLC_MWS,59607,"Maricopa West Solar PV, LLC",RenewablePowerPlant,1,,
1791,AP North Lake I LP_APNLI,59610,"AP North Lake I, LP",RenewablePowerPlant,1,,
1792,Kettleman Solar -Centaurus_KS,59633,Kettleman Solar -Centaurus,RenewablePowerPlant,1,,
1793,Coronal Lost Hills_CLH,59638,Coronal Lost Hills,RenewablePowerPlant,1,,
1794,Forever 21 Retail Inc._W4161,59651,"Forever 21 Retail, Inc.",RenewablePowerPlant,1,,
1795,Tehachapi Energy Storage Project_TSP1,59661,Tehachapi Energy Storage Project,RenewablePowerPlant,1,,
1796,Sun Harvest Solar NDP1_NDP1,59687,Sun Harvest Solar NDP1,RenewablePowerPlant,1,,
1797,Cottonwood Solar LLC Cottonwood Carport_1,59703,"Cottonwood Solar, LLC Cottonwood Carport",RenewablePowerPlant,1,,
1798,Seville 1_SEV1,59722,Seville 1,RenewablePowerPlant,1,,
1799,Seville 2_SEV2,59723,Seville 2,RenewablePowerPlant,1,,
1800,SEPV 18_SPV18,59730,SEPV 18,RenewablePowerPlant,1,,
1801,Citizen B_CSB,59738,Citizen B,RenewablePowerPlant,1,,
1802,Lancaster WAD B_LWADB,59739,Lancaster WAD B,RenewablePowerPlant,1,,
1803,SEPV Mojave West_SPVMW,59740,SEPV Mojave West,RenewablePowerPlant,1,,
1804,DSH (CA) - Coalinga State Hospital_1,59746,DSH (CA) - Coalinga State Hospital,RenewablePowerPlant,1,,
1805,CDCR (CA) - Pleasant Valley State Prison_1,59748,CDCR (CA) - Pleasant Valley State Prison,RenewablePowerPlant,1,,
1806,Colon PV_W4172,59798,Colon PV,RenewablePowerPlant,1,,
1807,Amazon San Bernardino_AMZ00,59800,Amazon San Bernardino,ThermalPowerPlant,1,,
1808,Maxim_MXM00,59802,Maxim,ThermalPowerPlant,1,,
1809,Pixar - Emeryville_PXR00,59803,Pixar - Emeryville,ThermalPowerPlant,1,,
1810,Starbucks - Evolution Fresh_SBK00,59804,Starbucks - Evolution Fresh,ThermalPowerPlant,1,,
1811,Yahoo! - HQ_YAH00,59805,Yahoo! - HQ,ThermalPowerPlant,1,,
1812,Kingbird A Solar LLC_GEN01,59868,Kingbird A Solar LLC,RenewablePowerPlant,1,,
1813,UC Davis South Campus_UCD1,59872,UC Davis South Campus,RenewablePowerPlant,1,,
1814,Riverside RWQCP Fuel Cell_MB20,59877,Riverside RWQCP Fuel Cell,ThermalPowerPlant,1,,
1815,Windhub Solar A LLC_GEN01,59878,Windhub Solar A LLC,RenewablePowerPlant,1,,
1816,North Rosamond Solar LLC_GEN01,59879,North Rosamond Solar LLC,RenewablePowerPlant,1,,
1817,Corcoran Solar 3_C3CA,59900,Corcoran Solar 3,RenewablePowerPlant,1,,
1818,Oro Loma_ORCA,59915,Oro Loma,RenewablePowerPlant,1,,
1819,SunE- E Philadelphia Ontario_12307,59916,SunE- E Philadelphia Ontario,RenewablePowerPlant,1,,
1820,Morgan Lancaster 1_ML1,59942,Morgan Lancaster 1,RenewablePowerPlant,1,,
1821,Bakersfield 111_BF111,59948,Bakersfield 111,RenewablePowerPlant,1,,
1822,Potrero Hills Energy Producers_1,59952,Potrero Hills Energy Producers,ThermalPowerPlant,1,,
1823,Potrero Hills Energy Producers_2,59952,Potrero Hills Energy Producers,ThermalPowerPlant,2,,
1824,Potrero Hills Energy Producers_3,59952,Potrero Hills Energy Producers,ThermalPowerPlant,3,,
1825,Potrero Hills Energy Producers_4,59952,Potrero Hills Energy Producers,ThermalPowerPlant,4,,
1826,Potrero Hills Energy Producers_5,59952,Potrero Hills Energy Producers,ThermalPowerPlant,5,,
1827,Western Antelope Blue Sky B_WABSB,59961,Western Antelope Blue Sky B,RenewablePowerPlant,1,,
1828,North Lancaster Ranch_NLR,59962,North Lancaster Ranch,RenewablePowerPlant,1,,
1829,Central Antelope Dry Ranch C_CADRC,59963,Central Antelope Dry Ranch C,RenewablePowerPlant,1,,
1830,Elevation Solar C_ELVSC,59964,Elevation Solar C,RenewablePowerPlant,1,,
1831,RE Astoria_ASTR1,59976,RE Astoria,RenewablePowerPlant,1,,
1832,RE Astoria 2_ASTR2,59977,RE Astoria 2,RenewablePowerPlant,1,,
1833,Enerparc CA2 LLC_ECA22,59978,"Enerparc CA2, LLC",RenewablePowerPlant,1,,
1834,Columbia Solar Energy LLC_GEN1,59979,"Columbia Solar Energy, LLC",RenewablePowerPlant,1,,
1835,Morelos del Sol_MORLS,60007,Morelos del Sol,RenewablePowerPlant,1,,
1836,Little Rock Pham Solar_PV1,60026,Little Rock Pham Solar,RenewablePowerPlant,1,,
1837,SunE Rochester_RCHTR,60032,SunE Rochester,RenewablePowerPlant,1,,
1838,CA Flats Solar 130 LLC_GEN01,60033,"CA Flats Solar 130, LLC",RenewablePowerPlant,1,,
1839,CA Flats Solar 150 LLC_GEN01,60034,"CA Flats Solar 150, LLC",RenewablePowerPlant,1,,
1840,Tequesquite Landfill Solar PV Project_RPU1,60035,Tequesquite Landfill Solar PV Project,RenewablePowerPlant,1,,
1841,Frontier Solar LLC_FTRS,60039,Frontier Solar LLC,RenewablePowerPlant,1,,
1842,Cuyama Solar LLC_GEN01,60043,"Cuyama Solar, LLC",RenewablePowerPlant,1,,
1843,Golden Hills Wind_GE,60049,Golden Hills Wind,RenewablePowerPlant,1,,
1844,Lindberg FIeld Solar_SDIA2,60060,Lindberg FIeld Solar,RenewablePowerPlant,1,,
1845,Lindberg FIeld Solar_SDIAA,60060,Lindberg FIeld Solar,RenewablePowerPlant,2,,
1846,Lindberg FIeld Solar_SDIAB,60060,Lindberg FIeld Solar,RenewablePowerPlant,3,,
1847,CED Avenal_AVCA,60077,CED Avenal,RenewablePowerPlant,1,,
1848,CED Ducor 1_DU1CA,60078,CED Ducor 1,RenewablePowerPlant,1,,
1849,CED Ducor 2_DU2CA,60079,CED Ducor 2,RenewablePowerPlant,1,,
1850,CED Ducor 3_DU3CA,60080,CED Ducor 3,RenewablePowerPlant,1,,
1851,CED Ducor 4_DU4CA,60081,CED Ducor 4,RenewablePowerPlant,1,,
1852,AVS Lancaster 1_PV1,60085,AVS Lancaster 1,RenewablePowerPlant,1,,
1853,US-TOPCO (Soccer Center)_PV1,60086,US-TOPCO (Soccer Center),RenewablePowerPlant,1,,
1854,Kingbird B Solar LLC_GEN01,60091,"Kingbird B Solar, LLC",RenewablePowerPlant,1,,
1855,Blythe Solar II LLC_BLCK4,60092,"Blythe Solar II, LLC",RenewablePowerPlant,1,,
1856,Blythe Solar II LLC_BLCK5,60092,"Blythe Solar II, LLC",RenewablePowerPlant,2,,
1857,Blythe Solar II LLC_BLCK6,60092,"Blythe Solar II, LLC",RenewablePowerPlant,3,,
1858,Blythe Solar II LLC_BLCK7,60092,"Blythe Solar II, LLC",RenewablePowerPlant,4,,
1859,Blythe Solar 110 LLC_BLCK1,60093,"Blythe Solar 110, LLC",RenewablePowerPlant,1,,
1860,Blythe Solar 110 LLC_BLCK2,60093,"Blythe Solar 110, LLC",RenewablePowerPlant,2,,
1861,Blythe Solar 110 LLC_BLCK3,60093,"Blythe Solar 110, LLC",RenewablePowerPlant,3,,
1862,UCI Fuel Cell_MB-16,60120,UCI Fuel Cell,ThermalPowerPlant,1,,
1863,Lemoore 1_LEPV1,60142,Lemoore 1,RenewablePowerPlant,1,,
1864,Building F_BLDGF,60151,Building F,RenewablePowerPlant,1,,
1865,Building G_BLDGG,60153,Building G,RenewablePowerPlant,1,,
1866,Buidling L_BLDG1,60154,Buidling L,RenewablePowerPlant,1,,
1867,Dulles_DULLE,60182,Dulles,RenewablePowerPlant,1,,
1868,Freeway Springs_FSPRI,60183,Freeway Springs,RenewablePowerPlant,1,,
1869,Solverde 1_SOLV1,60185,Solverde 1,RenewablePowerPlant,1,,
1870,Antelope DSR 1_DSR1,60186,Antelope DSR 1,RenewablePowerPlant,1,,
1871,Antelope DSR 2_DSR2,60187,Antelope DSR 2,RenewablePowerPlant,1,,
1872,Whitethorn Solar LLC_GEN1,60193,Whitethorn Solar LLC,RenewablePowerPlant,1,,
1873,Zero Waste Energy Development Co LLC_ZWED1,60220,Zero Waste Energy Development Co LLC,ThermalPowerPlant,1,,
1874,Zero Waste Energy Development Co LLC_ZWED2,60220,Zero Waste Energy Development Co LLC,ThermalPowerPlant,2,,
1875,Equinix San Jose_EQXOO,60223,Equinix San Jose,ThermalPowerPlant,1,,
1876,Intel Santa Clara_NTL00,60224,Intel Santa Clara,ThermalPowerPlant,1,,
1877,Genentech-Oceanside Hybrid_BA1,60231,Genentech-Oceanside Hybrid,RenewablePowerPlant,1,,
1878,Genentech-Oceanside Hybrid_PV1,60231,Genentech-Oceanside Hybrid,RenewablePowerPlant,2,,
1879,RE Garland_PV2,60233,RE Garland,RenewablePowerPlant,1,,
1880,Midway Solar Farm II_MSF2,60237,Midway Solar Farm II,RenewablePowerPlant,1,,
1881,Algonquin SKIC 10 Solar LLC_SKI10,60242,"Algonquin SKIC 10 Solar, LLC",RenewablePowerPlant,1,,
1882,Weymouth Solar Plant_1,60255,Weymouth Solar Plant,RenewablePowerPlant,1,,
1883,Weymouth Solar Plant_2,60255,Weymouth Solar Plant,RenewablePowerPlant,2,,
1884,Castor Solar_CASTR,60277,Castor Solar,RenewablePowerPlant,1,,
1885,Antelope Big Sky Ranch_ABSR,60279,Antelope Big Sky Ranch,RenewablePowerPlant,1,,
1886,Summer Solar LLC_SUMSL,60280,Summer Solar LLC,RenewablePowerPlant,1,,
1887,Central Antelope Dry Ranch B LLC_CADRB,60281,Central Antelope Dry Ranch B LLC,RenewablePowerPlant,1,,
1888,Portal Ridge Solar B LLC_GEN01,60310,"Portal Ridge Solar B, LLC",RenewablePowerPlant,1,,
1889,Portal Ridge Solar C LLC_GEN01,60311,"Portal Ridge Solar C, LLC",RenewablePowerPlant,1,,
1890,Midway Solar Farm III_MSF3,60315,Midway Solar Farm III,RenewablePowerPlant,1,,
1891,Willow Spring Solar LLC_GEN01,60324,"Willow Spring Solar, LLC",RenewablePowerPlant,1,,
1892,Midway Solar Farm 1_MSF1,60336,Midway Solar Farm 1,RenewablePowerPlant,1,,
1893,Santa Rita Jail Fuel Cell_MB-18,60385,Santa Rita Jail Fuel Cell,ThermalPowerPlant,1,,
1894,RE Garland A_PV1,60386,RE Garland A,RenewablePowerPlant,1,,
1895,Munro Valley Solar_MUN,60412,Munro Valley Solar,RenewablePowerPlant,1,,
1896,CA Dept of Public Health at Richmond_PV1,60428,CA Dept of Public Health at Richmond,RenewablePowerPlant,1,,
1897,Corcoran_PVCR,60450,Corcoran,RenewablePowerPlant,1,,
1898,Bayshore Solar B LLC_BSHRB,60474,"Bayshore Solar B, LLC",RenewablePowerPlant,1,,
1899,Bayshore Solar C LLC_BSHRC,60475,"Bayshore Solar C, LLC",RenewablePowerPlant,1,,
1900,Bayshore Solar A LLC_BSHRA,60481,"Bayshore Solar A, LLC",RenewablePowerPlant,1,,
1901,Springbok 3 Solar Farm Hybrid_SB3BS,60491,Springbok 3 Solar Farm Hybrid,RenewablePowerPlant,1,,
1902,Springbok 3 Solar Farm Hybrid_SB3SF,60491,Springbok 3 Solar Farm Hybrid,RenewablePowerPlant,2,,
1903,Valley Center_PV1,60509,Valley Center,RenewablePowerPlant,1,,
1904,Granger_PV1,60516,Granger,RenewablePowerPlant,1,,
1905,Solar Blythe 2_PV1,60558,Solar Blythe 2,RenewablePowerPlant,1,,
1906,Borrego Springs Energy Storage_SES1,60565,Borrego Springs Energy Storage,RenewablePowerPlant,1,,
1907,Borrego Springs Energy Storage_SES2,60565,Borrego Springs Energy Storage,RenewablePowerPlant,2,,
1908,Pala Energy Storage Yard_SES1,60566,Pala Energy Storage Yard,RenewablePowerPlant,1,,
1909,Pala Energy Storage Yard_SES2,60566,Pala Energy Storage Yard,RenewablePowerPlant,2,,
1910,Canyon Crest Academy_SES,60568,Canyon Crest Academy,RenewablePowerPlant,1,,
1911,El Cajon Energy Storage_SES,60569,El Cajon Energy Storage,RenewablePowerPlant,1,,
1912,Escondido Energy Storage_SES,60570,Escondido Energy Storage,RenewablePowerPlant,1,,
1913,North City - Landfill Gas Engine North_NCEP,60571,North City - Landfill Gas Engine North,ThermalPowerPlant,1,,
1914,Golden Fields Solar I LLC_RS1,60590,"Golden Fields Solar I, LLC",RenewablePowerPlant,1,,
1915,Solar Star California XLI LLC_RS1,60591,"Solar Star California, XLI, LLC",RenewablePowerPlant,1,,
1916,Voyager Wind I_VYGR1,60594,Voyager Wind I,RenewablePowerPlant,1,,
1917,Mira Loma Energy Storage Facility_013A,60661,Mira Loma Energy Storage Facility,RenewablePowerPlant,1,,
1918,Mira Loma Energy Storage Facility_013B,60661,Mira Loma Energy Storage Facility,RenewablePowerPlant,2,,
1919,San Joaquin Solar_SJ1A,60678,San Joaquin Solar,RenewablePowerPlant,1,,
1920,San Joaquin Solar_SJ1B,60678,San Joaquin Solar,RenewablePowerPlant,2,,
1921,SEPV Imperial Dixieland West_SESI2,60744,SEPV Imperial Dixieland West,RenewablePowerPlant,1,,
1922,SEPV Imperial Dixieland East_SESI1,60745,SEPV Imperial Dixieland East,RenewablePowerPlant,1,,
1923,Millikan BESS_PE101,60760,Millikan BESS,RenewablePowerPlant,1,,
1924,PVN Milliken LLC_PV,60790,"PVN Milliken, LLC",RenewablePowerPlant,1,,
1925,Valley Sanitary District WTP Solar_PV1,60824,Valley Sanitary District WTP Solar,RenewablePowerPlant,1,,
1926,Colgreen North Shore Solar Farm_CNS1,60825,Colgreen North Shore Solar Farm,RenewablePowerPlant,1,,
1927,Genentech Vacaville Meter No1_PV1,60844,Genentech Vacaville Meter #1,RenewablePowerPlant,1,,
1928,Genentech Vacaville Meter No1_PV2,60844,Genentech Vacaville Meter #1,RenewablePowerPlant,2,,
1929,US GSA - Sacramento_PV1,60846,US GSA - Sacramento,RenewablePowerPlant,1,,
1930,Dept of General Services -FTB_PV1,60861,Dept of General Services -FTB,RenewablePowerPlant,1,,
1931,Solar Star California XLIV LLC_PB1,60869,"Solar Star California, XLIV, LLC",RenewablePowerPlant,1,,
1932,Westmont 300B_W5328,60914,Westmont 300B,RenewablePowerPlant,1,,
1933,Verwey-Hanford Dairy Digester No1_3,60918,Verwey-Hanford Dairy Digester #1,ThermalPowerPlant,1,,
1934,Hyperion Treatment Plant CHP Plant_CTG1,60960,Hyperion Treatment Plant CHP Plant,ThermalPowerPlant,1,,
1935,Hyperion Treatment Plant CHP Plant_CTG2,60960,Hyperion Treatment Plant CHP Plant,ThermalPowerPlant,2,,
1936,Hyperion Treatment Plant CHP Plant_STG1,60960,Hyperion Treatment Plant CHP Plant,ThermalPowerPlant,3,,
1937,Glendale Battery Energy Storage System_2BESS,60974,Glendale Battery Energy Storage System,RenewablePowerPlant,1,,
1938,Whitney Point Solar_WS532,60975,Whitney Point Solar,RenewablePowerPlant,1,,
1939,CSUF State College_PV1,60978,CSUF State College,RenewablePowerPlant,1,,
1940,CSUF Nutwood Solar_PV1,60979,CSUF Nutwood Solar,RenewablePowerPlant,1,,
1941,NextEra Westside PV_WS526,60981,NextEra Westside PV,RenewablePowerPlant,1,,
1942,Lindberg Field Solar 2_PV1,60984,Lindberg Field Solar 2,RenewablePowerPlant,1,,
1943,Ramona Solar Energy_1,60995,Ramona Solar Energy,RenewablePowerPlant,1,,
1944,SCDA Solar 1_SCAIR,61006,SCDA Solar 1,RenewablePowerPlant,1,,
1945,Marin Clean Energy Solar One_MCES1,61013,Marin Clean Energy Solar One,RenewablePowerPlant,1,,
1946,Pacific Ethanol Stockton Cogen Plant_PESCT,61027,Pacific Ethanol Stockton Cogen Plant,ThermalPowerPlant,1,,
1947,Foundation CDCR LAC_WTG1,61066,Foundation CDCR LAC,RenewablePowerPlant,1,,
1948,Vanadium Redox Flow Battery Plant_VRF,61107,Vanadium Redox Flow Battery Plant,RenewablePowerPlant,1,,
1949,Manteca Land PV_MANT1,61115,Manteca Land PV,RenewablePowerPlant,1,,
1950,Delano Land 1_DELA1,61116,Delano Land 1,RenewablePowerPlant,1,,
1951,Bakersfield PV 1_BAKE1,61117,Bakersfield PV 1,RenewablePowerPlant,1,,
1952,Bakersfield Industrial PV 1_BIND1,61118,Bakersfield Industrial PV 1,RenewablePowerPlant,1,,
1953,Intel Folsom Phase 3_PV1,61152,Intel Folsom Phase 3,RenewablePowerPlant,1,,
1954,AT&T Holger_AT057,61153,AT&T Holger,ThermalPowerPlant,1,,
1955,AT&T Anaheim_AT058,61154,AT&T Anaheim,ThermalPowerPlant,1,,
1956,Sacramento Regional County Sanitation PV_PV1,61209,Sacramento Regional County Sanitation PV,RenewablePowerPlant,1,,
1957,Green Beanworks C PV_GBWXC,61215,Green Beanworks C PV,RenewablePowerPlant,1,,
1958,Green Beanworks D PV_GBWXD,61216,Green Beanworks D PV,RenewablePowerPlant,1,,
1959,Golden Hills North Wind Energy Center_1,61222,Golden Hills North Wind Energy Center,RenewablePowerPlant,1,,
1960,Westmont 300A_W5531,61249,Westmont 300A,RenewablePowerPlant,1,,
1961,USPS PV_USPS1,61250,USPS PV,RenewablePowerPlant,1,,
1962,Antelope Expansion 2_ANTX2,61264,Antelope Expansion 2,RenewablePowerPlant,1,,
1963,Antelope DSR 3_ADSR3,61265,Antelope DSR 3,RenewablePowerPlant,1,,
1964,Port of LA Solar FiT Project_W4885,61319,Port of LA Solar FiT Project,RenewablePowerPlant,1,,
1965,Green Beanworks B PV_GBWXB,61339,Green Beanworks B PV,RenewablePowerPlant,1,,
1966,Westmont 400A_W5691,61348,Westmont 400A,RenewablePowerPlant,1,,
1967,Westmont 400B_W5694,61349,Westmont 400B,RenewablePowerPlant,1,,
1968,Valencia 1 Solar CA_VAL1,61418,Valencia 1 Solar CA,RenewablePowerPlant,1,,
1969,One Ten Partners PV_OTP,61419,One Ten Partners PV,RenewablePowerPlant,1,,
1970,Merced 1 PV_MRCD1,61420,Merced 1 PV,RenewablePowerPlant,1,,
1971,Madera 1 PV_MDRA1,61421,Madera 1 PV,RenewablePowerPlant,1,,
1972,Foundation California Training Facility_WTG1,61442,Foundation California Training Facility,RenewablePowerPlant,1,,
1973,Foundation Mann Packing_WTG1,61443,Foundation Mann Packing,RenewablePowerPlant,1,,
1974,Foundation SaIinas Valley State Prison_WTG1,61444,Foundation SaIinas Valley State Prison,RenewablePowerPlant,1,,
1975,Gaskell West 1 Solar Facility_PV1,61445,Gaskell West 1 Solar Facility,RenewablePowerPlant,1,,
1976,Vandenberg Solar Project_VBERG,61463,Vandenberg Solar Project,RenewablePowerPlant,1,,
1977,ABEC No2 dba West-Star Dairy_GEN1,61501,ABEC #2 dba West-Star Dairy,ThermalPowerPlant,1,,
1978,ABEC No3 dba Lakeview Dairy_GEN1,61502,ABEC #3 dba Lakeview Dairy,ThermalPowerPlant,1,,
1979,ABEC No4 dba CE&S Dairy_GEN1,61503,ABEC #4 dba CE&S Dairy,ThermalPowerPlant,1,,
1980,Voyager Wind II_VYGR2,61582,Voyager Wind II,RenewablePowerPlant,1,,
1981,Voyager Wind III_VYGR3,61583,Voyager Wind III,RenewablePowerPlant,1,,
1982,Voyager Wind IV_VYGR4,61584,Voyager Wind IV,RenewablePowerPlant,1,,
1983,Westmont 301_W5791,61593,Westmont 301,RenewablePowerPlant,1,,
1984,Westmont 401_W5792,61594,Westmont 401,RenewablePowerPlant,1,,
1985,Stenner Creek Solar_CPOLY,61607,Stenner Creek Solar,RenewablePowerPlant,1,,
1986,CDCR (CA) - Corcoran State Prison_CORSP,61620,CDCR (CA) - Corcoran State Prison,RenewablePowerPlant,1,,
1987,CDCR (CA) - Wasco State Prison_WASCO,61621,CDCR (CA) - Wasco State Prison,RenewablePowerPlant,1,,
1988,Kilroy Solar_KILRO,61628,Kilroy Solar,RenewablePowerPlant,1,,
1989,Vista Energy Storage System_VISTA,61661,Vista Energy Storage System,RenewablePowerPlant,1,,
1990,USG 1_USG1,61682,USG 1,RenewablePowerPlant,1,,
1991,USG 2_USG2,61683,USG 2,RenewablePowerPlant,1,,
1992,Folsom SP and CSP Sacramento_FOLSM,61698,Folsom SP and CSP Sacramento,RenewablePowerPlant,1,,
1993,Aerolease_APLEX,61718,Aerolease,RenewablePowerPlant,1,,
1994,HEBT WLA 1_WLA01,61721,HEBT WLA 1,RenewablePowerPlant,1,,
1995,HEBT Irvine 1_IRV01,61722,HEBT Irvine 1,RenewablePowerPlant,1,,
1996,HEBT Irvine 1_IRV1W,61722,HEBT Irvine 1,RenewablePowerPlant,2,,
1997,HEBT Irvine 2_IRV06,61723,HEBT Irvine 2,RenewablePowerPlant,1,,
1998,HEBT Irvine 2_IRV2W,61723,HEBT Irvine 2,RenewablePowerPlant,2,,
1999,Wistaria Ranch Solar_WICA,61750,Wistaria Ranch Solar,RenewablePowerPlant,1,,
2000,SunSelect1_1,61754,SunSelect1,ThermalPowerPlant,1,,
2001,SunSelect1_2,61754,SunSelect1,ThermalPowerPlant,2,,
2002,Stage Gulch Solar_5001,61791,Stage Gulch Solar,RenewablePowerPlant,1,,
2003,Lavio Solar_5002,61792,Lavio Solar,RenewablePowerPlant,1,,
2004,Target Shafter_RPU2,61824,Target Shafter,RenewablePowerPlant,1,,
2005,Soboba Community Solar Project_SCSP1,61834,Soboba Community Solar Project,RenewablePowerPlant,1,,
2006,SeaWorld Aquatica_10276,61843,SeaWorld Aquatica,RenewablePowerPlant,1,,
2007,Tulare BioMAT Fuel Cell_MM27,61846,Tulare BioMAT Fuel Cell,ThermalPowerPlant,1,,
2008,National Raisin_CR1,61894,National Raisin,RenewablePowerPlant,1,,
2009,National Raisin_CR2,61894,National Raisin,RenewablePowerPlant,2,,
2010,National Raisin_CR3,61894,National Raisin,RenewablePowerPlant,3,,
2011,National Raisin_CR4,61894,National Raisin,RenewablePowerPlant,4,,
2012,Pacific Ethanol Madera Solar Array_PV,61989,Pacific Ethanol Madera Solar Array,RenewablePowerPlant,1,,
2013,Gavilan District College Solar Project_GDCBA,61993,Gavilan District College Solar Project,RenewablePowerPlant,1,,
2014,Gavilan District College Solar Project_GDCPV,61993,Gavilan District College Solar Project,RenewablePowerPlant,2,,
2015,San Pablo Raceway_SPRWY,62004,San Pablo Raceway,RenewablePowerPlant,1,,
2016,UC Riverside Lots 30 & 32_UCRIV,62016,UC Riverside Lots 30 & 32,RenewablePowerPlant,1,,
2017,Stanford Campus Solar_STANF,62020,Stanford Campus Solar,RenewablePowerPlant,1,,
2018,CSU Long Beach Lots 7 & 14_CSULB,62028,CSU Long Beach Lots 7 & 14,RenewablePowerPlant,1,,
2019,Citizens Imperial Solar_CIS1,62052,Citizens Imperial Solar,RenewablePowerPlant,1,,
2020,Lancaster_LANC,62056,Lancaster,RenewablePowerPlant,1,,
2021,Blue Shld Of Cal- El Dorado Hlls Mtr B_PV1,62077,Blue Shld Of Cal- El Dorado Hlls Mtr B,RenewablePowerPlant,1,,
2022,Chaffey College Rancho Cucamonga Campus_SOLAR,62150,Chaffey College Rancho Cucamonga Campus,RenewablePowerPlant,1,,
2023,Berry NMW Cogens_21Z,62176,Berry NMW Cogens,ThermalPowerPlant,1,,
2024,Berry NMW Cogens_PF,62176,Berry NMW Cogens,ThermalPowerPlant,2,,
2025,County of San Diego SBRC_SBRC,62242,County of San Diego SBRC,RenewablePowerPlant,1,,
2026,Target Woodland Solar Project_TWSP,62246,Target Woodland Solar Project,RenewablePowerPlant,1,,
2027,Liberty HS Solar Project_LHSSP,62274,Liberty HS Solar Project,RenewablePowerPlant,1,,
2028,Frontier HS Solar Project_FHSSP,62275,Frontier HS Solar Project,RenewablePowerPlant,1,,
2029,Xebec 1_W7188,62286,Xebec 1,RenewablePowerPlant,1,,
2030,Francisco St. Solar_W7190,62287,Francisco St. Solar,RenewablePowerPlant,1,,
2031,Valentine Solar LLC_VAL01,62288,"Valentine Solar, LLC",RenewablePowerPlant,1,,
2032,CFW Solar X LLC - Vaughn_VSCFW,62378,CFW Solar X LLC - Vaughn,RenewablePowerPlant,1,,
2033,Verwey-Hanford Dairy Digester No2_4,62418,Verwey-Hanford Dairy Digester #2,ThermalPowerPlant,1,,
2034,Verwey-Hanford Dairy Digester No3_4,62419,Verwey-Hanford Dairy Digester #3,ThermalPowerPlant,1,,
2035,Ratkovich Alhambra_RAT00,62458,Ratkovich Alhambra,ThermalPowerPlant,1,,
2036,Micro Santa Clara_SMC01,62459,Micro Santa Clara,ThermalPowerPlant,1,,
2037,Disney Prospect_DSY01,62571,Disney Prospect,ThermalPowerPlant,1,,
2038,ATT Kelvin_ATT56,62573,ATT  Kelvin,ThermalPowerPlant,1,,
2039,ATT Van Nyus_ATT93,62574,ATT Van Nyus,ThermalPowerPlant,1,,
2040,FLEX Gibraltar_FLX01,62575,FLEX Gibraltar,ThermalPowerPlant,1,,
2041,APP Prune A-D_AP11A,62577,APP Prune A-D,ThermalPowerPlant,1,,
2042,APP Prune A-D_AP11B,62577,APP Prune A-D,ThermalPowerPlant,2,,
2043,APP Prune A-D_AP11C,62577,APP Prune A-D,ThermalPowerPlant,3,,
2044,APP Prune A-D_AP11D,62577,APP Prune A-D,ThermalPowerPlant,4,,
2045,Preferred Freezer San Leandro_SLPV1,62578,Preferred Freezer San Leandro,RenewablePowerPlant,1,,
2046,PFMG Solar Grossmont Helix LLC_HELIX,62611,PFMG Solar Grossmont Helix LLC,RenewablePowerPlant,1,,
2047,SFDK Solar_SFDK,62649,SFDK Solar,RenewablePowerPlant,1,,
2048,HL Solar_HLS,62655,HL Solar,RenewablePowerPlant,1,,
2049,Equinix Caspian Dr. Fuel Cell_EQX1A,62671,Equinix Caspian Dr. Fuel Cell,ThermalPowerPlant,1,,
2050,Equinix Caspian Dr. Fuel Cell_EQX1B,62671,Equinix Caspian Dr. Fuel Cell,ThermalPowerPlant,2,,
2051,American Canyon Solar_RPNPA,62687,American Canyon Solar,RenewablePowerPlant,1,,
2052,American Canyon Solar_RPNPB,62687,American Canyon Solar,RenewablePowerPlant,2,,
2053,American Canyon Solar_RPNPC,62687,American Canyon Solar,RenewablePowerPlant,3,,
2054,Malech Solar Farm_MFARM,62688,Malech Solar Farm,RenewablePowerPlant,1,,
2055,Guadalupe Solar Farm_GFARM,62690,Guadalupe Solar Farm,RenewablePowerPlant,1,,
2056,Mission College Blvd. Fuel Cell_NTL3A,62697,Mission College Blvd. Fuel Cell,ThermalPowerPlant,1,,
2057,Mission College Blvd. Fuel Cell_NTL3B,62697,Mission College Blvd. Fuel Cell,ThermalPowerPlant,2,,
2058,Kaiser East La Palma Ave. Fuel Cell_KR059,62698,Kaiser East La Palma Ave. Fuel Cell,ThermalPowerPlant,1,,
2059,Kaiser Deer Valley Rd. Fuel Cell_KSR24,62699,Kaiser Deer Valley Rd. Fuel Cell,ThermalPowerPlant,1,,
2060,Kaiser Owens Dr. Fuel Cell_KSR23,62700,Kaiser Owens Dr. Fuel Cell,ThermalPowerPlant,1,,
2061,Kaiser Napa Valley Corporate Dr Fuel Cell_KS18A,62701,Kaiser Napa Valley Corporate Dr Fuel Cell,ThermalPowerPlant,1,,
2062,Kaiser Napa Valley Corporate Dr Fuel Cell_KS18B,62701,Kaiser Napa Valley Corporate Dr Fuel Cell,ThermalPowerPlant,2,,
2063,Equinix Great Oaks Blvd. Fuel Cell_EQ14A,62702,Equinix Great Oaks Blvd. Fuel Cell,ThermalPowerPlant,1,,
2064,Equinix Great Oaks Blvd. Fuel Cell_EQ14B,62702,Equinix Great Oaks Blvd. Fuel Cell,ThermalPowerPlant,2,,
2065,Equinix Lundy Ave. Fuel Cell_EQ13A,62703,Equinix Lundy Ave. Fuel Cell,ThermalPowerPlant,1,,
2066,Equinix Lundy Ave. Fuel Cell_EQ13B,62703,Equinix Lundy Ave. Fuel Cell,ThermalPowerPlant,2,,
2067,Equinix Douglas St. Fuel Cell_EQX09,62704,Equinix Douglas St. Fuel Cell,ThermalPowerPlant,1,,
2068,Equinix Maple Ave. Fuel Cell_EQX08,62705,Equinix Maple Ave. Fuel Cell,ThermalPowerPlant,1,,
2069,Solar Star Palo Alto I LLC_SSPAI,62732,"Solar Star Palo Alto I, LLC",RenewablePowerPlant,1,,
2070,Grossmont HS Solar Project_GHSP,62987,Grossmont HS Solar Project,RenewablePowerPlant,1,,
2071,CalCity Solar 1_CALTR,63054,CalCity Solar 1,RenewablePowerPlant,1,,
2072,Eagle Creek_EGCRK,63078,Eagle Creek,RenewablePowerPlant,1,,
2073,CID Solar (CA)_HLS,63204,CID Solar (CA),RenewablePowerPlant,1,,
2074,Valero Wilmington Cogeneration Plant_79G1,63285,Valero Wilmington Cogeneration Plant,ThermalPowerPlant,1,,
2075,Alticor Inc - Solar Project_AISP,63303,Alticor Inc - Solar Project,RenewablePowerPlant,1,,
2076,Medline Ind. Phase 2 Tracy_MIP2T,63361,Medline Ind. Phase 2 Tracy,RenewablePowerPlant,1,,
2077,Niagara Bottling Stockton_NBS,63363,Niagara Bottling Stockton,RenewablePowerPlant,1,,
2078,Phelan Pinon Hills CSD Solar_PPHS,63376,Phelan Pinon Hills CSD Solar,RenewablePowerPlant,1,,
2079,Castaic Lake Phase II_CA135,63385,Castaic Lake Phase II,RenewablePowerPlant,1,,
2080,San Diego Zoo_SDZOO,63412,San Diego Zoo,RenewablePowerPlant,1,,
2081,Central CA Fuel Cell 1_CCFC1,63439,Central CA Fuel Cell 1,ThermalPowerPlant,1,,
2082,RE-VFO LLC_INV1,63455,RE-VFO LLC,RenewablePowerPlant,1,,
2083,RE-VFO LLC_INV2,63455,RE-VFO LLC,RenewablePowerPlant,2,,
2084,D'Arrigo Brothers - Phase 4_DA04,63486,D'Arrigo Brothers - Phase 4,RenewablePowerPlant,1,,
2085,PSREC/SIAD Solar_SIAD,63493,PSREC/SIAD Solar,RenewablePowerPlant,1,,
2086,California City_CACTY,63516,California City,RenewablePowerPlant,1,,
2087,Illumina Way SD_ILM01,63603,Illumina Way SD,ThermalPowerPlant,1,,
2088,Extreme San Ignacio_EXN02,63604,Extreme San Ignacio,ThermalPowerPlant,1,,
2089,ATT North Watney_ATT35,63605,ATT North Watney,ThermalPowerPlant,1,,
2090,ATT Ventura Blvd_ATT27,63606,ATT Ventura Blvd,ThermalPowerPlant,1,,
2091,Extreme Via Del Oro_EXN01,63607,Extreme Via Del Oro,ThermalPowerPlant,1,,
2092,Allergan_ALRGN,63609,Allergan,RenewablePowerPlant,1,,
2093,Baker_BAKER,63610,Baker,RenewablePowerPlant,1,,
2094,CSU Long Beach_CSULB,63611,CSU Long Beach,RenewablePowerPlant,1,,
2095,DATS_DATS0,63612,DATS,RenewablePowerPlant,1,,
2096,Downey_DOWNY,63613,Downey,RenewablePowerPlant,1,,
2097,LAWRP_LAWRP,63614,LAWRP,RenewablePowerPlant,1,,
2098,OCSD_OCSD1,63616,OCSD,RenewablePowerPlant,1,,
2099,SOCCD_SOCCD,63617,SOCCD,RenewablePowerPlant,1,,
2100,Pleasanton - Amador Valley High School_AVHS,63630,Pleasanton - Amador Valley High School,RenewablePowerPlant,1,,
2101,Costco Lake Drive_CTC13,63638,Costco Lake Drive,ThermalPowerPlant,1,,
2102,North Kern State Prison Phase II_5812,63651,North Kern State Prison Phase II,RenewablePowerPlant,1,,
2103,Dedeaux_DEDEA,63674,Dedeaux,RenewablePowerPlant,1,,
2104,AGT000 Stevens Creek Fuel Cell_AGT0A,63699,AGT000 Stevens Creek Fuel Cell,ThermalPowerPlant,1,,
2105,AGT000 Stevens Creek Fuel Cell_AGT0B,63699,AGT000 Stevens Creek Fuel Cell,ThermalPowerPlant,2,,
2106,CST001 McCarthy Fuel Cell_CST1A,63701,CST001 McCarthy Fuel Cell,ThermalPowerPlant,1,,
2107,CST001 McCarthy Fuel Cell_CST1B,63701,CST001 McCarthy Fuel Cell,ThermalPowerPlant,2,,
2108,EQX010 Great Oaks Fuel Cell_EQ10A,63704,EQX010 Great Oaks Fuel Cell,ThermalPowerPlant,1,,
2109,EQX010 Great Oaks Fuel Cell_EQ10B,63704,EQX010 Great Oaks Fuel Cell,ThermalPowerPlant,2,,
2110,EQX011 Duane Fuel Cell_EQ11A,63705,EQX011 Duane Fuel Cell,ThermalPowerPlant,1,,
2111,EQX011 Duane Fuel Cell_EQ11B,63705,EQX011 Duane Fuel Cell,ThermalPowerPlant,2,,
2112,EQX011 Duane Fuel Cell_EQ11C,63705,EQX011 Duane Fuel Cell,ThermalPowerPlant,3,,
2113,EQX015 Great Oaks Fuel Cell_EQ15A,63708,EQX015 Great Oaks Fuel Cell,ThermalPowerPlant,1,,
2114,EQX015 Great Oaks Fuel Cell_EQ15B,63708,EQX015 Great Oaks Fuel Cell,ThermalPowerPlant,2,,
2115,JSR000 N Mathilda Fuel Cell_JSR00,63711,JSR000 N Mathilda Fuel Cell,ThermalPowerPlant,1,,
2116,KSR028 Merced Fuel Cell_KSR28,63712,KSR028 Merced Fuel Cell,ThermalPowerPlant,1,,
2117,GEN005 Antibody Fuel Cell_GEN05,63714,GEN005 Antibody Fuel Cell,ThermalPowerPlant,1,,
2118,SCU000 El Camino Real Fuel Cell_SCU00,63715,SCU000 El Camino Real Fuel Cell,ThermalPowerPlant,1,,
2119,KSR053 Cantara Fuel Cell_KSR53,63716,KSR053 Cantara Fuel Cell,ThermalPowerPlant,1,,
2120,TLR000 Hansen Fuel Cell_TLR0A,63717,TLR000 Hansen Fuel Cell,ThermalPowerPlant,1,,
2121,TLR000 Hansen Fuel Cell_TLR0B,63717,TLR000 Hansen Fuel Cell,ThermalPowerPlant,2,,
2122,TLR000 Hansen Fuel Cell_TLR0C,63717,TLR000 Hansen Fuel Cell,ThermalPowerPlant,3,,
2123,Vacaville Hospital_6701,63928,Vacaville Hospital,RenewablePowerPlant,1,,
