reservoir_name,date,inflow_m3s
Reservoir_Big Creek 2A,2019-01-01,0.127
Reservoir_Big Creek 2A,2019-01-02,0.127
Reservoir_Big Creek 2A,2019-01-03,0.127
Reservoir_Big Creek 2A,2019-01-04,0.127
Reservoir_Big Creek 2A,2019-01-05,0.127
Reservoir_Big Creek 2A,2019-01-06,0.13
Reservoir_Big Creek 2A,2019-01-07,0.13
Reservoir_Big Creek 2A,2019-01-08,0.127
Reservoir_Big Creek 2A,2019-01-09,0.13
Reservoir_Big Creek 2A,2019-01-10,0.13
Reservoir_Big Creek 2A,2019-01-11,0.127
Reservoir_Big Creek 2A,2019-01-12,0.127
Reservoir_Big Creek 2A,2019-01-13,0.127
Reservoir_Big Creek 2A,2019-01-14,0.127
Reservoir_Big Creek 2A,2019-01-15,0.13
Reservoir_Big Creek 2A,2019-01-16,0.136
Reservoir_Big Creek 2A,2019-01-17,0.17
Reservoir_Big Creek 2A,2019-01-18,0.136
Reservoir_Big Creek 2A,2019-01-19,0.133
Reservoir_Big Creek 2A,2019-01-20,0.144
Reservoir_Big Creek 2A,2019-01-21,0.139
Reservoir_Big Creek 2A,2019-01-22,0.133
Reservoir_Big Creek 2A,2019-01-23,0.133
Reservoir_Big Creek 2A,2019-01-24,0.13
Reservoir_Big Creek 2A,2019-01-25,0.13
Reservoir_Big Creek 2A,2019-01-26,0.13
Reservoir_Big Creek 2A,2019-01-27,0.13
Reservoir_Big Creek 2A,2019-01-28,0.13
Reservoir_Big Creek 2A,2019-01-29,0.13
Reservoir_Big Creek 2A,2019-01-30,0.13
Reservoir_Big Creek 2A,2019-01-31,0.13
Reservoir_Big Creek 2A,2019-02-01,0.13
Reservoir_Big Creek 2A,2019-02-02,0.187
Reservoir_Big Creek 2A,2019-02-03,0.176
Reservoir_Big Creek 2A,2019-02-04,0.159
Reservoir_Big Creek 2A,2019-02-05,0.144
Reservoir_Big Creek 2A,2019-02-06,0.136
Reservoir_Big Creek 2A,2019-02-07,0.133
Reservoir_Big Creek 2A,2019-02-08,0.133
Reservoir_Big Creek 2A,2019-02-09,0.133
Reservoir_Big Creek 2A,2019-02-10,0.133
Reservoir_Big Creek 2A,2019-02-11,0.133
Reservoir_Big Creek 2A,2019-02-12,0.133
Reservoir_Big Creek 2A,2019-02-13,0.144
Reservoir_Big Creek 2A,2019-02-14,0.224
Reservoir_Big Creek 2A,2019-02-15,0.164
Reservoir_Big Creek 2A,2019-02-16,0.147
Reservoir_Big Creek 2A,2019-02-17,0.139
Reservoir_Big Creek 2A,2019-02-18,0.136
Reservoir_Big Creek 2A,2019-02-19,0.136
Reservoir_Big Creek 2A,2019-02-20,0.136
Reservoir_Big Creek 2A,2019-02-21,0.136
Reservoir_Big Creek 2A,2019-02-22,0.136
Reservoir_Big Creek 2A,2019-02-23,0.136
Reservoir_Big Creek 2A,2019-02-24,0.136
Reservoir_Big Creek 2A,2019-02-25,0.133
Reservoir_Big Creek 2A,2019-02-26,1.189
Reservoir_Big Creek 2A,2019-02-27,4.842
Reservoir_Big Creek 2A,2019-02-28,5.692
Reservoir_Big Creek 2A,2019-03-01,5.578
Reservoir_Big Creek 2A,2019-03-02,5.607
Reservoir_Big Creek 2A,2019-03-03,5.607
Reservoir_Big Creek 2A,2019-03-04,5.607
Reservoir_Big Creek 2A,2019-03-05,5.635
Reservoir_Big Creek 2A,2019-03-06,5.748
Reservoir_Big Creek 2A,2019-03-07,5.748
Reservoir_Big Creek 2A,2019-03-08,5.748
Reservoir_Big Creek 2A,2019-03-09,5.663
Reservoir_Big Creek 2A,2019-03-10,5.607
Reservoir_Big Creek 2A,2019-03-11,5.578
Reservoir_Big Creek 2A,2019-03-12,5.635
Reservoir_Big Creek 2A,2019-03-13,4.049
Reservoir_Big Creek 2A,2019-03-14,0.15
Reservoir_Big Creek 2A,2019-03-15,0.144
Reservoir_Big Creek 2A,2019-03-16,0.142
Reservoir_Big Creek 2A,2019-03-17,0.139
Reservoir_Big Creek 2A,2019-03-18,0.142
Reservoir_Big Creek 2A,2019-03-19,0.147
Reservoir_Big Creek 2A,2019-03-20,0.17
Reservoir_Big Creek 2A,2019-03-21,0.156
Reservoir_Big Creek 2A,2019-03-22,0.153
Reservoir_Big Creek 2A,2019-03-23,0.153
Reservoir_Big Creek 2A,2019-03-24,0.144
Reservoir_Big Creek 2A,2019-03-25,0.144
Reservoir_Big Creek 2A,2019-03-26,0.144
Reservoir_Big Creek 2A,2019-03-27,0.153
Reservoir_Big Creek 2A,2019-03-28,0.167
Reservoir_Big Creek 2A,2019-03-29,0.153
Reservoir_Big Creek 2A,2019-03-30,0.147
Reservoir_Big Creek 2A,2019-03-31,0.144
Reservoir_Big Creek 2A,2019-04-01,0.144
Reservoir_Big Creek 2A,2019-04-02,0.147
Reservoir_Big Creek 2A,2019-04-03,0.144
Reservoir_Big Creek 2A,2019-04-04,0.144
Reservoir_Big Creek 2A,2019-04-05,0.142
Reservoir_Big Creek 2A,2019-04-06,0.139
Reservoir_Big Creek 2A,2019-04-07,0.139
Reservoir_Big Creek 2A,2019-04-08,0.136
Reservoir_Big Creek 2A,2019-04-09,0.139
Reservoir_Big Creek 2A,2019-04-10,0.136
Reservoir_Big Creek 2A,2019-04-11,0.136
Reservoir_Big Creek 2A,2019-04-12,0.136
Reservoir_Big Creek 2A,2019-04-13,0.136
Reservoir_Big Creek 2A,2019-04-14,0.136
Reservoir_Big Creek 2A,2019-04-15,0.139
Reservoir_Big Creek 2A,2019-04-16,0.144
Reservoir_Big Creek 2A,2019-04-17,0.136
Reservoir_Big Creek 2A,2019-04-18,0.136
Reservoir_Big Creek 2A,2019-04-19,0.136
Reservoir_Big Creek 2A,2019-04-20,0.136
Reservoir_Big Creek 2A,2019-04-21,0.136
Reservoir_Big Creek 2A,2019-04-22,0.136
Reservoir_Big Creek 2A,2019-04-23,0.136
Reservoir_Big Creek 2A,2019-04-24,0.136
Reservoir_Big Creek 2A,2019-04-25,0.136
Reservoir_Big Creek 2A,2019-04-26,0.136
Reservoir_Big Creek 2A,2019-04-27,0.136
Reservoir_Big Creek 2A,2019-04-28,0.136
Reservoir_Big Creek 2A,2019-04-29,2.095
Reservoir_Big Creek 2A,2019-04-30,5.04
Reservoir_Big Creek 2A,2019-05-01,6.4
Reservoir_Big Creek 2A,2019-05-02,6.4
Reservoir_Big Creek 2A,2019-05-03,6.4
Reservoir_Big Creek 2A,2019-05-04,6.4
Reservoir_Big Creek 2A,2019-05-05,6.428
Reservoir_Big Creek 2A,2019-05-06,6.485
Reservoir_Big Creek 2A,2019-05-07,6.513
Reservoir_Big Creek 2A,2019-05-08,6.456
Reservoir_Big Creek 2A,2019-05-09,6.485
Reservoir_Big Creek 2A,2019-05-10,6.485
Reservoir_Big Creek 2A,2019-05-11,6.541
Reservoir_Big Creek 2A,2019-05-12,6.57
Reservoir_Big Creek 2A,2019-05-13,6.57
Reservoir_Big Creek 2A,2019-05-14,6.57
Reservoir_Big Creek 2A,2019-05-15,6.598
Reservoir_Big Creek 2A,2019-05-16,6.626
Reservoir_Big Creek 2A,2019-05-17,6.626
Reservoir_Big Creek 2A,2019-05-18,6.598
Reservoir_Big Creek 2A,2019-05-19,6.57
Reservoir_Big Creek 2A,2019-05-20,6.541
Reservoir_Big Creek 2A,2019-05-21,6.57
Reservoir_Big Creek 2A,2019-05-22,6.541
Reservoir_Big Creek 2A,2019-05-23,6.513
Reservoir_Big Creek 2A,2019-05-24,6.513
Reservoir_Big Creek 2A,2019-05-25,6.513
Reservoir_Big Creek 2A,2019-05-26,6.541
Reservoir_Big Creek 2A,2019-05-27,6.513
Reservoir_Big Creek 2A,2019-05-28,6.513
Reservoir_Big Creek 2A,2019-05-29,6.541
Reservoir_Big Creek 2A,2019-05-30,6.541
Reservoir_Big Creek 2A,2019-05-31,6.513
Reservoir_Big Creek 2A,2019-06-01,6.541
Reservoir_Big Creek 2A,2019-06-02,6.513
Reservoir_Big Creek 2A,2019-06-03,6.513
Reservoir_Big Creek 2A,2019-06-04,6.485
Reservoir_Big Creek 2A,2019-06-05,6.456
Reservoir_Big Creek 2A,2019-06-06,6.315
Reservoir_Big Creek 2A,2019-06-07,6.371
Reservoir_Big Creek 2A,2019-06-08,6.371
Reservoir_Big Creek 2A,2019-06-09,6.4
Reservoir_Big Creek 2A,2019-06-10,6.4
Reservoir_Big Creek 2A,2019-06-11,6.4
Reservoir_Big Creek 2A,2019-06-12,6.4
Reservoir_Big Creek 2A,2019-06-13,6.371
Reservoir_Big Creek 2A,2019-06-14,6.4
Reservoir_Big Creek 2A,2019-06-15,6.4
Reservoir_Big Creek 2A,2019-06-16,6.4
Reservoir_Big Creek 2A,2019-06-17,6.4
Reservoir_Big Creek 2A,2019-06-18,6.4
Reservoir_Big Creek 2A,2019-06-19,6.428
Reservoir_Big Creek 2A,2019-06-20,6.428
Reservoir_Big Creek 2A,2019-06-21,6.428
Reservoir_Big Creek 2A,2019-06-22,6.428
Reservoir_Big Creek 2A,2019-06-23,6.428
Reservoir_Big Creek 2A,2019-06-24,6.428
Reservoir_Big Creek 2A,2019-06-25,6.456
Reservoir_Big Creek 2A,2019-06-26,6.485
Reservoir_Big Creek 2A,2019-06-27,3.398
Reservoir_Big Creek 2A,2019-06-28,0.195
Reservoir_Big Creek 2A,2019-06-29,0.193
Reservoir_Big Creek 2A,2019-06-30,0.19
Reservoir_Big Creek 2A,2019-07-01,0.184
Reservoir_Big Creek 2A,2019-07-02,0.181
Reservoir_Big Creek 2A,2019-07-03,0.181
Reservoir_Big Creek 2A,2019-07-04,0.181
Reservoir_Big Creek 2A,2019-07-05,0.181
Reservoir_Big Creek 2A,2019-07-06,0.181
Reservoir_Big Creek 2A,2019-07-07,0.181
Reservoir_Big Creek 2A,2019-07-08,0.181
Reservoir_Big Creek 2A,2019-07-09,0.181
Reservoir_Big Creek 2A,2019-07-10,0.181
Reservoir_Big Creek 2A,2019-07-11,0.181
Reservoir_Big Creek 2A,2019-07-12,0.181
Reservoir_Big Creek 2A,2019-07-13,0.181
Reservoir_Big Creek 2A,2019-07-14,0.181
Reservoir_Big Creek 2A,2019-07-15,0.181
Reservoir_Big Creek 2A,2019-07-16,0.181
Reservoir_Big Creek 2A,2019-07-17,0.181
Reservoir_Big Creek 2A,2019-07-18,0.181
Reservoir_Big Creek 2A,2019-07-19,0.181
Reservoir_Big Creek 2A,2019-07-20,0.181
Reservoir_Big Creek 2A,2019-07-21,0.181
Reservoir_Big Creek 2A,2019-07-22,0.181
Reservoir_Big Creek 2A,2019-07-23,0.181
Reservoir_Big Creek 2A,2019-07-24,1.812
Reservoir_Big Creek 2A,2019-07-25,4.644
Reservoir_Big Creek 2A,2019-07-26,4.644
Reservoir_Big Creek 2A,2019-07-27,4.672
Reservoir_Big Creek 2A,2019-07-28,4.672
Reservoir_Big Creek 2A,2019-07-29,4.672
Reservoir_Big Creek 2A,2019-07-30,4.672
Reservoir_Big Creek 2A,2019-07-31,4.672
Reservoir_Big Creek 2A,2019-08-01,5.324
Reservoir_Big Creek 2A,2019-08-02,6.4
Reservoir_Big Creek 2A,2019-08-03,6.428
Reservoir_Big Creek 2A,2019-08-04,6.428
Reservoir_Big Creek 2A,2019-08-05,6.4
Reservoir_Big Creek 2A,2019-08-06,6.428
Reservoir_Big Creek 2A,2019-08-07,6.428
Reservoir_Big Creek 2A,2019-08-08,6.428
Reservoir_Big Creek 2A,2019-08-09,6.4
Reservoir_Big Creek 2A,2019-08-10,6.4
Reservoir_Big Creek 2A,2019-08-11,6.371
Reservoir_Big Creek 2A,2019-08-12,6.371
Reservoir_Big Creek 2A,2019-08-13,6.4
Reservoir_Big Creek 2A,2019-08-14,6.343
Reservoir_Big Creek 2A,2019-08-15,6.315
Reservoir_Big Creek 2A,2019-08-16,6.286
Reservoir_Big Creek 2A,2019-08-17,6.258
Reservoir_Big Creek 2A,2019-08-18,6.23
Reservoir_Big Creek 2A,2019-08-19,6.343
Reservoir_Big Creek 2A,2019-08-20,6.343
Reservoir_Big Creek 2A,2019-08-21,6.315
Reservoir_Big Creek 2A,2019-08-22,6.315
Reservoir_Big Creek 2A,2019-08-23,6.286
Reservoir_Big Creek 2A,2019-08-24,6.286
Reservoir_Big Creek 2A,2019-08-25,6.286
Reservoir_Big Creek 2A,2019-08-26,4.559
Reservoir_Big Creek 2A,2019-08-27,0.21
Reservoir_Big Creek 2A,2019-08-28,0.193
Reservoir_Big Creek 2A,2019-08-29,0.198
Reservoir_Big Creek 2A,2019-08-30,0.201
Reservoir_Big Creek 2A,2019-08-31,0.204
Reservoir_Big Creek 2A,2019-09-01,0.207
Reservoir_Big Creek 2A,2019-09-02,0.207
Reservoir_Big Creek 2A,2019-09-03,0.21
Reservoir_Big Creek 2A,2019-09-04,0.195
Reservoir_Big Creek 2A,2019-09-05,0.193
Reservoir_Big Creek 2A,2019-09-06,0.193
Reservoir_Big Creek 2A,2019-09-07,0.193
Reservoir_Big Creek 2A,2019-09-08,0.193
Reservoir_Big Creek 2A,2019-09-09,0.187
Reservoir_Big Creek 2A,2019-09-10,0.181
Reservoir_Big Creek 2A,2019-09-11,0.184
Reservoir_Big Creek 2A,2019-09-12,0.181
Reservoir_Big Creek 2A,2019-09-13,0.181
Reservoir_Big Creek 2A,2019-09-14,0.181
Reservoir_Big Creek 2A,2019-09-15,0.181
Reservoir_Big Creek 2A,2019-09-16,0.187
Reservoir_Big Creek 2A,2019-09-17,0.193
Reservoir_Big Creek 2A,2019-09-18,0.193
Reservoir_Big Creek 2A,2019-09-19,0.193
Reservoir_Big Creek 2A,2019-09-20,0.193
Reservoir_Big Creek 2A,2019-09-21,0.193
Reservoir_Big Creek 2A,2019-09-22,0.193
Reservoir_Big Creek 2A,2019-09-23,0.193
Reservoir_Big Creek 2A,2019-09-24,0.204
Reservoir_Big Creek 2A,2019-09-25,0.212
Reservoir_Big Creek 2A,2019-09-26,0.215
Reservoir_Big Creek 2A,2019-09-27,0.215
Reservoir_Big Creek 2A,2019-09-28,0.224
Reservoir_Big Creek 2A,2019-09-29,0.218
Reservoir_Big Creek 2A,2019-09-30,0.212
Reservoir_Big Creek 2A,2019-10-01,0.198
Reservoir_Big Creek 2A,2019-10-02,0.181
Reservoir_Big Creek 2A,2019-10-03,0.181
Reservoir_Big Creek 2A,2019-10-04,0.181
Reservoir_Big Creek 2A,2019-10-05,0.181
Reservoir_Big Creek 2A,2019-10-06,0.181
Reservoir_Big Creek 2A,2019-10-07,0.181
Reservoir_Big Creek 2A,2019-10-08,0.181
Reservoir_Big Creek 2A,2019-10-09,0.181
Reservoir_Big Creek 2A,2019-10-10,0.181
Reservoir_Big Creek 2A,2019-10-11,0.181
Reservoir_Big Creek 2A,2019-10-12,0.181
Reservoir_Big Creek 2A,2019-10-13,0.181
Reservoir_Big Creek 2A,2019-10-14,0.181
Reservoir_Big Creek 2A,2019-10-15,0.181
Reservoir_Big Creek 2A,2019-10-16,0.181
Reservoir_Big Creek 2A,2019-10-17,0.181
Reservoir_Big Creek 2A,2019-10-18,0.181
Reservoir_Big Creek 2A,2019-10-19,0.181
Reservoir_Big Creek 2A,2019-10-20,0.181
Reservoir_Big Creek 2A,2019-10-21,0.181
Reservoir_Big Creek 2A,2019-10-22,0.181
Reservoir_Big Creek 2A,2019-10-23,0.181
Reservoir_Big Creek 2A,2019-10-24,0.187
Reservoir_Big Creek 2A,2019-10-25,0.187
Reservoir_Big Creek 2A,2019-10-26,0.181
Reservoir_Big Creek 2A,2019-10-27,0.187
Reservoir_Big Creek 2A,2019-10-28,0.187
Reservoir_Big Creek 2A,2019-10-29,0.184
Reservoir_Big Creek 2A,2019-10-30,0.181
Reservoir_Big Creek 2A,2019-10-31,0.181
Reservoir_Big Creek 2A,2019-11-01,0.181
Reservoir_Big Creek 2A,2019-11-02,0.181
Reservoir_Big Creek 2A,2019-11-03,0.181
Reservoir_Big Creek 2A,2019-11-04,0.181
Reservoir_Big Creek 2A,2019-11-05,0.181
Reservoir_Big Creek 2A,2019-11-06,0.181
Reservoir_Big Creek 2A,2019-11-07,0.181
Reservoir_Big Creek 2A,2019-11-08,0.181
Reservoir_Big Creek 2A,2019-11-09,0.181
Reservoir_Big Creek 2A,2019-11-10,0.181
Reservoir_Big Creek 2A,2019-11-11,0.181
Reservoir_Big Creek 2A,2019-11-12,0.181
Reservoir_Big Creek 2A,2019-11-13,0.181
Reservoir_Big Creek 2A,2019-11-14,0.181
Reservoir_Big Creek 2A,2019-11-15,0.181
Reservoir_Big Creek 2A,2019-11-16,0.181
Reservoir_Big Creek 2A,2019-11-17,0.181
Reservoir_Big Creek 2A,2019-11-18,0.181
Reservoir_Big Creek 2A,2019-11-19,0.181
Reservoir_Big Creek 2A,2019-11-20,0.181
Reservoir_Big Creek 2A,2019-11-21,0.181
Reservoir_Big Creek 2A,2019-11-22,0.181
Reservoir_Big Creek 2A,2019-11-23,0.181
Reservoir_Big Creek 2A,2019-11-24,0.181
Reservoir_Big Creek 2A,2019-11-25,0.181
Reservoir_Big Creek 2A,2019-11-26,0.178
Reservoir_Big Creek 2A,2019-11-27,0.181
Reservoir_Big Creek 2A,2019-11-28,0.181
Reservoir_Big Creek 2A,2019-11-29,0.181
Reservoir_Big Creek 2A,2019-11-30,0.181
Reservoir_Big Creek 2A,2019-12-01,0.19
Reservoir_Big Creek 2A,2019-12-02,0.181
Reservoir_Big Creek 2A,2019-12-03,0.181
Reservoir_Big Creek 2A,2019-12-04,0.195
Reservoir_Big Creek 2A,2019-12-05,0.181
Reservoir_Big Creek 2A,2019-12-06,0.181
Reservoir_Big Creek 2A,2019-12-07,0.204
Reservoir_Big Creek 2A,2019-12-08,0.215
Reservoir_Big Creek 2A,2019-12-09,0.201
Reservoir_Big Creek 2A,2019-12-10,0.193
Reservoir_Big Creek 2A,2019-12-11,0.193
Reservoir_Big Creek 2A,2019-12-12,0.193
Reservoir_Big Creek 2A,2019-12-13,0.193
Reservoir_Big Creek 2A,2019-12-14,0.193
Reservoir_Big Creek 2A,2019-12-15,0.193
Reservoir_Big Creek 2A,2019-12-16,0.193
Reservoir_Big Creek 2A,2019-12-17,0.193
Reservoir_Big Creek 2A,2019-12-18,0.193
Reservoir_Big Creek 2A,2019-12-19,0.193
Reservoir_Big Creek 2A,2019-12-20,0.193
Reservoir_Big Creek 2A,2019-12-21,0.193
Reservoir_Big Creek 2A,2019-12-22,0.19
Reservoir_Big Creek 2A,2019-12-23,0.181
Reservoir_Big Creek 2A,2019-12-24,0.181
Reservoir_Big Creek 2A,2019-12-25,0.181
Reservoir_Big Creek 2A,2019-12-26,0.181
Reservoir_Big Creek 2A,2019-12-27,0.173
Reservoir_Big Creek 2A,2019-12-28,0.161
Reservoir_Big Creek 2A,2019-12-29,0.161
Reservoir_Big Creek 2A,2019-12-30,0.161
Reservoir_Big Creek 2A,2019-12-31,0.161
Reservoir_Colgate,2019-01-01,9.571
Reservoir_Colgate,2019-01-02,10.449
Reservoir_Colgate,2019-01-03,9.798
Reservoir_Colgate,2019-01-04,7.419
Reservoir_Colgate,2019-01-05,9.514
Reservoir_Colgate,2019-01-06,29.081
Reservoir_Colgate,2019-01-07,39.7
Reservoir_Colgate,2019-01-08,35.085
Reservoir_Colgate,2019-01-09,57.88
Reservoir_Colgate,2019-01-10,74.473
Reservoir_Colgate,2019-01-11,44.344
Reservoir_Colgate,2019-01-12,32.366
Reservoir_Colgate,2019-01-13,27.184
Reservoir_Colgate,2019-01-14,23.503
Reservoir_Colgate,2019-01-15,34.037
Reservoir_Colgate,2019-01-16,144.133
Reservoir_Colgate,2019-01-17,294.382
Reservoir_Colgate,2019-01-18,143.283
Reservoir_Colgate,2019-01-19,104.801
Reservoir_Colgate,2019-01-20,147.701
Reservoir_Colgate,2019-01-21,161.661
Reservoir_Colgate,2019-01-22,102.762
Reservoir_Colgate,2019-01-23,73.001
Reservoir_Colgate,2019-01-24,55.161
Reservoir_Colgate,2019-01-25,46.836
Reservoir_Colgate,2019-01-26,41.059
Reservoir_Colgate,2019-01-27,38.369
Reservoir_Colgate,2019-01-28,37.407
Reservoir_Colgate,2019-01-29,36.161
Reservoir_Colgate,2019-01-30,34.716
Reservoir_Colgate,2019-01-31,34.348
Reservoir_Colgate,2019-02-01,33.357
Reservoir_Colgate,2019-02-02,89.821
Reservoir_Colgate,2019-02-03,118.648
Reservoir_Colgate,2019-02-04,149.598
Reservoir_Colgate,2019-02-05,102.62
Reservoir_Colgate,2019-02-06,75.861
Reservoir_Colgate,2019-02-07,63.316
Reservoir_Colgate,2019-02-08,55.274
Reservoir_Colgate,2019-02-09,66.092
Reservoir_Colgate,2019-02-10,59.154
Reservoir_Colgate,2019-02-11,52.499
Reservoir_Colgate,2019-02-12,43.948
Reservoir_Colgate,2019-02-13,93.899
Reservoir_Colgate,2019-02-14,460.29
Reservoir_Colgate,2019-02-15,282.489
Reservoir_Colgate,2019-02-16,176.187
Reservoir_Colgate,2019-02-17,136.912
Reservoir_Colgate,2019-02-18,108.425
Reservoir_Colgate,2019-02-19,91.067
Reservoir_Colgate,2019-02-20,83.167
Reservoir_Colgate,2019-02-21,72.066
Reservoir_Colgate,2019-02-22,66.545
Reservoir_Colgate,2019-02-23,59.295
Reservoir_Colgate,2019-02-24,57.37
Reservoir_Colgate,2019-02-25,76.569
Reservoir_Colgate,2019-02-26,214.472
Reservoir_Colgate,2019-02-27,264.734
Reservoir_Colgate,2019-02-28,258.504
Reservoir_Colgate,2019-03-01,175.933
Reservoir_Colgate,2019-03-02,165.2
Reservoir_Colgate,2019-03-03,203.683
Reservoir_Colgate,2019-03-04,221.494
Reservoir_Colgate,2019-03-05,192.951
Reservoir_Colgate,2019-03-06,350.931
Reservoir_Colgate,2019-03-07,342.152
Reservoir_Colgate,2019-03-08,239.391
Reservoir_Colgate,2019-03-09,182.927
Reservoir_Colgate,2019-03-10,150.391
Reservoir_Colgate,2019-03-11,134.618
Reservoir_Colgate,2019-03-12,122.669
Reservoir_Colgate,2019-03-13,108.454
Reservoir_Colgate,2019-03-14,96.306
Reservoir_Colgate,2019-03-15,90.925
Reservoir_Colgate,2019-03-16,85.998
Reservoir_Colgate,2019-03-17,86.848
Reservoir_Colgate,2019-03-18,88.349
Reservoir_Colgate,2019-03-19,95.711
Reservoir_Colgate,2019-03-20,112.163
Reservoir_Colgate,2019-03-21,111.682
Reservoir_Colgate,2019-03-22,106.868
Reservoir_Colgate,2019-03-23,114.117
Reservoir_Colgate,2019-03-24,104.178
Reservoir_Colgate,2019-03-25,105.678
Reservoir_Colgate,2019-03-26,137.252
Reservoir_Colgate,2019-03-27,175.819
Reservoir_Colgate,2019-03-28,180.01
Reservoir_Colgate,2019-03-29,150.532
Reservoir_Colgate,2019-03-30,131.73
Reservoir_Colgate,2019-03-31,120.97
Reservoir_Colgate,2019-04-01,121.961
Reservoir_Colgate,2019-04-02,186.24
Reservoir_Colgate,2019-04-03,207.053
Reservoir_Colgate,2019-04-04,183.238
Reservoir_Colgate,2019-04-05,179.869
Reservoir_Colgate,2019-04-06,179.755
Reservoir_Colgate,2019-04-07,180.208
Reservoir_Colgate,2019-04-08,210.338
Reservoir_Colgate,2019-04-09,335.017
Reservoir_Colgate,2019-04-10,235.483
Reservoir_Colgate,2019-04-11,186.863
Reservoir_Colgate,2019-04-12,156.847
Reservoir_Colgate,2019-04-13,143.566
Reservoir_Colgate,2019-04-14,140.537
Reservoir_Colgate,2019-04-15,145.265
Reservoir_Colgate,2019-04-16,144.444
Reservoir_Colgate,2019-04-17,131.56
Reservoir_Colgate,2019-04-18,135.779
Reservoir_Colgate,2019-04-19,159.056
Reservoir_Colgate,2019-04-20,168.599
Reservoir_Colgate,2019-04-21,158.858
Reservoir_Colgate,2019-04-22,152.118
Reservoir_Colgate,2019-04-23,153.166
Reservoir_Colgate,2019-04-24,174.347
Reservoir_Colgate,2019-04-25,191.988
Reservoir_Colgate,2019-04-26,195.754
Reservoir_Colgate,2019-04-27,186.778
Reservoir_Colgate,2019-04-28,177.575
Reservoir_Colgate,2019-04-29,162.624
Reservoir_Colgate,2019-04-30,157.017
Reservoir_Colgate,2019-05-01,135.468
Reservoir_Colgate,2019-05-02,123.49
Reservoir_Colgate,2019-05-03,119.865
Reservoir_Colgate,2019-05-04,120.97
Reservoir_Colgate,2019-05-05,123.037
Reservoir_Colgate,2019-05-06,127.851
Reservoir_Colgate,2019-05-07,131.362
Reservoir_Colgate,2019-05-08,136.232
Reservoir_Colgate,2019-05-09,135.185
Reservoir_Colgate,2019-05-10,128.304
Reservoir_Colgate,2019-05-11,123.292
Reservoir_Colgate,2019-05-12,126.237
Reservoir_Colgate,2019-05-13,133.372
Reservoir_Colgate,2019-05-14,134.618
Reservoir_Colgate,2019-05-15,142.32
Reservoir_Colgate,2019-05-16,185.305
Reservoir_Colgate,2019-05-17,150.731
Reservoir_Colgate,2019-05-18,130.682
Reservoir_Colgate,2019-05-19,140.933
Reservoir_Colgate,2019-05-20,118.393
Reservoir_Colgate,2019-05-21,127.936
Reservoir_Colgate,2019-05-22,124.934
Reservoir_Colgate,2019-05-23,117.203
Reservoir_Colgate,2019-05-24,111.512
Reservoir_Colgate,2019-05-25,114.457
Reservoir_Colgate,2019-05-26,124.254
Reservoir_Colgate,2019-05-27,112.956
Reservoir_Colgate,2019-05-28,109.954
Reservoir_Colgate,2019-05-29,118.534
Reservoir_Colgate,2019-05-30,132.466
Reservoir_Colgate,2019-05-31,135.921
Reservoir_Colgate,2019-06-01,138.866
Reservoir_Colgate,2019-06-02,144.501
Reservoir_Colgate,2019-06-03,145.803
Reservoir_Colgate,2019-06-04,149.881
Reservoir_Colgate,2019-06-05,148.975
Reservoir_Colgate,2019-06-06,147.984
Reservoir_Colgate,2019-06-07,133.486
Reservoir_Colgate,2019-06-08,108.737
Reservoir_Colgate,2019-06-09,99.251
Reservoir_Colgate,2019-06-10,96.306
Reservoir_Colgate,2019-06-11,96.362
Reservoir_Colgate,2019-06-12,101.261
Reservoir_Colgate,2019-06-13,95.909
Reservoir_Colgate,2019-06-14,90.84
Reservoir_Colgate,2019-06-15,88.349
Reservoir_Colgate,2019-06-16,85.658
Reservoir_Colgate,2019-06-17,79.202
Reservoir_Colgate,2019-06-18,72.774
Reservoir_Colgate,2019-06-19,66.743
Reservoir_Colgate,2019-06-20,63.854
Reservoir_Colgate,2019-06-21,57.993
Reservoir_Colgate,2019-06-22,48.45
Reservoir_Colgate,2019-06-23,47.204
Reservoir_Colgate,2019-06-24,45.08
Reservoir_Colgate,2019-06-25,43.155
Reservoir_Colgate,2019-06-26,39.955
Reservoir_Colgate,2019-06-27,38.539
Reservoir_Colgate,2019-06-28,35.339
Reservoir_Colgate,2019-06-29,31.517
Reservoir_Colgate,2019-06-30,29.931
Reservoir_Colgate,2019-07-01,32.083
Reservoir_Colgate,2019-07-02,28.77
Reservoir_Colgate,2019-07-03,27.411
Reservoir_Colgate,2019-07-04,27.779
Reservoir_Colgate,2019-07-05,27.609
Reservoir_Colgate,2019-07-06,27.382
Reservoir_Colgate,2019-07-07,25.004
Reservoir_Colgate,2019-07-08,24.211
Reservoir_Colgate,2019-07-09,23.361
Reservoir_Colgate,2019-07-10,22.852
Reservoir_Colgate,2019-07-11,23.645
Reservoir_Colgate,2019-07-12,19.85
Reservoir_Colgate,2019-07-13,21.124
Reservoir_Colgate,2019-07-14,19.057
Reservoir_Colgate,2019-07-15,20.473
Reservoir_Colgate,2019-07-16,19.51
Reservoir_Colgate,2019-07-17,20.275
Reservoir_Colgate,2019-07-18,15.659
Reservoir_Colgate,2019-07-19,16.65
Reservoir_Colgate,2019-07-20,16.056
Reservoir_Colgate,2019-07-21,14.725
Reservoir_Colgate,2019-07-22,14.98
Reservoir_Colgate,2019-07-23,15.15
Reservoir_Colgate,2019-07-24,15.093
Reservoir_Colgate,2019-07-25,11.468
Reservoir_Colgate,2019-07-26,12.912
Reservoir_Colgate,2019-07-27,13.309
Reservoir_Colgate,2019-07-28,12.035
Reservoir_Colgate,2019-07-29,14.328
Reservoir_Colgate,2019-07-30,11.327
Reservoir_Colgate,2019-07-31,10.081
Reservoir_Colgate,2019-08-01,11.893
Reservoir_Colgate,2019-08-02,9.599
Reservoir_Colgate,2019-08-03,11.412
Reservoir_Colgate,2019-08-04,10.93
Reservoir_Colgate,2019-08-05,11.893
Reservoir_Colgate,2019-08-06,11.525
Reservoir_Colgate,2019-08-07,7.532
Reservoir_Colgate,2019-08-08,9.599
Reservoir_Colgate,2019-08-09,8.693
Reservoir_Colgate,2019-08-10,9.713
Reservoir_Colgate,2019-08-11,10.506
Reservoir_Colgate,2019-08-12,12.006
Reservoir_Colgate,2019-08-13,10.591
Reservoir_Colgate,2019-08-14,10.591
Reservoir_Colgate,2019-08-15,10.421
Reservoir_Colgate,2019-08-16,8.637
Reservoir_Colgate,2019-08-17,8.863
Reservoir_Colgate,2019-08-18,8.099
Reservoir_Colgate,2019-08-19,8.353
Reservoir_Colgate,2019-08-20,9.118
Reservoir_Colgate,2019-08-21,8.552
Reservoir_Colgate,2019-08-22,8.042
Reservoir_Colgate,2019-08-23,8.212
Reservoir_Colgate,2019-08-24,8.382
Reservoir_Colgate,2019-08-25,9.231
Reservoir_Colgate,2019-08-26,7.306
Reservoir_Colgate,2019-08-27,6.824
Reservoir_Colgate,2019-08-28,8.184
Reservoir_Colgate,2019-08-29,7.023
Reservoir_Colgate,2019-08-30,4.106
Reservoir_Colgate,2019-08-31,7.787
Reservoir_Colgate,2019-09-01,5.833
Reservoir_Colgate,2019-09-02,6.428
Reservoir_Colgate,2019-09-03,5.748
Reservoir_Colgate,2019-09-04,7.249
Reservoir_Colgate,2019-09-05,5.493
Reservoir_Colgate,2019-09-06,3.823
Reservoir_Colgate,2019-09-07,5.692
Reservoir_Colgate,2019-09-08,6.201
Reservoir_Colgate,2019-09-09,4.021
Reservoir_Colgate,2019-09-10,8.722
Reservoir_Colgate,2019-09-11,7.164
Reservoir_Colgate,2019-09-12,7.702
Reservoir_Colgate,2019-09-13,5.465
Reservoir_Colgate,2019-09-14,5.154
Reservoir_Colgate,2019-09-15,4.361
Reservoir_Colgate,2019-09-16,10.732
Reservoir_Colgate,2019-09-17,10.874
Reservoir_Colgate,2019-09-18,12.205
Reservoir_Colgate,2019-09-19,11.893
Reservoir_Colgate,2019-09-20,9.288
Reservoir_Colgate,2019-09-21,6.315
Reservoir_Colgate,2019-09-22,6.23
Reservoir_Colgate,2019-09-23,8.778
Reservoir_Colgate,2019-09-24,2.435
Reservoir_Colgate,2019-09-25,6.456
Reservoir_Colgate,2019-09-26,5.295
Reservoir_Colgate,2019-09-27,5.267
Reservoir_Colgate,2019-09-28,7.815
Reservoir_Colgate,2019-09-29,10.732
Reservoir_Colgate,2019-09-30,10.874
Reservoir_Colgate,2019-10-01,7.476
Reservoir_Colgate,2019-10-02,7.221
Reservoir_Colgate,2019-10-03,8.438
Reservoir_Colgate,2019-10-04,8.976
Reservoir_Colgate,2019-10-05,6.909
Reservoir_Colgate,2019-10-06,6.768
Reservoir_Colgate,2019-10-07,6.513
Reservoir_Colgate,2019-10-08,6.654
Reservoir_Colgate,2019-10-09,6.371
Reservoir_Colgate,2019-10-10,5.267
Reservoir_Colgate,2019-10-11,6.315
Reservoir_Colgate,2019-10-12,5.578
Reservoir_Colgate,2019-10-13,5.777
Reservoir_Colgate,2019-10-14,5.833
Reservoir_Colgate,2019-10-15,4.644
Reservoir_Colgate,2019-10-16,7.702
Reservoir_Colgate,2019-10-17,5.409
Reservoir_Colgate,2019-10-18,5.833
Reservoir_Colgate,2019-10-19,6.003
Reservoir_Colgate,2019-10-20,6.456
Reservoir_Colgate,2019-10-21,6.371
Reservoir_Colgate,2019-10-22,5.38
Reservoir_Colgate,2019-10-23,5.975
Reservoir_Colgate,2019-10-24,5.097
Reservoir_Colgate,2019-10-25,4.474
Reservoir_Colgate,2019-10-26,6.598
Reservoir_Colgate,2019-10-27,4.644
Reservoir_Colgate,2019-10-28,3.936
Reservoir_Colgate,2019-10-29,3.993
Reservoir_Colgate,2019-10-30,8.58
Reservoir_Colgate,2019-10-31,4.587
Reservoir_Colgate,2019-11-01,4.984
Reservoir_Colgate,2019-11-02,3.511
Reservoir_Colgate,2019-11-03,5.89
Reservoir_Colgate,2019-11-04,4.729
Reservoir_Colgate,2019-11-05,10.647
Reservoir_Colgate,2019-11-06,0.227
Reservoir_Colgate,2019-11-07,4.786
Reservoir_Colgate,2019-11-08,5.55
Reservoir_Colgate,2019-11-09,3.823
Reservoir_Colgate,2019-11-10,5.125
Reservoir_Colgate,2019-11-11,3.511
Reservoir_Colgate,2019-11-12,4.757
Reservoir_Colgate,2019-11-13,4.163
Reservoir_Colgate,2019-11-14,5.012
Reservoir_Colgate,2019-11-15,7.532
Reservoir_Colgate,2019-11-16,4.191
Reservoir_Colgate,2019-11-17,4.389
Reservoir_Colgate,2019-11-18,6.003
Reservoir_Colgate,2019-11-19,4.474
Reservoir_Colgate,2019-11-20,6.343
Reservoir_Colgate,2019-11-21,4.021
Reservoir_Colgate,2019-11-22,5.437
Reservoir_Colgate,2019-11-23,2.832
Reservoir_Colgate,2019-11-24,5.409
Reservoir_Colgate,2019-11-25,9.26
Reservoir_Colgate,2019-11-26,10.845
Reservoir_Colgate,2019-11-27,12.006
Reservoir_Colgate,2019-11-28,10.137
Reservoir_Colgate,2019-11-29,5.607
Reservoir_Colgate,2019-11-30,7.844
Reservoir_Colgate,2019-12-01,42.051
Reservoir_Colgate,2019-12-02,68.045
Reservoir_Colgate,2019-12-03,28.458
Reservoir_Colgate,2019-12-04,16.48
Reservoir_Colgate,2019-12-05,18.887
Reservoir_Colgate,2019-12-06,16.311
Reservoir_Colgate,2019-12-07,103.158
Reservoir_Colgate,2019-12-08,115.363
Reservoir_Colgate,2019-12-09,47.629
Reservoir_Colgate,2019-12-10,30.497
Reservoir_Colgate,2019-12-11,29.138
Reservoir_Colgate,2019-12-12,69.461
Reservoir_Colgate,2019-12-13,65.044
Reservoir_Colgate,2019-12-14,105.452
Reservoir_Colgate,2019-12-15,55.02
Reservoir_Colgate,2019-12-16,38.03
Reservoir_Colgate,2019-12-17,33.357
Reservoir_Colgate,2019-12-18,32.819
Reservoir_Colgate,2019-12-19,24.381
Reservoir_Colgate,2019-12-20,24.862
Reservoir_Colgate,2019-12-21,20.586
Reservoir_Colgate,2019-12-22,27.439
Reservoir_Colgate,2019-12-23,30.327
Reservoir_Colgate,2019-12-24,27.241
Reservoir_Colgate,2019-12-25,22.738
Reservoir_Colgate,2019-12-26,21.181
Reservoir_Colgate,2019-12-27,18.689
Reservoir_Colgate,2019-12-28,15.886
Reservoir_Colgate,2019-12-29,16.395
Reservoir_Colgate,2019-12-30,16.622
Reservoir_Colgate,2019-12-31,15.376
Reservoir_Don Pedro,2019-01-02,6.598
Reservoir_Don Pedro,2019-01-03,8.665
Reservoir_Don Pedro,2019-01-04,9.373
Reservoir_Don Pedro,2019-01-05,10.591
Reservoir_Don Pedro,2019-01-06,9.911
Reservoir_Don Pedro,2019-01-07,23.305
Reservoir_Don Pedro,2019-01-08,37.576
Reservoir_Don Pedro,2019-01-09,23.814
Reservoir_Don Pedro,2019-01-10,34.377
Reservoir_Don Pedro,2019-01-11,34.348
Reservoir_Don Pedro,2019-01-12,20.162
Reservoir_Don Pedro,2019-01-13,34.433
Reservoir_Don Pedro,2019-01-14,20.247
Reservoir_Don Pedro,2019-01-15,20.247
Reservoir_Don Pedro,2019-01-16,20.303
Reservoir_Don Pedro,2019-01-17,62.948
Reservoir_Don Pedro,2019-01-18,221.098
Reservoir_Don Pedro,2019-01-19,92.37
Reservoir_Don Pedro,2019-01-20,63.77
Reservoir_Don Pedro,2019-01-21,65.355
Reservoir_Don Pedro,2019-01-22,107.519
Reservoir_Don Pedro,2019-01-23,64.336
Reservoir_Don Pedro,2019-01-24,35.085
Reservoir_Don Pedro,2019-01-25,34.15
Reservoir_Don Pedro,2019-01-26,34.915
Reservoir_Don Pedro,2019-01-27,20.473
Reservoir_Don Pedro,2019-01-28,35.17
Reservoir_Don Pedro,2019-01-29,20.643
Reservoir_Don Pedro,2019-01-30,20.7
Reservoir_Don Pedro,2019-01-31,26.731
Reservoir_Don Pedro,2019-02-01,30.554
Reservoir_Don Pedro,2019-02-02,42.135
Reservoir_Don Pedro,2019-02-03,198.416
Reservoir_Don Pedro,2019-02-04,216.935
Reservoir_Don Pedro,2019-02-05,242.619
Reservoir_Don Pedro,2019-02-06,163.728
Reservoir_Don Pedro,2019-02-07,113.381
Reservoir_Don Pedro,2019-02-08,79.287
Reservoir_Don Pedro,2019-02-09,64.449
Reservoir_Don Pedro,2019-02-10,63.883
Reservoir_Don Pedro,2019-02-11,139.404
Reservoir_Don Pedro,2019-02-12,108.623
Reservoir_Don Pedro,2019-02-13,154.95
Reservoir_Don Pedro,2019-02-14,179.784
Reservoir_Don Pedro,2019-02-15,608.642
Reservoir_Don Pedro,2019-02-16,435.173
Reservoir_Don Pedro,2019-02-17,261.903
Reservoir_Don Pedro,2019-02-18,199.945
Reservoir_Don Pedro,2019-02-19,152.118
Reservoir_Don Pedro,2019-02-20,136.487
Reservoir_Don Pedro,2019-02-21,117.402
Reservoir_Don Pedro,2019-02-22,116.524
Reservoir_Don Pedro,2019-02-23,115.703
Reservoir_Don Pedro,2019-02-24,99.42
Reservoir_Don Pedro,2019-02-25,83.478
Reservoir_Don Pedro,2019-02-26,94.89
Reservoir_Don Pedro,2019-02-27,94.55
Reservoir_Don Pedro,2019-02-28,142.575
Reservoir_Don Pedro,2019-03-01,125.812
Reservoir_Don Pedro,2019-03-02,126.01
Reservoir_Don Pedro,2019-03-03,268.274
Reservoir_Don Pedro,2019-03-04,284.245
Reservoir_Don Pedro,2019-03-05,235.738
Reservoir_Don Pedro,2019-03-06,236.078
Reservoir_Don Pedro,2019-03-07,365.202
Reservoir_Don Pedro,2019-03-08,394.822
Reservoir_Don Pedro,2019-03-09,283.622
Reservoir_Don Pedro,2019-03-10,237.72
Reservoir_Don Pedro,2019-03-11,206.175
Reservoir_Don Pedro,2019-03-12,172.959
Reservoir_Don Pedro,2019-03-13,152.599
Reservoir_Don Pedro,2019-03-14,168.797
Reservoir_Don Pedro,2019-03-15,158.376
Reservoir_Don Pedro,2019-03-16,131.135
Reservoir_Don Pedro,2019-03-17,148.465
Reservoir_Don Pedro,2019-03-18,131.815
Reservoir_Don Pedro,2019-03-19,140.791
Reservoir_Don Pedro,2019-03-20,155.459
Reservoir_Don Pedro,2019-03-21,161.718
Reservoir_Don Pedro,2019-03-22,135.949
Reservoir_Don Pedro,2019-03-23,149.711
Reservoir_Don Pedro,2019-03-24,149.909
Reservoir_Don Pedro,2019-03-25,134.392
Reservoir_Don Pedro,2019-03-26,120.12
Reservoir_Don Pedro,2019-03-27,129.833
Reservoir_Don Pedro,2019-03-28,178.566
Reservoir_Don Pedro,2019-03-29,190.657
Reservoir_Don Pedro,2019-03-30,145.237
Reservoir_Don Pedro,2019-03-31,145.379
Reservoir_Don Pedro,2019-04-01,145.577
Reservoir_Don Pedro,2019-04-02,140.083
Reservoir_Don Pedro,2019-04-03,146.172
Reservoir_Don Pedro,2019-04-04,146.71
Reservoir_Don Pedro,2019-04-05,162.595
Reservoir_Don Pedro,2019-04-06,150.561
Reservoir_Don Pedro,2019-04-07,151.24
Reservoir_Don Pedro,2019-04-08,139.092
Reservoir_Don Pedro,2019-04-09,157.215
Reservoir_Don Pedro,2019-04-10,163.898
Reservoir_Don Pedro,2019-04-11,148.012
Reservoir_Don Pedro,2019-04-12,153.109
Reservoir_Don Pedro,2019-04-13,124.821
Reservoir_Don Pedro,2019-04-14,144.586
Reservoir_Don Pedro,2019-04-15,135.298
Reservoir_Don Pedro,2019-04-16,138.13
Reservoir_Don Pedro,2019-04-17,153.676
Reservoir_Don Pedro,2019-04-18,137.535
Reservoir_Don Pedro,2019-04-19,124.651
Reservoir_Don Pedro,2019-04-20,151.325
Reservoir_Don Pedro,2019-04-21,162.029
Reservoir_Don Pedro,2019-04-22,146.908
Reservoir_Don Pedro,2019-04-23,167.381
Reservoir_Don Pedro,2019-04-24,241.939
Reservoir_Don Pedro,2019-04-25,259.722
Reservoir_Don Pedro,2019-04-26,254.795
Reservoir_Don Pedro,2019-04-27,262.78
Reservoir_Don Pedro,2019-04-28,323.18
Reservoir_Don Pedro,2019-04-29,372.735
Reservoir_Don Pedro,2019-04-30,374.009
Reservoir_Don Pedro,2019-05-01,358.18
Reservoir_Don Pedro,2019-05-02,320.15
Reservoir_Don Pedro,2019-05-03,324.143
Reservoir_Don Pedro,2019-05-04,308.739
Reservoir_Don Pedro,2019-05-05,325.304
Reservoir_Don Pedro,2019-05-06,326.975
Reservoir_Don Pedro,2019-05-07,316.554
Reservoir_Don Pedro,2019-05-08,331.137
Reservoir_Don Pedro,2019-05-09,305.624
Reservoir_Don Pedro,2019-05-10,328.277
Reservoir_Don Pedro,2019-05-11,298.403
Reservoir_Don Pedro,2019-05-12,269.52
Reservoir_Don Pedro,2019-05-13,254.795
Reservoir_Don Pedro,2019-05-14,264.564
Reservoir_Don Pedro,2019-05-15,254.37
Reservoir_Don Pedro,2019-05-16,267.084
Reservoir_Don Pedro,2019-05-17,313.694
Reservoir_Don Pedro,2019-05-18,273.229
Reservoir_Don Pedro,2019-05-19,233.982
Reservoir_Don Pedro,2019-05-20,242.194
Reservoir_Don Pedro,2019-05-21,214.925
Reservoir_Don Pedro,2019-05-22,198.841
Reservoir_Don Pedro,2019-05-23,216.312
Reservoir_Don Pedro,2019-05-24,185.73
Reservoir_Don Pedro,2019-05-25,176.584
Reservoir_Don Pedro,2019-05-26,189.978
Reservoir_Don Pedro,2019-05-27,187.939
Reservoir_Don Pedro,2019-05-28,200.115
Reservoir_Don Pedro,2019-05-29,178.849
Reservoir_Don Pedro,2019-05-30,208.78
Reservoir_Don Pedro,2019-05-31,275.438
Reservoir_Don Pedro,2019-06-01,335.045
Reservoir_Don Pedro,2019-06-02,294.297
Reservoir_Don Pedro,2019-06-03,289.143
Reservoir_Don Pedro,2019-06-04,249.415
Reservoir_Don Pedro,2019-06-05,262.554
Reservoir_Don Pedro,2019-06-06,305.794
Reservoir_Don Pedro,2019-06-07,340.907
Reservoir_Don Pedro,2019-06-08,346.825
Reservoir_Don Pedro,2019-06-09,309.362
Reservoir_Don Pedro,2019-06-10,321.764
Reservoir_Don Pedro,2019-06-11,326.946
Reservoir_Don Pedro,2019-06-12,342.068
Reservoir_Don Pedro,2019-06-13,351.27
Reservoir_Don Pedro,2019-06-14,363.164
Reservoir_Don Pedro,2019-06-15,317.149
Reservoir_Don Pedro,2019-06-16,328.419
Reservoir_Don Pedro,2019-06-17,289.03
Reservoir_Don Pedro,2019-06-18,306.671
Reservoir_Don Pedro,2019-06-19,289.511
Reservoir_Don Pedro,2019-06-20,265.442
Reservoir_Don Pedro,2019-06-21,236.219
Reservoir_Don Pedro,2019-06-22,249.047
Reservoir_Don Pedro,2019-06-23,260.94
Reservoir_Don Pedro,2019-06-24,142.575
Reservoir_Don Pedro,2019-06-25,98.713
Reservoir_Don Pedro,2019-06-26,122.838
Reservoir_Don Pedro,2019-06-27,132.919
Reservoir_Don Pedro,2019-06-28,143.255
Reservoir_Don Pedro,2019-06-29,133.967
Reservoir_Don Pedro,2019-06-30,106.358
Reservoir_Don Pedro,2019-07-01,106.868
Reservoir_Don Pedro,2019-07-02,120.347
Reservoir_Don Pedro,2019-07-03,130.286
Reservoir_Don Pedro,2019-07-04,125.642
Reservoir_Don Pedro,2019-07-05,124.792
Reservoir_Don Pedro,2019-07-06,141.386
Reservoir_Don Pedro,2019-07-07,101.997
Reservoir_Don Pedro,2019-07-08,115.788
Reservoir_Don Pedro,2019-07-09,144.444
Reservoir_Don Pedro,2019-07-10,129.748
Reservoir_Don Pedro,2019-07-11,118.449
Reservoir_Don Pedro,2019-07-12,133.202
Reservoir_Don Pedro,2019-07-13,130.569
Reservoir_Don Pedro,2019-07-14,121.989
Reservoir_Don Pedro,2019-07-15,127.681
Reservoir_Don Pedro,2019-07-16,102.224
Reservoir_Don Pedro,2019-07-17,128.558
Reservoir_Don Pedro,2019-07-18,58.333
Reservoir_Don Pedro,2019-07-19,75.974
Reservoir_Don Pedro,2019-07-20,88.462
Reservoir_Don Pedro,2019-07-21,52.245
Reservoir_Don Pedro,2019-07-22,56.804
Reservoir_Don Pedro,2019-07-23,46.723
Reservoir_Don Pedro,2019-07-24,57.228
Reservoir_Don Pedro,2019-07-25,60.456
Reservoir_Don Pedro,2019-07-26,60.343
Reservoir_Don Pedro,2019-07-27,81.892
Reservoir_Don Pedro,2019-07-28,58.729
Reservoir_Don Pedro,2019-07-29,55.02
Reservoir_Don Pedro,2019-07-30,62.41
Reservoir_Don Pedro,2019-07-31,59.89
Reservoir_Don Pedro,2019-08-01,34.688
Reservoir_Don Pedro,2019-08-02,45.817
Reservoir_Don Pedro,2019-08-03,28.458
Reservoir_Don Pedro,2019-08-04,36.019
Reservoir_Don Pedro,2019-08-05,34.32
Reservoir_Don Pedro,2019-08-06,28.204
Reservoir_Don Pedro,2019-08-07,31.998
Reservoir_Don Pedro,2019-08-08,16.254
Reservoir_Don Pedro,2019-08-09,22.144
Reservoir_Don Pedro,2019-08-10,42.673
Reservoir_Don Pedro,2019-08-11,30.271
Reservoir_Don Pedro,2019-08-12,16.254
Reservoir_Don Pedro,2019-08-13,8.24
Reservoir_Don Pedro,2019-08-14,20.558
Reservoir_Don Pedro,2019-08-15,20.756
Reservoir_Don Pedro,2019-08-16,17.67
Reservoir_Don Pedro,2019-08-17,38.001
Reservoir_Don Pedro,2019-08-18,25.712
Reservoir_Don Pedro,2019-08-19,44.429
Reservoir_Don Pedro,2019-08-20,18.887
Reservoir_Don Pedro,2019-08-21,17.245
Reservoir_Don Pedro,2019-08-22,34.377
Reservoir_Don Pedro,2019-08-23,1.218
Reservoir_Don Pedro,2019-08-24,25.315
Reservoir_Don Pedro,2019-08-25,33.187
Reservoir_Don Pedro,2019-08-26,15.857
Reservoir_Don Pedro,2019-08-27,30.497
Reservoir_Don Pedro,2019-08-28,31.97
Reservoir_Don Pedro,2019-08-29,10.222
Reservoir_Don Pedro,2019-08-30,40.352
Reservoir_Don Pedro,2019-08-31,32.338
Reservoir_Don Pedro,2019-09-01,10.166
Reservoir_Don Pedro,2019-09-02,33.952
Reservoir_Don Pedro,2019-09-03,23.475
Reservoir_Don Pedro,2019-09-04,14.47
Reservoir_Don Pedro,2019-09-05,17.047
Reservoir_Don Pedro,2019-09-06,21.492
Reservoir_Don Pedro,2019-09-07,39.53
Reservoir_Don Pedro,2019-09-08,25.429
Reservoir_Don Pedro,2019-09-09,26.901
Reservoir_Don Pedro,2019-09-10,27.864
Reservoir_Don Pedro,2019-09-11,19.171
Reservoir_Don Pedro,2019-09-12,11.44
Reservoir_Don Pedro,2019-09-13,10.449
Reservoir_Don Pedro,2019-09-14,10.76
Reservoir_Don Pedro,2019-09-15,18.519
Reservoir_Don Pedro,2019-09-16,18.066
Reservoir_Don Pedro,2019-09-17,59.182
Reservoir_Don Pedro,2019-09-18,9.43
Reservoir_Don Pedro,2019-09-19,18.887
Reservoir_Don Pedro,2019-09-20,16.169
Reservoir_Don Pedro,2019-09-21,14.243
Reservoir_Don Pedro,2019-09-22,21.549
Reservoir_Don Pedro,2019-09-23,16.877
Reservoir_Don Pedro,2019-09-24,14.187
Reservoir_Don Pedro,2019-09-25,6.088
Reservoir_Don Pedro,2019-09-26,12.828
Reservoir_Don Pedro,2019-09-27,27.722
Reservoir_Don Pedro,2019-09-28,33.527
Reservoir_Don Pedro,2019-09-29,36.925
Reservoir_Don Pedro,2019-09-30,13.451
Reservoir_Don Pedro,2019-10-01,36.217
Reservoir_Don Pedro,2019-10-02,19.765
Reservoir_Don Pedro,2019-10-03,18.066
Reservoir_Don Pedro,2019-10-04,26.505
Reservoir_Don Pedro,2019-10-05,26.561
Reservoir_Don Pedro,2019-10-07,13.847
Reservoir_Don Pedro,2019-10-08,14.272
Reservoir_Don Pedro,2019-10-09,17.868
Reservoir_Don Pedro,2019-10-10,33.612
Reservoir_Don Pedro,2019-10-11,24.239
Reservoir_Don Pedro,2019-10-12,9.656
Reservoir_Don Pedro,2019-10-13,21.379
Reservoir_Don Pedro,2019-10-14,21.634
Reservoir_Don Pedro,2019-10-15,5.267
Reservoir_Don Pedro,2019-10-16,5.663
Reservoir_Don Pedro,2019-10-17,35.679
Reservoir_Don Pedro,2019-10-18,18.887
Reservoir_Don Pedro,2019-10-19,11.978
Reservoir_Don Pedro,2019-10-20,19.652
Reservoir_Don Pedro,2019-10-21,20.133
Reservoir_Don Pedro,2019-10-22,15.461
Reservoir_Don Pedro,2019-10-23,11.525
Reservoir_Don Pedro,2019-10-24,19.85
Reservoir_Don Pedro,2019-10-25,27.099
Reservoir_Don Pedro,2019-10-26,26.646
Reservoir_Don Pedro,2019-10-27,10.845
Reservoir_Don Pedro,2019-10-28,26.25
Reservoir_Don Pedro,2019-10-29,15.036
Reservoir_Don Pedro,2019-10-30,21.323
Reservoir_Don Pedro,2019-10-31,6.853
Reservoir_Don Pedro,2019-11-01,18.038
Reservoir_Don Pedro,2019-11-02,0.368
Reservoir_Don Pedro,2019-11-03,13.167
Reservoir_Don Pedro,2019-11-04,13.252
Reservoir_Don Pedro,2019-11-06,11.978
Reservoir_Don Pedro,2019-11-07,16.99
Reservoir_Don Pedro,2019-11-09,13.677
Reservoir_Don Pedro,2019-11-10,13.649
Reservoir_Don Pedro,2019-11-11,13.649
Reservoir_Don Pedro,2019-11-13,10.902
Reservoir_Don Pedro,2019-11-14,9.033
Reservoir_Don Pedro,2019-11-15,9.061
Reservoir_Don Pedro,2019-11-16,9.005
Reservoir_Don Pedro,2019-11-17,8.976
Reservoir_Don Pedro,2019-11-19,9.005
Reservoir_Don Pedro,2019-11-21,9.231
Reservoir_Don Pedro,2019-11-22,9.175
Reservoir_Don Pedro,2019-11-23,9.231
Reservoir_Don Pedro,2019-11-24,15.489
Reservoir_Don Pedro,2019-11-25,4.814
Reservoir_Don Pedro,2019-11-27,21.351
Reservoir_Don Pedro,2019-11-28,15.603
Reservoir_Don Pedro,2019-11-29,11.044
Reservoir_Don Pedro,2019-11-30,10.987
Reservoir_Don Pedro,2019-12-01,10.959
Reservoir_Don Pedro,2019-12-02,41.796
Reservoir_Don Pedro,2019-12-03,134.477
Reservoir_Don Pedro,2019-12-04,41.881
Reservoir_Don Pedro,2019-12-05,41.909
Reservoir_Don Pedro,2019-12-06,26.533
Reservoir_Don Pedro,2019-12-07,26.448
Reservoir_Don Pedro,2019-12-08,41.994
Reservoir_Don Pedro,2019-12-09,57.568
Reservoir_Don Pedro,2019-12-10,26.476
Reservoir_Don Pedro,2019-12-11,10.987
Reservoir_Don Pedro,2019-12-12,10.987
Reservoir_Don Pedro,2019-12-13,11.1
Reservoir_Don Pedro,2019-12-14,26.618
Reservoir_Don Pedro,2019-12-15,26.476
Reservoir_Don Pedro,2019-12-16,11.129
Reservoir_Don Pedro,2019-12-18,11.1
Reservoir_Don Pedro,2019-12-19,10.902
Reservoir_Don Pedro,2019-12-20,10.959
Reservoir_Don Pedro,2019-12-21,26.618
Reservoir_Don Pedro,2019-12-22,11.044
Reservoir_Don Pedro,2019-12-23,26.674
Reservoir_Don Pedro,2019-12-24,26.505
Reservoir_Don Pedro,2019-12-25,10.93
Reservoir_Don Pedro,2019-12-26,26.391
Reservoir_Don Pedro,2019-12-27,10.789
Reservoir_Don Pedro,2019-12-28,10.789
Reservoir_Don Pedro,2019-12-29,11.044
Reservoir_Don Pedro,2019-12-30,26.674
Reservoir_Don Pedro,2019-12-31,10.845
Reservoir_Edward C Hyatt,2019-01-01,77.532
Reservoir_Edward C Hyatt,2019-01-02,73.822
Reservoir_Edward C Hyatt,2019-01-03,74.643
Reservoir_Edward C Hyatt,2019-01-04,75.833
Reservoir_Edward C Hyatt,2019-01-05,82.345
Reservoir_Edward C Hyatt,2019-01-06,128.077
Reservoir_Edward C Hyatt,2019-01-07,138.384
Reservoir_Edward C Hyatt,2019-01-08,116.892
Reservoir_Edward C Hyatt,2019-01-09,231.377
Reservoir_Edward C Hyatt,2019-01-10,263.064
Reservoir_Edward C Hyatt,2019-01-11,135.383
Reservoir_Edward C Hyatt,2019-01-12,122.725
Reservoir_Edward C Hyatt,2019-01-13,116.524
Reservoir_Edward C Hyatt,2019-01-14,100.695
Reservoir_Edward C Hyatt,2019-01-15,118.364
Reservoir_Edward C Hyatt,2019-01-16,454.712
Reservoir_Edward C Hyatt,2019-01-17,980.358
Reservoir_Edward C Hyatt,2019-01-18,438.033
Reservoir_Edward C Hyatt,2019-01-19,337.82
Reservoir_Edward C Hyatt,2019-01-20,445.141
Reservoir_Edward C Hyatt,2019-01-21,489.372
Reservoir_Edward C Hyatt,2019-01-22,311.967
Reservoir_Edward C Hyatt,2019-01-23,242.307
Reservoir_Edward C Hyatt,2019-01-24,216.001
Reservoir_Edward C Hyatt,2019-01-25,198.841
Reservoir_Edward C Hyatt,2019-01-26,171.657
Reservoir_Edward C Hyatt,2019-01-27,180.067
Reservoir_Edward C Hyatt,2019-01-28,160.5
Reservoir_Edward C Hyatt,2019-01-29,151.269
Reservoir_Edward C Hyatt,2019-01-30,145.407
Reservoir_Edward C Hyatt,2019-01-31,138.922
Reservoir_Edward C Hyatt,2019-02-01,165.285
Reservoir_Edward C Hyatt,2019-02-02,300.583
Reservoir_Edward C Hyatt,2019-02-03,388.224
Reservoir_Edward C Hyatt,2019-02-04,460.064
Reservoir_Edward C Hyatt,2019-02-05,296.449
Reservoir_Edward C Hyatt,2019-02-06,238.116
Reservoir_Edward C Hyatt,2019-02-07,216.001
Reservoir_Edward C Hyatt,2019-02-08,207.931
Reservoir_Edward C Hyatt,2019-02-09,203.4
Reservoir_Edward C Hyatt,2019-02-10,187.259
Reservoir_Edward C Hyatt,2019-02-11,169.023
Reservoir_Edward C Hyatt,2019-02-12,171.6
Reservoir_Edward C Hyatt,2019-02-13,399.268
Reservoir_Edward C Hyatt,2019-02-14,1426.914
Reservoir_Edward C Hyatt,2019-02-15,875.189
Reservoir_Edward C Hyatt,2019-02-16,534.792
Reservoir_Edward C Hyatt,2019-02-17,428.236
Reservoir_Edward C Hyatt,2019-02-18,369.846
Reservoir_Edward C Hyatt,2019-02-19,298.941
Reservoir_Edward C Hyatt,2019-02-20,286.0
Reservoir_Edward C Hyatt,2019-02-21,279.176
Reservoir_Edward C Hyatt,2019-02-22,246.3
Reservoir_Edward C Hyatt,2019-02-23,246.611
Reservoir_Edward C Hyatt,2019-02-24,234.69
Reservoir_Edward C Hyatt,2019-02-25,336.036
Reservoir_Edward C Hyatt,2019-02-26,1009.892
Reservoir_Edward C Hyatt,2019-02-27,1118.289
Reservoir_Edward C Hyatt,2019-02-28,868.506
Reservoir_Edward C Hyatt,2019-03-01,689.345
Reservoir_Edward C Hyatt,2019-03-02,629.852
Reservoir_Edward C Hyatt,2019-03-03,614.221
Reservoir_Edward C Hyatt,2019-03-04,656.3
Reservoir_Edward C Hyatt,2019-03-05,589.16
Reservoir_Edward C Hyatt,2019-03-06,951.389
Reservoir_Edward C Hyatt,2019-03-07,1043.986
Reservoir_Edward C Hyatt,2019-03-08,795.703
Reservoir_Edward C Hyatt,2019-03-09,633.136
Reservoir_Edward C Hyatt,2019-03-10,499.651
Reservoir_Edward C Hyatt,2019-03-11,442.649
Reservoir_Edward C Hyatt,2019-03-12,396.153
Reservoir_Edward C Hyatt,2019-03-13,361.549
Reservoir_Edward C Hyatt,2019-03-14,329.41
Reservoir_Edward C Hyatt,2019-03-15,337.877
Reservoir_Edward C Hyatt,2019-03-16,305.369
Reservoir_Edward C Hyatt,2019-03-17,292.088
Reservoir_Edward C Hyatt,2019-03-18,298.601
Reservoir_Edward C Hyatt,2019-03-19,310.154
Reservoir_Edward C Hyatt,2019-03-20,335.328
Reservoir_Edward C Hyatt,2019-03-21,355.999
Reservoir_Edward C Hyatt,2019-03-22,394.255
Reservoir_Edward C Hyatt,2019-03-23,392.528
Reservoir_Edward C Hyatt,2019-03-24,352.828
Reservoir_Edward C Hyatt,2019-03-25,412.888
Reservoir_Edward C Hyatt,2019-03-26,584.715
Reservoir_Edward C Hyatt,2019-03-27,716.105
Reservoir_Edward C Hyatt,2019-03-28,750.311
Reservoir_Edward C Hyatt,2019-03-29,600.77
Reservoir_Edward C Hyatt,2019-03-30,506.815
Reservoir_Edward C Hyatt,2019-03-31,474.93
Reservoir_Edward C Hyatt,2019-04-01,445.99
Reservoir_Edward C Hyatt,2019-04-02,600.742
Reservoir_Edward C Hyatt,2019-04-03,677.481
Reservoir_Edward C Hyatt,2019-04-04,623.735
Reservoir_Edward C Hyatt,2019-04-05,621.923
Reservoir_Edward C Hyatt,2019-04-06,624.726
Reservoir_Edward C Hyatt,2019-04-07,619.799
Reservoir_Edward C Hyatt,2019-04-08,688.326
Reservoir_Edward C Hyatt,2019-04-09,945.783
Reservoir_Edward C Hyatt,2019-04-10,756.23
Reservoir_Edward C Hyatt,2019-04-11,672.157
Reservoir_Edward C Hyatt,2019-04-12,593.21
Reservoir_Edward C Hyatt,2019-04-13,558.323
Reservoir_Edward C Hyatt,2019-04-14,516.329
Reservoir_Edward C Hyatt,2019-04-15,531.734
Reservoir_Edward C Hyatt,2019-04-16,517.66
Reservoir_Edward C Hyatt,2019-04-17,491.212
Reservoir_Edward C Hyatt,2019-04-18,494.894
Reservoir_Edward C Hyatt,2019-04-19,534.197
Reservoir_Edward C Hyatt,2019-04-20,574.322
Reservoir_Edward C Hyatt,2019-04-21,562.769
Reservoir_Edward C Hyatt,2019-04-22,557.474
Reservoir_Edward C Hyatt,2019-04-23,532.781
Reservoir_Edward C Hyatt,2019-04-24,595.305
Reservoir_Edward C Hyatt,2019-04-25,620.224
Reservoir_Edward C Hyatt,2019-04-26,632.683
Reservoir_Edward C Hyatt,2019-04-27,614.504
Reservoir_Edward C Hyatt,2019-04-28,597.684
Reservoir_Edward C Hyatt,2019-04-29,550.819
Reservoir_Edward C Hyatt,2019-04-30,531.989
Reservoir_Edward C Hyatt,2019-05-01,467.426
Reservoir_Edward C Hyatt,2019-05-02,426.933
Reservoir_Edward C Hyatt,2019-05-03,432.115
Reservoir_Edward C Hyatt,2019-05-04,415.72
Reservoir_Edward C Hyatt,2019-05-05,412.492
Reservoir_Edward C Hyatt,2019-05-06,405.809
Reservoir_Edward C Hyatt,2019-05-07,419.429
Reservoir_Edward C Hyatt,2019-05-08,400.089
Reservoir_Edward C Hyatt,2019-05-09,400.344
Reservoir_Edward C Hyatt,2019-05-10,377.124
Reservoir_Edward C Hyatt,2019-05-11,365.401
Reservoir_Edward C Hyatt,2019-05-12,346.032
Reservoir_Edward C Hyatt,2019-05-13,354.867
Reservoir_Edward C Hyatt,2019-05-14,349.94
Reservoir_Edward C Hyatt,2019-05-15,375.68
Reservoir_Edward C Hyatt,2019-05-16,543.514
Reservoir_Edward C Hyatt,2019-05-17,467.483
Reservoir_Edward C Hyatt,2019-05-18,396.917
Reservoir_Edward C Hyatt,2019-05-19,392.5
Reservoir_Edward C Hyatt,2019-05-20,339.944
Reservoir_Edward C Hyatt,2019-05-21,348.382
Reservoir_Edward C Hyatt,2019-05-22,374.887
Reservoir_Edward C Hyatt,2019-05-23,302.169
Reservoir_Edward C Hyatt,2019-05-24,292.145
Reservoir_Edward C Hyatt,2019-05-25,296.619
Reservoir_Edward C Hyatt,2019-05-26,355.122
Reservoir_Edward C Hyatt,2019-05-27,322.246
Reservoir_Edward C Hyatt,2019-05-28,306.615
Reservoir_Edward C Hyatt,2019-05-29,328.192
Reservoir_Edward C Hyatt,2019-05-30,314.345
Reservoir_Edward C Hyatt,2019-05-31,333.997
Reservoir_Edward C Hyatt,2019-06-01,337.055
Reservoir_Edward C Hyatt,2019-06-02,333.034
Reservoir_Edward C Hyatt,2019-06-03,332.808
Reservoir_Edward C Hyatt,2019-06-04,337.027
Reservoir_Edward C Hyatt,2019-06-05,328.107
Reservoir_Edward C Hyatt,2019-06-06,313.921
Reservoir_Edward C Hyatt,2019-06-07,308.654
Reservoir_Edward C Hyatt,2019-06-08,268.274
Reservoir_Edward C Hyatt,2019-06-09,249.386
Reservoir_Edward C Hyatt,2019-06-10,262.667
Reservoir_Edward C Hyatt,2019-06-11,245.762
Reservoir_Edward C Hyatt,2019-06-12,212.32
Reservoir_Edward C Hyatt,2019-06-13,216.482
Reservoir_Edward C Hyatt,2019-06-14,191.96
Reservoir_Edward C Hyatt,2019-06-15,186.353
Reservoir_Edward C Hyatt,2019-06-16,196.094
Reservoir_Edward C Hyatt,2019-06-17,182.814
Reservoir_Edward C Hyatt,2019-06-18,171.175
Reservoir_Edward C Hyatt,2019-06-19,164.634
Reservoir_Edward C Hyatt,2019-06-20,162.595
Reservoir_Edward C Hyatt,2019-06-21,140.112
Reservoir_Edward C Hyatt,2019-06-22,128.219
Reservoir_Edward C Hyatt,2019-06-23,129.493
Reservoir_Edward C Hyatt,2019-06-24,133.854
Reservoir_Edward C Hyatt,2019-06-25,124.311
Reservoir_Edward C Hyatt,2019-06-26,132.523
Reservoir_Edward C Hyatt,2019-06-27,121.847
Reservoir_Edward C Hyatt,2019-06-28,131.249
Reservoir_Edward C Hyatt,2019-06-29,112.928
Reservoir_Edward C Hyatt,2019-06-30,104.602
Reservoir_Edward C Hyatt,2019-07-01,104.461
Reservoir_Edward C Hyatt,2019-07-02,106.698
Reservoir_Edward C Hyatt,2019-07-03,100.213
Reservoir_Edward C Hyatt,2019-07-04,104.489
Reservoir_Edward C Hyatt,2019-07-05,110.691
Reservoir_Edward C Hyatt,2019-07-06,94.776
Reservoir_Edward C Hyatt,2019-07-07,92.539
Reservoir_Edward C Hyatt,2019-07-08,95.824
Reservoir_Edward C Hyatt,2019-07-09,91.407
Reservoir_Edward C Hyatt,2019-07-10,83.393
Reservoir_Edward C Hyatt,2019-07-11,86.565
Reservoir_Edward C Hyatt,2019-07-12,86.338
Reservoir_Edward C Hyatt,2019-07-13,84.696
Reservoir_Edward C Hyatt,2019-07-14,79.91
Reservoir_Edward C Hyatt,2019-07-15,82.459
Reservoir_Edward C Hyatt,2019-07-16,35.0
Reservoir_Edward C Hyatt,2019-07-17,64.308
Reservoir_Edward C Hyatt,2019-07-18,84.129
Reservoir_Edward C Hyatt,2019-07-19,69.886
Reservoir_Edward C Hyatt,2019-07-20,62.099
Reservoir_Edward C Hyatt,2019-07-21,47.771
Reservoir_Edward C Hyatt,2019-07-22,70.877
Reservoir_Edward C Hyatt,2019-07-23,35.736
Reservoir_Edward C Hyatt,2019-07-24,115.476
Reservoir_Edward C Hyatt,2019-07-25,86.876
Reservoir_Edward C Hyatt,2019-07-26,78.268
Reservoir_Edward C Hyatt,2019-07-27,90.84
Reservoir_Edward C Hyatt,2019-07-28,87.697
Reservoir_Edward C Hyatt,2019-07-29,86.791
Reservoir_Edward C Hyatt,2019-07-30,90.416
Reservoir_Edward C Hyatt,2019-07-31,87.131
Reservoir_Edward C Hyatt,2019-08-01,91.407
Reservoir_Edward C Hyatt,2019-08-02,81.581
Reservoir_Edward C Hyatt,2019-08-03,87.046
Reservoir_Edward C Hyatt,2019-08-04,76.087
Reservoir_Edward C Hyatt,2019-08-05,108.85
Reservoir_Edward C Hyatt,2019-08-06,111.682
Reservoir_Edward C Hyatt,2019-08-07,107.916
Reservoir_Edward C Hyatt,2019-08-08,88.037
Reservoir_Edward C Hyatt,2019-08-09,90.387
Reservoir_Edward C Hyatt,2019-08-10,40.691
Reservoir_Edward C Hyatt,2019-08-11,79.769
Reservoir_Edward C Hyatt,2019-08-12,89.453
Reservoir_Edward C Hyatt,2019-08-13,76.427
Reservoir_Edward C Hyatt,2019-08-14,88.773
Reservoir_Edward C Hyatt,2019-08-15,87.612
Reservoir_Edward C Hyatt,2019-08-16,98.741
Reservoir_Edward C Hyatt,2019-08-17,75.011
Reservoir_Edward C Hyatt,2019-08-18,70.197
Reservoir_Edward C Hyatt,2019-08-19,50.093
Reservoir_Edward C Hyatt,2019-08-20,52.301
Reservoir_Edward C Hyatt,2019-08-21,65.157
Reservoir_Edward C Hyatt,2019-08-22,66.46
Reservoir_Edward C Hyatt,2019-08-23,55.954
Reservoir_Edward C Hyatt,2019-08-24,45.109
Reservoir_Edward C Hyatt,2019-08-25,54.425
Reservoir_Edward C Hyatt,2019-08-26,47.233
Reservoir_Edward C Hyatt,2019-08-27,57.342
Reservoir_Edward C Hyatt,2019-08-28,70.905
Reservoir_Edward C Hyatt,2019-08-29,61.986
Reservoir_Edward C Hyatt,2019-08-30,47.572
Reservoir_Edward C Hyatt,2019-08-31,46.978
Reservoir_Edward C Hyatt,2019-09-01,17.415
Reservoir_Edward C Hyatt,2019-09-02,48.535
Reservoir_Edward C Hyatt,2019-09-03,60.768
Reservoir_Edward C Hyatt,2019-09-04,81.666
Reservoir_Edward C Hyatt,2019-09-05,97.636
Reservoir_Edward C Hyatt,2019-09-06,59.239
Reservoir_Edward C Hyatt,2019-09-07,40.606
Reservoir_Edward C Hyatt,2019-09-08,30.639
Reservoir_Edward C Hyatt,2019-09-09,13.337
Reservoir_Edward C Hyatt,2019-09-10,31.8
Reservoir_Edward C Hyatt,2019-09-11,47.997
Reservoir_Edward C Hyatt,2019-09-12,17.132
Reservoir_Edward C Hyatt,2019-09-13,53.83
Reservoir_Edward C Hyatt,2019-09-14,91.662
Reservoir_Edward C Hyatt,2019-09-15,25.145
Reservoir_Edward C Hyatt,2019-09-16,106.726
Reservoir_Edward C Hyatt,2019-09-17,80.986
Reservoir_Edward C Hyatt,2019-09-18,90.982
Reservoir_Edward C Hyatt,2019-09-19,91.01
Reservoir_Edward C Hyatt,2019-09-20,66.913
Reservoir_Edward C Hyatt,2019-09-21,82.77
Reservoir_Edward C Hyatt,2019-09-22,65.214
Reservoir_Edward C Hyatt,2019-09-23,86.706
Reservoir_Edward C Hyatt,2019-09-24,91.01
Reservoir_Edward C Hyatt,2019-09-25,77.248
Reservoir_Edward C Hyatt,2019-09-26,73.907
Reservoir_Edward C Hyatt,2019-09-27,81.637
Reservoir_Edward C Hyatt,2019-09-28,75.719
Reservoir_Edward C Hyatt,2019-09-29,83.818
Reservoir_Edward C Hyatt,2019-09-30,85.375
Reservoir_Edward C Hyatt,2019-10-01,82.43
Reservoir_Edward C Hyatt,2019-10-02,83.563
Reservoir_Edward C Hyatt,2019-10-03,83.591
Reservoir_Edward C Hyatt,2019-10-04,88.122
Reservoir_Edward C Hyatt,2019-10-05,66.658
Reservoir_Edward C Hyatt,2019-10-06,58.361
Reservoir_Edward C Hyatt,2019-10-07,94.154
Reservoir_Edward C Hyatt,2019-10-08,80.448
Reservoir_Edward C Hyatt,2019-10-09,76.229
Reservoir_Edward C Hyatt,2019-10-10,74.417
Reservoir_Edward C Hyatt,2019-10-11,76.994
Reservoir_Edward C Hyatt,2019-10-12,61.702
Reservoir_Edward C Hyatt,2019-10-13,66.63
Reservoir_Edward C Hyatt,2019-10-14,57.342
Reservoir_Edward C Hyatt,2019-10-15,52.018
Reservoir_Edward C Hyatt,2019-10-16,31.828
Reservoir_Edward C Hyatt,2019-10-17,57.143
Reservoir_Edward C Hyatt,2019-10-18,32.338
Reservoir_Edward C Hyatt,2019-10-19,55.614
Reservoir_Edward C Hyatt,2019-10-20,66.176
Reservoir_Edward C Hyatt,2019-10-21,70.509
Reservoir_Edward C Hyatt,2019-10-22,51.792
Reservoir_Edward C Hyatt,2019-10-23,47.006
Reservoir_Edward C Hyatt,2019-10-24,59.833
Reservoir_Edward C Hyatt,2019-10-25,60.173
Reservoir_Edward C Hyatt,2019-10-26,50.546
Reservoir_Edward C Hyatt,2019-10-27,62.042
Reservoir_Edward C Hyatt,2019-10-28,54.935
Reservoir_Edward C Hyatt,2019-10-29,31.97
Reservoir_Edward C Hyatt,2019-10-30,43.495
Reservoir_Edward C Hyatt,2019-10-31,30.469
Reservoir_Edward C Hyatt,2019-11-01,41.456
Reservoir_Edward C Hyatt,2019-11-02,35.141
Reservoir_Edward C Hyatt,2019-11-03,27.722
Reservoir_Edward C Hyatt,2019-11-04,42.475
Reservoir_Edward C Hyatt,2019-11-05,41.654
Reservoir_Edward C Hyatt,2019-11-06,45.477
Reservoir_Edward C Hyatt,2019-11-07,63.515
Reservoir_Edward C Hyatt,2019-11-08,62.325
Reservoir_Edward C Hyatt,2019-11-09,58.757
Reservoir_Edward C Hyatt,2019-11-10,52.726
Reservoir_Edward C Hyatt,2019-11-11,56.86
Reservoir_Edward C Hyatt,2019-11-12,59.805
Reservoir_Edward C Hyatt,2019-11-13,51.565
Reservoir_Edward C Hyatt,2019-11-14,48.563
Reservoir_Edward C Hyatt,2019-11-15,45.477
Reservoir_Edward C Hyatt,2019-11-16,95.881
Reservoir_Edward C Hyatt,2019-11-17,78.041
Reservoir_Edward C Hyatt,2019-11-18,52.046
Reservoir_Edward C Hyatt,2019-11-19,47.063
Reservoir_Edward C Hyatt,2019-11-20,66.007
Reservoir_Edward C Hyatt,2019-11-21,46.893
Reservoir_Edward C Hyatt,2019-11-22,57.54
Reservoir_Edward C Hyatt,2019-11-23,56.067
Reservoir_Edward C Hyatt,2019-11-24,59.267
Reservoir_Edward C Hyatt,2019-11-25,55.161
Reservoir_Edward C Hyatt,2019-11-26,61.476
Reservoir_Edward C Hyatt,2019-11-27,62.382
Reservoir_Edward C Hyatt,2019-11-28,59.918
Reservoir_Edward C Hyatt,2019-11-29,57.568
Reservoir_Edward C Hyatt,2019-11-30,61.363
Reservoir_Edward C Hyatt,2019-12-01,108.992
Reservoir_Edward C Hyatt,2019-12-02,178.962
Reservoir_Edward C Hyatt,2019-12-03,126.095
Reservoir_Edward C Hyatt,2019-12-04,104.149
Reservoir_Edward C Hyatt,2019-12-05,89.17
Reservoir_Edward C Hyatt,2019-12-06,112.475
Reservoir_Edward C Hyatt,2019-12-07,263.233
Reservoir_Edward C Hyatt,2019-12-08,319.046
Reservoir_Edward C Hyatt,2019-12-09,176.272
Reservoir_Edward C Hyatt,2019-12-10,138.384
Reservoir_Edward C Hyatt,2019-12-11,144.897
Reservoir_Edward C Hyatt,2019-12-12,221.976
Reservoir_Edward C Hyatt,2019-12-13,219.087
Reservoir_Edward C Hyatt,2019-12-14,264.593
Reservoir_Edward C Hyatt,2019-12-15,212.688
Reservoir_Edward C Hyatt,2019-12-16,147.616
Reservoir_Edward C Hyatt,2019-12-17,141.244
Reservoir_Edward C Hyatt,2019-12-18,96.73
Reservoir_Edward C Hyatt,2019-12-19,125.472
Reservoir_Edward C Hyatt,2019-12-20,143.595
Reservoir_Edward C Hyatt,2019-12-21,137.96
Reservoir_Edward C Hyatt,2019-12-22,155.856
Reservoir_Edward C Hyatt,2019-12-23,171.742
Reservoir_Edward C Hyatt,2019-12-24,151.693
Reservoir_Edward C Hyatt,2019-12-25,143.538
Reservoir_Edward C Hyatt,2019-12-26,138.073
Reservoir_Edward C Hyatt,2019-12-27,127.879
Reservoir_Edward C Hyatt,2019-12-28,117.968
Reservoir_Edward C Hyatt,2019-12-29,117.232
Reservoir_Edward C Hyatt,2019-12-30,114.938
Reservoir_Edward C Hyatt,2019-12-31,110.804
Reservoir_Folsom,2019-01-01,31.743
Reservoir_Folsom,2019-01-02,48.79
Reservoir_Folsom,2019-01-03,37.293
Reservoir_Folsom,2019-01-04,51.055
Reservoir_Folsom,2019-01-05,52.188
Reservoir_Folsom,2019-01-06,67.111
Reservoir_Folsom,2019-01-07,119.61
Reservoir_Folsom,2019-01-08,101.063
Reservoir_Folsom,2019-01-09,85.517
Reservoir_Folsom,2019-01-10,141.669
Reservoir_Folsom,2019-01-11,108.085
Reservoir_Folsom,2019-01-12,84.271
Reservoir_Folsom,2019-01-13,73.426
Reservoir_Folsom,2019-01-14,69.433
Reservoir_Folsom,2019-01-15,101.233
Reservoir_Folsom,2019-01-16,247.772
Reservoir_Folsom,2019-01-17,672.015
Reservoir_Folsom,2019-01-18,315.082
Reservoir_Folsom,2019-01-19,196.264
Reservoir_Folsom,2019-01-20,236.587
Reservoir_Folsom,2019-01-21,404.733
Reservoir_Folsom,2019-01-22,240.976
Reservoir_Folsom,2019-01-23,177.49
Reservoir_Folsom,2019-01-24,152.571
Reservoir_Folsom,2019-01-25,135.1
Reservoir_Folsom,2019-01-26,113.777
Reservoir_Folsom,2019-01-27,111.653
Reservoir_Folsom,2019-01-28,123.263
Reservoir_Folsom,2019-01-29,101.912
Reservoir_Folsom,2019-01-30,116.92
Reservoir_Folsom,2019-01-31,108.85
Reservoir_Folsom,2019-02-01,106.047
Reservoir_Folsom,2019-02-02,156.592
Reservoir_Folsom,2019-02-03,263.771
Reservoir_Folsom,2019-02-04,439.931
Reservoir_Folsom,2019-02-05,313.552
Reservoir_Folsom,2019-02-06,216.086
Reservoir_Folsom,2019-02-07,192.611
Reservoir_Folsom,2019-02-08,193.347
Reservoir_Folsom,2019-02-09,188.902
Reservoir_Folsom,2019-02-10,287.303
Reservoir_Folsom,2019-02-11,190.94
Reservoir_Folsom,2019-02-12,160.67
Reservoir_Folsom,2019-02-13,322.132
Reservoir_Folsom,2019-02-14,1060.579
Reservoir_Folsom,2019-02-15,866.92
Reservoir_Folsom,2019-02-16,504.436
Reservoir_Folsom,2019-02-17,383.75
Reservoir_Folsom,2019-02-18,295.6
Reservoir_Folsom,2019-02-19,263.375
Reservoir_Folsom,2019-02-20,239.504
Reservoir_Folsom,2019-02-21,226.903
Reservoir_Folsom,2019-02-22,209.403
Reservoir_Folsom,2019-02-23,196.462
Reservoir_Folsom,2019-02-24,187.797
Reservoir_Folsom,2019-02-25,215.463
Reservoir_Folsom,2019-02-26,416.428
Reservoir_Folsom,2019-02-27,547.45
Reservoir_Folsom,2019-02-28,528.902
Reservoir_Folsom,2019-03-01,407.026
Reservoir_Folsom,2019-03-02,351.554
Reservoir_Folsom,2019-03-03,516.103
Reservoir_Folsom,2019-03-04,577.947
Reservoir_Folsom,2019-03-05,438.713
Reservoir_Folsom,2019-03-06,524.796
Reservoir_Folsom,2019-03-07,739.353
Reservoir_Folsom,2019-03-08,570.584
Reservoir_Folsom,2019-03-09,423.62
Reservoir_Folsom,2019-03-10,356.934
Reservoir_Folsom,2019-03-11,275.41
Reservoir_Folsom,2019-03-12,250.717
Reservoir_Folsom,2019-03-13,225.261
Reservoir_Folsom,2019-03-14,210.281
Reservoir_Folsom,2019-03-15,204.844
Reservoir_Folsom,2019-03-16,203.202
Reservoir_Folsom,2019-03-17,206.94
Reservoir_Folsom,2019-03-18,214.5
Reservoir_Folsom,2019-03-19,219.371
Reservoir_Folsom,2019-03-20,231.717
Reservoir_Folsom,2019-03-21,227.781
Reservoir_Folsom,2019-03-22,222.91
Reservoir_Folsom,2019-03-23,306.133
Reservoir_Folsom,2019-03-24,271.021
Reservoir_Folsom,2019-03-25,226.733
Reservoir_Folsom,2019-03-26,213.367
Reservoir_Folsom,2019-03-27,210.762
Reservoir_Folsom,2019-03-28,295.401
Reservoir_Folsom,2019-03-29,294.014
Reservoir_Folsom,2019-03-30,257.91
Reservoir_Folsom,2019-03-31,266.15
Reservoir_Folsom,2019-04-01,239.617
Reservoir_Folsom,2019-04-02,320.802
Reservoir_Folsom,2019-04-03,381.768
Reservoir_Folsom,2019-04-04,350.959
Reservoir_Folsom,2019-04-05,342.521
Reservoir_Folsom,2019-04-06,295.911
Reservoir_Folsom,2019-04-07,292.626
Reservoir_Folsom,2019-04-08,332.61
Reservoir_Folsom,2019-04-09,431.747
Reservoir_Folsom,2019-04-10,368.742
Reservoir_Folsom,2019-04-11,325.304
Reservoir_Folsom,2019-04-12,284.046
Reservoir_Folsom,2019-04-13,257.938
Reservoir_Folsom,2019-04-14,256.409
Reservoir_Folsom,2019-04-15,287.529
Reservoir_Folsom,2019-04-16,286.85
Reservoir_Folsom,2019-04-17,252.473
Reservoir_Folsom,2019-04-18,282.432
Reservoir_Folsom,2019-04-19,292.003
Reservoir_Folsom,2019-04-20,302.254
Reservoir_Folsom,2019-04-21,264.706
Reservoir_Folsom,2019-04-22,280.393
Reservoir_Folsom,2019-04-23,279.601
Reservoir_Folsom,2019-04-24,304.236
Reservoir_Folsom,2019-04-25,337.763
Reservoir_Folsom,2019-04-26,345.862
Reservoir_Folsom,2019-04-27,290.474
Reservoir_Folsom,2019-04-28,288.039
Reservoir_Folsom,2019-04-29,285.547
Reservoir_Folsom,2019-04-30,269.576
Reservoir_Folsom,2019-05-01,245.45
Reservoir_Folsom,2019-05-02,233.359
Reservoir_Folsom,2019-05-03,238.938
Reservoir_Folsom,2019-05-04,232.226
Reservoir_Folsom,2019-05-05,228.036
Reservoir_Folsom,2019-05-06,252.586
Reservoir_Folsom,2019-05-07,255.616
Reservoir_Folsom,2019-05-08,275.438
Reservoir_Folsom,2019-05-09,305.142
Reservoir_Folsom,2019-05-10,293.731
Reservoir_Folsom,2019-05-11,279.657
Reservoir_Folsom,2019-05-12,275.41
Reservoir_Folsom,2019-05-13,283.961
Reservoir_Folsom,2019-05-14,284.754
Reservoir_Folsom,2019-05-15,289.908
Reservoir_Folsom,2019-05-16,361.946
Reservoir_Folsom,2019-05-17,330.005
Reservoir_Folsom,2019-05-18,291.267
Reservoir_Folsom,2019-05-19,319.103
Reservoir_Folsom,2019-05-20,236.701
Reservoir_Folsom,2019-05-21,238.569
Reservoir_Folsom,2019-05-22,301.376
Reservoir_Folsom,2019-05-23,273.003
Reservoir_Folsom,2019-05-24,245.677
Reservoir_Folsom,2019-05-25,219.427
Reservoir_Folsom,2019-05-26,249.217
Reservoir_Folsom,2019-05-27,268.189
Reservoir_Folsom,2019-05-28,236.078
Reservoir_Folsom,2019-05-29,224.921
Reservoir_Folsom,2019-05-30,245.026
Reservoir_Folsom,2019-05-31,254.144
Reservoir_Folsom,2019-06-01,297.922
Reservoir_Folsom,2019-06-02,329.41
Reservoir_Folsom,2019-06-03,352.007
Reservoir_Folsom,2019-06-04,365.202
Reservoir_Folsom,2019-06-05,373.697
Reservoir_Folsom,2019-06-06,394.822
Reservoir_Folsom,2019-06-07,382.929
Reservoir_Folsom,2019-06-08,324.115
Reservoir_Folsom,2019-06-09,301.999
Reservoir_Folsom,2019-06-10,272.691
Reservoir_Folsom,2019-06-11,262.582
Reservoir_Folsom,2019-06-12,273.654
Reservoir_Folsom,2019-06-13,267.934
Reservoir_Folsom,2019-06-14,265.499
Reservoir_Folsom,2019-06-15,259.241
Reservoir_Folsom,2019-06-16,251.34
Reservoir_Folsom,2019-06-17,244.459
Reservoir_Folsom,2019-06-18,227.186
Reservoir_Folsom,2019-06-19,218.436
Reservoir_Folsom,2019-06-20,211.442
Reservoir_Folsom,2019-06-21,194.622
Reservoir_Folsom,2019-06-22,194.112
Reservoir_Folsom,2019-06-23,178.311
Reservoir_Folsom,2019-06-24,137.988
Reservoir_Folsom,2019-06-25,140.395
Reservoir_Folsom,2019-06-26,101.431
Reservoir_Folsom,2019-06-27,110.577
Reservoir_Folsom,2019-06-28,120.771
Reservoir_Folsom,2019-06-29,117.373
Reservoir_Folsom,2019-06-30,115.08
Reservoir_Folsom,2019-07-01,103.13
Reservoir_Folsom,2019-07-02,87.839
Reservoir_Folsom,2019-07-03,113.692
Reservoir_Folsom,2019-07-04,99.052
Reservoir_Folsom,2019-07-05,89.453
Reservoir_Folsom,2019-07-06,99.845
Reservoir_Folsom,2019-07-07,94.323
Reservoir_Folsom,2019-07-08,99.789
Reservoir_Folsom,2019-07-09,91.803
Reservoir_Folsom,2019-07-10,90.529
Reservoir_Folsom,2019-07-11,85.545
Reservoir_Folsom,2019-07-12,87.867
Reservoir_Folsom,2019-07-13,93.7
Reservoir_Folsom,2019-07-14,79.344
Reservoir_Folsom,2019-07-15,77.815
Reservoir_Folsom,2019-07-16,81.524
Reservoir_Folsom,2019-07-17,88.292
Reservoir_Folsom,2019-07-18,95.088
Reservoir_Folsom,2019-07-19,83.705
Reservoir_Folsom,2019-07-20,75.578
Reservoir_Folsom,2019-07-21,82.034
Reservoir_Folsom,2019-07-22,101.912
Reservoir_Folsom,2019-07-23,80.363
Reservoir_Folsom,2019-07-24,69.574
Reservoir_Folsom,2019-07-25,72.689
Reservoir_Folsom,2019-07-26,85.064
Reservoir_Folsom,2019-07-27,84.781
Reservoir_Folsom,2019-07-28,82.345
Reservoir_Folsom,2019-07-29,71.585
Reservoir_Folsom,2019-07-30,71.981
Reservoir_Folsom,2019-07-31,67.253
Reservoir_Folsom,2019-08-01,73.284
Reservoir_Folsom,2019-08-02,78.834
Reservoir_Folsom,2019-08-03,94.776
Reservoir_Folsom,2019-08-04,83.648
Reservoir_Folsom,2019-08-05,77.56
Reservoir_Folsom,2019-08-06,64.081
Reservoir_Folsom,2019-08-07,68.215
Reservoir_Folsom,2019-08-08,61.533
Reservoir_Folsom,2019-08-09,54.283
Reservoir_Folsom,2019-08-10,63.232
Reservoir_Folsom,2019-08-11,66.714
Reservoir_Folsom,2019-08-12,61.702
Reservoir_Folsom,2019-08-13,76.002
Reservoir_Folsom,2019-08-14,71.302
Reservoir_Folsom,2019-08-15,84.214
Reservoir_Folsom,2019-08-16,61.759
Reservoir_Folsom,2019-08-17,67.309
Reservoir_Folsom,2019-08-18,57.71
Reservoir_Folsom,2019-08-19,62.807
Reservoir_Folsom,2019-08-20,62.693
Reservoir_Folsom,2019-08-21,64.534
Reservoir_Folsom,2019-08-22,75.521
Reservoir_Folsom,2019-08-23,84.781
Reservoir_Folsom,2019-08-24,85.743
Reservoir_Folsom,2019-08-25,72.944
Reservoir_Folsom,2019-08-26,70.028
Reservoir_Folsom,2019-08-27,66.516
Reservoir_Folsom,2019-08-28,68.583
Reservoir_Folsom,2019-08-29,65.978
Reservoir_Folsom,2019-08-30,69.716
Reservoir_Folsom,2019-08-31,82.402
Reservoir_Folsom,2019-09-01,83.138
Reservoir_Folsom,2019-09-02,81.128
Reservoir_Folsom,2019-09-03,63.77
Reservoir_Folsom,2019-09-04,64.251
Reservoir_Folsom,2019-09-05,60.626
Reservoir_Folsom,2019-09-06,52.414
Reservoir_Folsom,2019-09-07,55.105
Reservoir_Folsom,2019-09-08,56.69
Reservoir_Folsom,2019-09-09,44.401
Reservoir_Folsom,2019-09-10,59.182
Reservoir_Folsom,2019-09-11,44.656
Reservoir_Folsom,2019-09-12,66.63
Reservoir_Folsom,2019-09-13,59.097
Reservoir_Folsom,2019-09-14,63.062
Reservoir_Folsom,2019-09-15,65.384
Reservoir_Folsom,2019-09-16,62.354
Reservoir_Folsom,2019-09-17,54.935
Reservoir_Folsom,2019-09-18,62.552
Reservoir_Folsom,2019-09-19,69.546
Reservoir_Folsom,2019-09-20,63.6
Reservoir_Folsom,2019-09-21,68.414
Reservoir_Folsom,2019-09-22,64.874
Reservoir_Folsom,2019-09-23,60.117
Reservoir_Folsom,2019-09-24,60.825
Reservoir_Folsom,2019-09-25,62.609
Reservoir_Folsom,2019-09-26,79.174
Reservoir_Folsom,2019-09-27,58.531
Reservoir_Folsom,2019-09-28,39.445
Reservoir_Folsom,2019-09-29,53.179
Reservoir_Folsom,2019-09-30,49.385
Reservoir_Folsom,2019-10-01,42.928
Reservoir_Folsom,2019-10-02,35.849
Reservoir_Folsom,2019-10-03,26.363
Reservoir_Folsom,2019-10-04,38.936
Reservoir_Folsom,2019-10-05,33.725
Reservoir_Folsom,2019-10-06,30.922
Reservoir_Folsom,2019-10-07,33.98
Reservoir_Folsom,2019-10-08,29.223
Reservoir_Folsom,2019-10-09,31.46
Reservoir_Folsom,2019-10-10,21.238
Reservoir_Folsom,2019-10-11,28.515
Reservoir_Folsom,2019-10-12,35.056
Reservoir_Folsom,2019-10-13,34.603
Reservoir_Folsom,2019-10-14,39.559
Reservoir_Folsom,2019-10-15,30.299
Reservoir_Folsom,2019-10-16,32.932
Reservoir_Folsom,2019-10-17,26.448
Reservoir_Folsom,2019-10-18,34.433
Reservoir_Folsom,2019-10-19,30.384
Reservoir_Folsom,2019-10-20,28.713
Reservoir_Folsom,2019-10-21,28.147
Reservoir_Folsom,2019-10-22,24.126
Reservoir_Folsom,2019-10-23,21.946
Reservoir_Folsom,2019-10-24,13.819
Reservoir_Folsom,2019-10-25,24.636
Reservoir_Folsom,2019-10-26,26.986
Reservoir_Folsom,2019-10-27,47.686
Reservoir_Folsom,2019-10-28,34.49
Reservoir_Folsom,2019-10-29,39.587
Reservoir_Folsom,2019-10-30,58.871
Reservoir_Folsom,2019-10-31,24.041
Reservoir_Folsom,2019-11-01,23.645
Reservoir_Folsom,2019-11-02,36.982
Reservoir_Folsom,2019-11-03,32.932
Reservoir_Folsom,2019-11-04,40.521
Reservoir_Folsom,2019-11-05,26.674
Reservoir_Folsom,2019-11-06,36.812
Reservoir_Folsom,2019-11-07,28.628
Reservoir_Folsom,2019-11-08,28.005
Reservoir_Folsom,2019-11-09,41.852
Reservoir_Folsom,2019-11-10,35.085
Reservoir_Folsom,2019-11-11,25.344
Reservoir_Folsom,2019-11-12,27.411
Reservoir_Folsom,2019-11-13,26.901
Reservoir_Folsom,2019-11-14,26.278
Reservoir_Folsom,2019-11-15,27.722
Reservoir_Folsom,2019-11-16,40.465
Reservoir_Folsom,2019-11-17,32.281
Reservoir_Folsom,2019-11-18,25.145
Reservoir_Folsom,2019-11-19,31.092
Reservoir_Folsom,2019-11-20,25.23
Reservoir_Folsom,2019-11-21,27.637
Reservoir_Folsom,2019-11-22,44.967
Reservoir_Folsom,2019-11-23,40.776
Reservoir_Folsom,2019-11-24,34.858
Reservoir_Folsom,2019-11-25,30.611
Reservoir_Folsom,2019-11-26,32.706
Reservoir_Folsom,2019-11-27,40.521
Reservoir_Folsom,2019-11-28,38.228
Reservoir_Folsom,2019-11-29,31.545
Reservoir_Folsom,2019-11-30,40.238
Reservoir_Folsom,2019-12-01,64.053
Reservoir_Folsom,2019-12-02,98.996
Reservoir_Folsom,2019-12-03,82.629
Reservoir_Folsom,2019-12-04,53.321
Reservoir_Folsom,2019-12-05,57.823
Reservoir_Folsom,2019-12-06,53.207
Reservoir_Folsom,2019-12-07,77.277
Reservoir_Folsom,2019-12-08,198.218
Reservoir_Folsom,2019-12-09,116.127
Reservoir_Folsom,2019-12-10,83.62
Reservoir_Folsom,2019-12-11,68.329
Reservoir_Folsom,2019-12-12,77.192
Reservoir_Folsom,2019-12-13,100.808
Reservoir_Folsom,2019-12-14,177.179
Reservoir_Folsom,2019-12-15,125.076
Reservoir_Folsom,2019-12-16,85.262
Reservoir_Folsom,2019-12-17,77.701
Reservoir_Folsom,2019-12-18,60.626
Reservoir_Folsom,2019-12-19,62.325
Reservoir_Folsom,2019-12-20,57.766
Reservoir_Folsom,2019-12-21,67.168
Reservoir_Folsom,2019-12-22,69.405
Reservoir_Folsom,2019-12-23,57.936
Reservoir_Folsom,2019-12-24,61.164
Reservoir_Folsom,2019-12-25,59.692
Reservoir_Folsom,2019-12-26,54.482
Reservoir_Folsom,2019-12-27,54.821
Reservoir_Folsom,2019-12-28,63.232
Reservoir_Folsom,2019-12-29,56.351
Reservoir_Folsom,2019-12-30,47.063
Reservoir_Folsom,2019-12-31,42.39
Reservoir_Judge F Carr,2019-01-01,15.829
Reservoir_Judge F Carr,2019-01-02,9.514
Reservoir_Judge F Carr,2019-01-03,19.51
Reservoir_Judge F Carr,2019-01-04,17.613
Reservoir_Judge F Carr,2019-01-05,14.753
Reservoir_Judge F Carr,2019-01-06,6.06
Reservoir_Judge F Carr,2019-01-07,12.148
Reservoir_Judge F Carr,2019-01-08,14.442
Reservoir_Judge F Carr,2019-01-09,8.523
Reservoir_Judge F Carr,2019-01-10,7.9
Reservoir_Judge F Carr,2019-01-11,10.279
Reservoir_Judge F Carr,2019-01-12,15.546
Reservoir_Judge F Carr,2019-01-13,10.392
Reservoir_Judge F Carr,2019-01-14,11.808
Reservoir_Judge F Carr,2019-01-15,8.184
Reservoir_Judge F Carr,2019-01-16,13.054
Reservoir_Judge F Carr,2019-01-17,10.93
Reservoir_Judge F Carr,2019-01-18,8.07
Reservoir_Judge F Carr,2019-01-19,13.026
Reservoir_Judge F Carr,2019-01-20,10.279
Reservoir_Judge F Carr,2019-01-21,8.269
Reservoir_Judge F Carr,2019-01-22,8.637
Reservoir_Judge F Carr,2019-01-23,10.364
Reservoir_Judge F Carr,2019-01-24,10.421
Reservoir_Judge F Carr,2019-01-25,7.391
Reservoir_Judge F Carr,2019-01-26,9.118
Reservoir_Judge F Carr,2019-01-27,10.251
Reservoir_Judge F Carr,2019-01-28,9.656
Reservoir_Judge F Carr,2019-01-29,10.987
Reservoir_Judge F Carr,2019-01-30,8.75
Reservoir_Judge F Carr,2019-01-31,9.458
Reservoir_Judge F Carr,2019-02-01,18.378
Reservoir_Judge F Carr,2019-02-02,20.048
Reservoir_Judge F Carr,2019-02-03,16.735
Reservoir_Judge F Carr,2019-02-04,15.178
Reservoir_Judge F Carr,2019-02-05,11.129
Reservoir_Judge F Carr,2019-02-06,7.9
Reservoir_Judge F Carr,2019-02-07,10.76
Reservoir_Judge F Carr,2019-02-08,9.968
Reservoir_Judge F Carr,2019-02-09,7.221
Reservoir_Judge F Carr,2019-02-10,9.826
Reservoir_Judge F Carr,2019-02-11,10.421
Reservoir_Judge F Carr,2019-02-12,13.705
Reservoir_Judge F Carr,2019-02-13,8.552
Reservoir_Judge F Carr,2019-02-14,15.659
Reservoir_Judge F Carr,2019-02-15,13.875
Reservoir_Judge F Carr,2019-02-16,9.628
Reservoir_Judge F Carr,2019-02-17,9.061
Reservoir_Judge F Carr,2019-02-18,8.552
Reservoir_Judge F Carr,2019-02-19,9.373
Reservoir_Judge F Carr,2019-02-20,10.336
Reservoir_Judge F Carr,2019-02-21,6.881
Reservoir_Judge F Carr,2019-02-22,10.222
Reservoir_Judge F Carr,2019-02-23,9.968
Reservoir_Judge F Carr,2019-02-24,10.024
Reservoir_Judge F Carr,2019-02-25,14.838
Reservoir_Judge F Carr,2019-02-26,21.521
Reservoir_Judge F Carr,2019-02-27,20.558
Reservoir_Judge F Carr,2019-02-28,13.337
Reservoir_Judge F Carr,2019-03-01,13.167
Reservoir_Judge F Carr,2019-03-02,9.316
Reservoir_Judge F Carr,2019-03-03,10.93
Reservoir_Judge F Carr,2019-03-04,15.631
Reservoir_Judge F Carr,2019-03-05,13.281
Reservoir_Judge F Carr,2019-03-06,18.434
Reservoir_Judge F Carr,2019-03-07,17.981
Reservoir_Judge F Carr,2019-03-08,17.415
Reservoir_Judge F Carr,2019-03-09,15.404
Reservoir_Judge F Carr,2019-03-10,15.999
Reservoir_Judge F Carr,2019-03-11,18.717
Reservoir_Judge F Carr,2019-03-12,15.971
Reservoir_Judge F Carr,2019-03-13,15.942
Reservoir_Judge F Carr,2019-03-14,15.121
Reservoir_Judge F Carr,2019-03-15,15.772
Reservoir_Judge F Carr,2019-03-16,16.339
Reservoir_Judge F Carr,2019-03-17,17.5
Reservoir_Judge F Carr,2019-03-18,17.302
Reservoir_Judge F Carr,2019-03-19,8.75
Reservoir_Judge F Carr,2019-03-20,8.976
Reservoir_Judge F Carr,2019-03-21,16.48
Reservoir_Judge F Carr,2019-03-22,12.516
Reservoir_Judge F Carr,2019-03-23,11.327
Reservoir_Judge F Carr,2019-03-24,10.704
Reservoir_Judge F Carr,2019-03-25,12.148
Reservoir_Judge F Carr,2019-03-26,4.531
Reservoir_Judge F Carr,2019-03-27,5.097
Reservoir_Judge F Carr,2019-03-28,22.71
Reservoir_Judge F Carr,2019-03-29,11.072
Reservoir_Judge F Carr,2019-03-30,8.637
Reservoir_Judge F Carr,2019-03-31,8.58
Reservoir_Judge F Carr,2019-04-01,12.091
Reservoir_Judge F Carr,2019-04-02,10.166
Reservoir_Judge F Carr,2019-04-03,10.534
Reservoir_Judge F Carr,2019-04-04,11.497
Reservoir_Judge F Carr,2019-04-05,13.252
Reservoir_Judge F Carr,2019-04-06,11.836
Reservoir_Judge F Carr,2019-04-07,12.799
Reservoir_Judge F Carr,2019-04-08,12.799
Reservoir_Judge F Carr,2019-04-09,10.902
Reservoir_Judge F Carr,2019-04-10,9.401
Reservoir_Judge F Carr,2019-04-11,10.449
Reservoir_Judge F Carr,2019-04-12,11.015
Reservoir_Judge F Carr,2019-04-13,11.129
Reservoir_Judge F Carr,2019-04-14,17.302
Reservoir_Judge F Carr,2019-04-15,73.057
Reservoir_Judge F Carr,2019-04-16,105.452
Reservoir_Judge F Carr,2019-04-17,200.823
Reservoir_Judge F Carr,2019-04-18,215.293
Reservoir_Judge F Carr,2019-04-19,148.777
Reservoir_Judge F Carr,2019-04-20,105.027
Reservoir_Judge F Carr,2019-04-21,84.441
Reservoir_Judge F Carr,2019-04-22,83.535
Reservoir_Judge F Carr,2019-04-23,67.762
Reservoir_Judge F Carr,2019-04-24,63.175
Reservoir_Judge F Carr,2019-04-25,63.26
Reservoir_Judge F Carr,2019-04-26,63.203
Reservoir_Judge F Carr,2019-04-27,65.355
Reservoir_Judge F Carr,2019-04-28,76.201
Reservoir_Judge F Carr,2019-04-29,204.872
Reservoir_Judge F Carr,2019-04-30,265.159
Reservoir_Judge F Carr,2019-05-01,131.815
Reservoir_Judge F Carr,2019-05-02,103.215
Reservoir_Judge F Carr,2019-05-03,106.868
Reservoir_Judge F Carr,2019-05-04,104.376
Reservoir_Judge F Carr,2019-05-05,93.587
Reservoir_Judge F Carr,2019-05-06,81.014
Reservoir_Judge F Carr,2019-05-07,79.4
Reservoir_Judge F Carr,2019-05-08,74.587
Reservoir_Judge F Carr,2019-05-09,91.69
Reservoir_Judge F Carr,2019-05-10,84.299
Reservoir_Judge F Carr,2019-05-11,78.353
Reservoir_Judge F Carr,2019-05-12,81.807
Reservoir_Judge F Carr,2019-05-13,74.417
Reservoir_Judge F Carr,2019-05-14,84.243
Reservoir_Judge F Carr,2019-05-15,81.637
Reservoir_Judge F Carr,2019-05-16,84.781
Reservoir_Judge F Carr,2019-05-17,87.726
Reservoir_Judge F Carr,2019-05-18,146.03
Reservoir_Judge F Carr,2019-05-19,237.862
Reservoir_Judge F Carr,2019-05-20,146.964
Reservoir_Judge F Carr,2019-05-21,102.195
Reservoir_Judge F Carr,2019-05-22,99.166
Reservoir_Judge F Carr,2019-05-23,70.424
Reservoir_Judge F Carr,2019-05-24,101.233
Reservoir_Judge F Carr,2019-05-25,97.268
Reservoir_Judge F Carr,2019-05-26,78.098
Reservoir_Judge F Carr,2019-05-27,67.847
Reservoir_Judge F Carr,2019-05-28,70.622
Reservoir_Judge F Carr,2019-05-29,83.393
Reservoir_Judge F Carr,2019-05-30,149.57
Reservoir_Judge F Carr,2019-05-31,148.069
Reservoir_Judge F Carr,2019-06-01,157.527
Reservoir_Judge F Carr,2019-06-02,160.981
Reservoir_Judge F Carr,2019-06-03,157.697
Reservoir_Judge F Carr,2019-06-04,151.892
Reservoir_Judge F Carr,2019-06-05,157.442
Reservoir_Judge F Carr,2019-06-06,169.958
Reservoir_Judge F Carr,2019-06-07,204.164
Reservoir_Judge F Carr,2019-06-08,174.29
Reservoir_Judge F Carr,2019-06-09,166.361
Reservoir_Judge F Carr,2019-06-10,153.166
Reservoir_Judge F Carr,2019-06-11,124.254
Reservoir_Judge F Carr,2019-06-12,162.794
Reservoir_Judge F Carr,2019-06-13,134.25
Reservoir_Judge F Carr,2019-06-14,94.069
Reservoir_Judge F Carr,2019-06-15,90.897
Reservoir_Judge F Carr,2019-06-16,92.653
Reservoir_Judge F Carr,2019-06-17,86.536
Reservoir_Judge F Carr,2019-06-18,103.328
Reservoir_Judge F Carr,2019-06-19,85.347
Reservoir_Judge F Carr,2019-06-20,84.554
Reservoir_Judge F Carr,2019-06-21,85.12
Reservoir_Judge F Carr,2019-06-22,99.902
Reservoir_Judge F Carr,2019-06-23,117.034
Reservoir_Judge F Carr,2019-06-24,102.705
Reservoir_Judge F Carr,2019-06-25,96.164
Reservoir_Judge F Carr,2019-06-26,116.496
Reservoir_Judge F Carr,2019-06-27,99.477
Reservoir_Judge F Carr,2019-06-28,96.73
Reservoir_Judge F Carr,2019-06-29,96.022
Reservoir_Judge F Carr,2019-06-30,95.881
Reservoir_Judge F Carr,2019-07-01,91.605
Reservoir_Judge F Carr,2019-07-02,80.476
Reservoir_Judge F Carr,2019-07-03,81.836
Reservoir_Judge F Carr,2019-07-04,90.472
Reservoir_Judge F Carr,2019-07-05,87.159
Reservoir_Judge F Carr,2019-07-06,87.273
Reservoir_Judge F Carr,2019-07-07,82.855
Reservoir_Judge F Carr,2019-07-08,74.162
Reservoir_Judge F Carr,2019-07-09,67.791
Reservoir_Judge F Carr,2019-07-10,77.22
Reservoir_Judge F Carr,2019-07-11,79.4
Reservoir_Judge F Carr,2019-07-12,62.863
Reservoir_Judge F Carr,2019-07-13,71.443
Reservoir_Judge F Carr,2019-07-14,67.451
Reservoir_Judge F Carr,2019-07-15,65.015
Reservoir_Judge F Carr,2019-07-16,65.865
Reservoir_Judge F Carr,2019-07-17,66.007
Reservoir_Judge F Carr,2019-07-18,64.421
Reservoir_Judge F Carr,2019-07-19,63.741
Reservoir_Judge F Carr,2019-07-20,54.425
Reservoir_Judge F Carr,2019-07-21,57.738
Reservoir_Judge F Carr,2019-07-22,51.735
Reservoir_Judge F Carr,2019-07-23,59.295
Reservoir_Judge F Carr,2019-07-24,63.147
Reservoir_Judge F Carr,2019-07-25,43.013
Reservoir_Judge F Carr,2019-07-26,59.579
Reservoir_Judge F Carr,2019-07-27,62.155
Reservoir_Judge F Carr,2019-07-28,50.744
Reservoir_Judge F Carr,2019-07-29,62.92
Reservoir_Judge F Carr,2019-07-30,57.851
Reservoir_Judge F Carr,2019-07-31,51.197
Reservoir_Judge F Carr,2019-08-01,51.537
Reservoir_Judge F Carr,2019-08-02,57.88
Reservoir_Judge F Carr,2019-08-03,63.543
Reservoir_Judge F Carr,2019-08-04,47.657
Reservoir_Judge F Carr,2019-08-05,47.771
Reservoir_Judge F Carr,2019-08-06,62.75
Reservoir_Judge F Carr,2019-08-07,35.028
Reservoir_Judge F Carr,2019-08-08,53.632
Reservoir_Judge F Carr,2019-08-09,52.216
Reservoir_Judge F Carr,2019-08-10,59.805
Reservoir_Judge F Carr,2019-08-11,53.972
Reservoir_Judge F Carr,2019-08-12,46.864
Reservoir_Judge F Carr,2019-08-13,45.703
Reservoir_Judge F Carr,2019-08-14,47.884
Reservoir_Judge F Carr,2019-08-15,45.873
Reservoir_Judge F Carr,2019-08-16,48.11
Reservoir_Judge F Carr,2019-08-17,48.28
Reservoir_Judge F Carr,2019-08-18,48.252
Reservoir_Judge F Carr,2019-08-19,59.805
Reservoir_Judge F Carr,2019-08-20,48.337
Reservoir_Judge F Carr,2019-08-21,47.091
Reservoir_Judge F Carr,2019-08-22,45.647
Reservoir_Judge F Carr,2019-08-23,48.28
Reservoir_Judge F Carr,2019-08-24,48.818
Reservoir_Judge F Carr,2019-08-25,57.058
Reservoir_Judge F Carr,2019-08-26,48.167
Reservoir_Judge F Carr,2019-08-27,45.618
Reservoir_Judge F Carr,2019-08-28,24.862
Reservoir_Judge F Carr,2019-08-29,43.495
Reservoir_Judge F Carr,2019-08-30,45.25
Reservoir_Judge F Carr,2019-08-31,47.94
Reservoir_Judge F Carr,2019-09-01,40.946
Reservoir_Judge F Carr,2019-09-02,70.905
Reservoir_Judge F Carr,2019-09-03,50.659
Reservoir_Judge F Carr,2019-09-04,48.139
Reservoir_Judge F Carr,2019-09-05,48.847
Reservoir_Judge F Carr,2019-09-06,48.648
Reservoir_Judge F Carr,2019-09-07,46.978
Reservoir_Judge F Carr,2019-09-08,35.226
Reservoir_Judge F Carr,2019-09-09,18.208
Reservoir_Judge F Carr,2019-09-10,10.76
Reservoir_Judge F Carr,2019-09-11,13.592
Reservoir_Judge F Carr,2019-09-12,13.734
Reservoir_Judge F Carr,2019-09-13,21.379
Reservoir_Judge F Carr,2019-09-14,13.989
Reservoir_Judge F Carr,2019-09-15,13.875
Reservoir_Judge F Carr,2019-09-16,19.454
Reservoir_Judge F Carr,2019-09-17,24.749
Reservoir_Judge F Carr,2019-09-18,15.518
Reservoir_Judge F Carr,2019-09-19,23.248
Reservoir_Judge F Carr,2019-09-20,48.025
Reservoir_Judge F Carr,2019-09-21,48.252
Reservoir_Judge F Carr,2019-09-22,48.563
Reservoir_Judge F Carr,2019-09-23,48.875
Reservoir_Judge F Carr,2019-09-24,41.031
Reservoir_Judge F Carr,2019-09-25,48.818
Reservoir_Judge F Carr,2019-09-26,46.156
Reservoir_Judge F Carr,2019-09-27,48.648
Reservoir_Judge F Carr,2019-09-28,48.847
Reservoir_Judge F Carr,2019-09-29,49.271
Reservoir_Judge F Carr,2019-09-30,48.875
Reservoir_Judge F Carr,2019-10-01,47.516
Reservoir_Judge F Carr,2019-10-02,49.045
Reservoir_Judge F Carr,2019-10-03,49.215
Reservoir_Judge F Carr,2019-10-04,27.241
Reservoir_Judge F Carr,2019-10-05,24.494
Reservoir_Judge F Carr,2019-10-06,42.447
Reservoir_Judge F Carr,2019-10-07,42.249
Reservoir_Judge F Carr,2019-10-08,48.592
Reservoir_Judge F Carr,2019-10-09,41.711
Reservoir_Judge F Carr,2019-10-10,49.045
Reservoir_Judge F Carr,2019-10-11,48.818
Reservoir_Judge F Carr,2019-10-12,48.677
Reservoir_Judge F Carr,2019-10-13,49.016
Reservoir_Judge F Carr,2019-10-14,48.988
Reservoir_Judge F Carr,2019-10-15,46.864
Reservoir_Judge F Carr,2019-10-16,49.498
Reservoir_Judge F Carr,2019-10-17,48.875
Reservoir_Judge F Carr,2019-10-18,43.296
Reservoir_Judge F Carr,2019-10-19,46.072
Reservoir_Judge F Carr,2019-10-20,50.347
Reservoir_Judge F Carr,2019-10-21,45.958
Reservoir_Judge F Carr,2019-10-22,24.919
Reservoir_Judge F Carr,2019-10-23,21.861
Reservoir_Judge F Carr,2019-10-24,28.232
Reservoir_Judge F Carr,2019-10-25,32.961
Reservoir_Judge F Carr,2019-10-26,25.23
Reservoir_Judge F Carr,2019-10-27,24.579
Reservoir_Judge F Carr,2019-10-28,25.655
Reservoir_Judge F Carr,2019-10-29,30.497
Reservoir_Judge F Carr,2019-10-30,13.111
Reservoir_Judge F Carr,2019-10-31,25.145
Reservoir_Judge F Carr,2019-11-01,25.174
Reservoir_Judge F Carr,2019-11-02,25.429
Reservoir_Judge F Carr,2019-11-03,23.814
Reservoir_Judge F Carr,2019-11-04,27.184
Reservoir_Judge F Carr,2019-11-05,26.958
Reservoir_Judge F Carr,2019-11-06,28.175
Reservoir_Judge F Carr,2019-11-07,27.354
Reservoir_Judge F Carr,2019-11-08,25.938
Reservoir_Judge F Carr,2019-11-09,26.023
Reservoir_Judge F Carr,2019-11-10,20.247
Reservoir_Judge F Carr,2019-11-11,25.627
Reservoir_Judge F Carr,2019-11-12,25.542
Reservoir_Judge F Carr,2019-11-13,24.013
Reservoir_Judge F Carr,2019-11-14,21.379
Reservoir_Judge F Carr,2019-11-15,26.023
Reservoir_Judge F Carr,2019-11-16,24.239
Reservoir_Judge F Carr,2019-11-17,24.891
Reservoir_Judge F Carr,2019-11-18,24.352
Reservoir_Judge F Carr,2019-11-19,24.409
Reservoir_Judge F Carr,2019-11-20,23.673
Reservoir_Judge F Carr,2019-11-21,24.806
Reservoir_Judge F Carr,2019-11-22,23.248
Reservoir_Judge F Carr,2019-11-23,23.418
Reservoir_Judge F Carr,2019-11-24,25.004
Reservoir_Judge F Carr,2019-11-25,24.551
Reservoir_Judge F Carr,2019-11-26,25.853
Reservoir_Judge F Carr,2019-11-27,23.984
Reservoir_Judge F Carr,2019-11-28,23.503
Reservoir_Judge F Carr,2019-11-29,25.06
Reservoir_Judge F Carr,2019-11-30,25.513
Reservoir_Judge F Carr,2019-12-01,17.5
Reservoir_Judge F Carr,2019-12-02,11.723
Reservoir_Judge F Carr,2019-12-03,20.445
Reservoir_Judge F Carr,2019-12-04,19.057
Reservoir_Judge F Carr,2019-12-05,26.759
Reservoir_Judge F Carr,2019-12-06,7.985
Reservoir_Judge F Carr,2019-12-07,8.495
Reservoir_Judge F Carr,2019-12-08,17.33
Reservoir_Judge F Carr,2019-12-09,21.974
Reservoir_Judge F Carr,2019-12-10,13.847
Reservoir_Judge F Carr,2019-12-11,7.221
Reservoir_Judge F Carr,2019-12-12,8.92
Reservoir_Judge F Carr,2019-12-13,10.137
Reservoir_Judge F Carr,2019-12-14,9.741
Reservoir_Judge F Carr,2019-12-15,9.656
Reservoir_Judge F Carr,2019-12-16,7.334
Reservoir_Judge F Carr,2019-12-17,9.571
Reservoir_Judge F Carr,2019-12-18,9.401
Reservoir_Judge F Carr,2019-12-19,11.44
Reservoir_Judge F Carr,2019-12-20,11.667
Reservoir_Judge F Carr,2019-12-21,9.543
Reservoir_Judge F Carr,2019-12-22,9.033
Reservoir_Judge F Carr,2019-12-23,8.948
Reservoir_Judge F Carr,2019-12-24,7.447
Reservoir_Judge F Carr,2019-12-25,7.504
Reservoir_Judge F Carr,2019-12-26,7.476
Reservoir_Judge F Carr,2019-12-27,11.638
Reservoir_Judge F Carr,2019-12-28,11.327
Reservoir_Judge F Carr,2019-12-29,13.394
Reservoir_Judge F Carr,2019-12-30,27.212
Reservoir_Judge F Carr,2019-12-31,48.762
Reservoir_Keswick,2019-01-01,97.75
Reservoir_Keswick,2019-01-02,130.257
Reservoir_Keswick,2019-01-03,121.253
Reservoir_Keswick,2019-01-04,94.607
Reservoir_Keswick,2019-01-05,100.893
Reservoir_Keswick,2019-01-06,114.91
Reservoir_Keswick,2019-01-07,118.478
Reservoir_Keswick,2019-01-08,129.436
Reservoir_Keswick,2019-01-09,120.148
Reservoir_Keswick,2019-01-10,100.128
Reservoir_Keswick,2019-01-11,133.712
Reservoir_Keswick,2019-01-12,93.332
Reservoir_Keswick,2019-01-13,117.034
Reservoir_Keswick,2019-01-14,117.826
Reservoir_Keswick,2019-01-15,104.008
Reservoir_Keswick,2019-01-16,132.296
Reservoir_Keswick,2019-01-17,87.159
Reservoir_Keswick,2019-01-18,87.726
Reservoir_Keswick,2019-01-19,86.536
Reservoir_Keswick,2019-01-20,93.389
Reservoir_Keswick,2019-01-21,76.597
Reservoir_Keswick,2019-01-22,109.473
Reservoir_Keswick,2019-01-23,80.561
Reservoir_Keswick,2019-01-24,93.587
Reservoir_Keswick,2019-01-25,80.335
Reservoir_Keswick,2019-01-26,81.779
Reservoir_Keswick,2019-01-27,88.462
Reservoir_Keswick,2019-01-28,82.232
Reservoir_Keswick,2019-01-29,87.98
Reservoir_Keswick,2019-01-30,91.945
Reservoir_Keswick,2019-01-31,84.837
Reservoir_Keswick,2019-02-01,84.951
Reservoir_Keswick,2019-02-02,96.73
Reservoir_Keswick,2019-02-03,92.426
Reservoir_Keswick,2019-02-04,106.132
Reservoir_Keswick,2019-02-05,91.435
Reservoir_Keswick,2019-02-06,83.648
Reservoir_Keswick,2019-02-07,86.168
Reservoir_Keswick,2019-02-08,89.113
Reservoir_Keswick,2019-02-09,87.386
Reservoir_Keswick,2019-02-10,76.71
Reservoir_Keswick,2019-02-11,107.236
Reservoir_Keswick,2019-02-12,97.636
Reservoir_Keswick,2019-02-13,112.956
Reservoir_Keswick,2019-02-14,98.033
Reservoir_Keswick,2019-02-15,87.527
Reservoir_Keswick,2019-02-16,90.812
Reservoir_Keswick,2019-02-17,84.922
Reservoir_Keswick,2019-02-18,106.471
Reservoir_Keswick,2019-02-19,92.879
Reservoir_Keswick,2019-02-20,81.269
Reservoir_Keswick,2019-02-21,103.526
Reservoir_Keswick,2019-02-22,103.838
Reservoir_Keswick,2019-02-23,102.082
Reservoir_Keswick,2019-02-24,93.615
Reservoir_Keswick,2019-02-25,108.793
Reservoir_Keswick,2019-02-26,132.155
Reservoir_Keswick,2019-02-27,205.354
Reservoir_Keswick,2019-02-28,474.534
Reservoir_Keswick,2019-03-01,743.685
Reservoir_Keswick,2019-03-02,813.685
Reservoir_Keswick,2019-03-03,873.207
Reservoir_Keswick,2019-03-04,874.453
Reservoir_Keswick,2019-03-05,881.957
Reservoir_Keswick,2019-03-06,860.832
Reservoir_Keswick,2019-03-07,1040.927
Reservoir_Keswick,2019-03-08,1190.78
Reservoir_Keswick,2019-03-09,1141.905
Reservoir_Keswick,2019-03-10,1141.537
Reservoir_Keswick,2019-03-11,1119.648
Reservoir_Keswick,2019-03-12,1136.213
Reservoir_Keswick,2019-03-13,1116.845
Reservoir_Keswick,2019-03-14,1131.456
Reservoir_Keswick,2019-03-15,933.606
Reservoir_Keswick,2019-03-16,845.315
Reservoir_Keswick,2019-03-17,682.323
Reservoir_Keswick,2019-03-18,565.459
Reservoir_Keswick,2019-03-19,522.729
Reservoir_Keswick,2019-03-20,431.889
Reservoir_Keswick,2019-03-21,335.47
Reservoir_Keswick,2019-03-22,301.489
Reservoir_Keswick,2019-03-23,288.181
Reservoir_Keswick,2019-03-24,283.253
Reservoir_Keswick,2019-03-25,298.375
Reservoir_Keswick,2019-03-26,284.726
Reservoir_Keswick,2019-03-27,364.466
Reservoir_Keswick,2019-03-28,433.503
Reservoir_Keswick,2019-03-29,437.297
Reservoir_Keswick,2019-03-30,412.378
Reservoir_Keswick,2019-03-31,424.016
Reservoir_Keswick,2019-04-01,422.317
Reservoir_Keswick,2019-04-02,415.465
Reservoir_Keswick,2019-04-03,538.417
Reservoir_Keswick,2019-04-04,736.578
Reservoir_Keswick,2019-04-05,858.199
Reservoir_Keswick,2019-04-06,859.048
Reservoir_Keswick,2019-04-07,840.982
Reservoir_Keswick,2019-04-08,874.169
Reservoir_Keswick,2019-04-09,1024.504
Reservoir_Keswick,2019-04-10,1128.964
Reservoir_Keswick,2019-04-11,1133.353
Reservoir_Keswick,2019-04-12,1106.056
Reservoir_Keswick,2019-04-13,1143.831
Reservoir_Keswick,2019-04-14,968.011
Reservoir_Keswick,2019-04-15,831.326
Reservoir_Keswick,2019-04-16,705.118
Reservoir_Keswick,2019-04-17,572.595
Reservoir_Keswick,2019-04-18,508.656
Reservoir_Keswick,2019-04-19,422.572
Reservoir_Keswick,2019-04-20,402.014
Reservoir_Keswick,2019-04-21,330.571
Reservoir_Keswick,2019-04-22,282.517
Reservoir_Keswick,2019-04-23,235.993
Reservoir_Keswick,2019-04-24,218.408
Reservoir_Keswick,2019-04-25,178.878
Reservoir_Keswick,2019-04-26,156.536
Reservoir_Keswick,2019-04-27,149.655
Reservoir_Keswick,2019-04-28,160.925
Reservoir_Keswick,2019-04-29,144.954
Reservoir_Keswick,2019-04-30,162.086
Reservoir_Keswick,2019-05-01,156.026
Reservoir_Keswick,2019-05-02,141.244
Reservoir_Keswick,2019-05-03,178.311
Reservoir_Keswick,2019-05-04,206.317
Reservoir_Keswick,2019-05-05,244.431
Reservoir_Keswick,2019-05-06,233.614
Reservoir_Keswick,2019-05-07,222.316
Reservoir_Keswick,2019-05-08,220.645
Reservoir_Keswick,2019-05-09,230.896
Reservoir_Keswick,2019-05-10,232.623
Reservoir_Keswick,2019-05-11,244.856
Reservoir_Keswick,2019-05-12,220.447
Reservoir_Keswick,2019-05-13,224.949
Reservoir_Keswick,2019-05-14,223.986
Reservoir_Keswick,2019-05-15,224.071
Reservoir_Keswick,2019-05-16,224.411
Reservoir_Keswick,2019-05-17,244.148
Reservoir_Keswick,2019-05-18,221.778
Reservoir_Keswick,2019-05-19,221.806
Reservoir_Keswick,2019-05-20,209.63
Reservoir_Keswick,2019-05-21,229.82
Reservoir_Keswick,2019-05-22,210.366
Reservoir_Keswick,2019-05-23,224.751
Reservoir_Keswick,2019-05-24,211.385
Reservoir_Keswick,2019-05-25,241.713
Reservoir_Keswick,2019-05-26,213.537
Reservoir_Keswick,2019-05-27,237.748
Reservoir_Keswick,2019-05-28,207.081
Reservoir_Keswick,2019-05-29,242.166
Reservoir_Keswick,2019-05-30,369.535
Reservoir_Keswick,2019-05-31,359.397
Reservoir_Keswick,2019-06-01,370.639
Reservoir_Keswick,2019-06-02,362.795
Reservoir_Keswick,2019-06-03,377.379
Reservoir_Keswick,2019-06-04,364.126
Reservoir_Keswick,2019-06-05,392.925
Reservoir_Keswick,2019-06-06,364.636
Reservoir_Keswick,2019-06-07,364.693
Reservoir_Keswick,2019-06-08,355.235
Reservoir_Keswick,2019-06-09,358.774
Reservoir_Keswick,2019-06-10,351.157
Reservoir_Keswick,2019-06-11,322.359
Reservoir_Keswick,2019-06-12,322.897
Reservoir_Keswick,2019-06-13,277.335
Reservoir_Keswick,2019-06-14,263.517
Reservoir_Keswick,2019-06-15,285.292
Reservoir_Keswick,2019-06-16,277.958
Reservoir_Keswick,2019-06-17,300.187
Reservoir_Keswick,2019-06-18,273.144
Reservoir_Keswick,2019-06-19,275.891
Reservoir_Keswick,2019-06-20,278.213
Reservoir_Keswick,2019-06-21,292.23
Reservoir_Keswick,2019-06-22,284.924
Reservoir_Keswick,2019-06-23,288.35
Reservoir_Keswick,2019-06-24,276.061
Reservoir_Keswick,2019-06-25,284.499
Reservoir_Keswick,2019-06-26,280.875
Reservoir_Keswick,2019-06-27,298.46
Reservoir_Keswick,2019-06-28,292.202
Reservoir_Keswick,2019-06-29,305.426
Reservoir_Keswick,2019-06-30,306.756
Reservoir_Keswick,2019-07-01,295.175
Reservoir_Keswick,2019-07-02,308.993
Reservoir_Keswick,2019-07-03,311.315
Reservoir_Keswick,2019-07-04,310.947
Reservoir_Keswick,2019-07-05,318.649
Reservoir_Keswick,2019-07-06,323.039
Reservoir_Keswick,2019-07-07,308.257
Reservoir_Keswick,2019-07-08,297.582
Reservoir_Keswick,2019-07-09,307.747
Reservoir_Keswick,2019-07-10,306.048
Reservoir_Keswick,2019-07-11,310.098
Reservoir_Keswick,2019-07-12,321.113
Reservoir_Keswick,2019-07-13,314.6
Reservoir_Keswick,2019-07-14,307.663
Reservoir_Keswick,2019-07-15,307.578
Reservoir_Keswick,2019-07-16,312.307
Reservoir_Keswick,2019-07-17,311.4
Reservoir_Keswick,2019-07-18,303.188
Reservoir_Keswick,2019-07-19,310.438
Reservoir_Keswick,2019-07-20,308.993
Reservoir_Keswick,2019-07-21,315.421
Reservoir_Keswick,2019-07-22,311.287
Reservoir_Keswick,2019-07-23,293.136
Reservoir_Keswick,2019-07-24,291.918
Reservoir_Keswick,2019-07-25,331.279
Reservoir_Keswick,2019-07-26,313.581
Reservoir_Keswick,2019-07-27,303.273
Reservoir_Keswick,2019-07-28,300.102
Reservoir_Keswick,2019-07-29,318.111
Reservoir_Keswick,2019-07-30,297.667
Reservoir_Keswick,2019-07-31,276.259
Reservoir_Keswick,2019-08-01,316.781
Reservoir_Keswick,2019-08-02,321.991
Reservoir_Keswick,2019-08-03,313.836
Reservoir_Keswick,2019-08-04,285.405
Reservoir_Keswick,2019-08-05,303.868
Reservoir_Keswick,2019-08-06,310.579
Reservoir_Keswick,2019-08-07,297.214
Reservoir_Keswick,2019-08-08,313.722
Reservoir_Keswick,2019-08-09,327.994
Reservoir_Keswick,2019-08-10,315.336
Reservoir_Keswick,2019-08-11,316.158
Reservoir_Keswick,2019-08-12,312.25
Reservoir_Keswick,2019-08-13,310.749
Reservoir_Keswick,2019-08-14,311.4
Reservoir_Keswick,2019-08-15,309.843
Reservoir_Keswick,2019-08-16,312.335
Reservoir_Keswick,2019-08-17,314.147
Reservoir_Keswick,2019-08-18,305.312
Reservoir_Keswick,2019-08-19,316.809
Reservoir_Keswick,2019-08-20,312.901
Reservoir_Keswick,2019-08-21,294.184
Reservoir_Keswick,2019-08-22,303.16
Reservoir_Keswick,2019-08-23,289.823
Reservoir_Keswick,2019-08-24,292.541
Reservoir_Keswick,2019-08-25,286.765
Reservoir_Keswick,2019-08-26,296.676
Reservoir_Keswick,2019-08-27,282.432
Reservoir_Keswick,2019-08-28,283.084
Reservoir_Keswick,2019-08-29,279.969
Reservoir_Keswick,2019-08-30,258.816
Reservoir_Keswick,2019-08-31,269.293
Reservoir_Keswick,2019-09-01,254.682
Reservoir_Keswick,2019-09-02,260.515
Reservoir_Keswick,2019-09-03,277.647
Reservoir_Keswick,2019-09-04,255.39
Reservoir_Keswick,2019-09-05,252.643
Reservoir_Keswick,2019-09-06,249.018
Reservoir_Keswick,2019-09-07,231.065
Reservoir_Keswick,2019-09-08,249.471
Reservoir_Keswick,2019-09-09,235.624
Reservoir_Keswick,2019-09-10,227.271
Reservoir_Keswick,2019-09-11,245.422
Reservoir_Keswick,2019-09-12,232.538
Reservoir_Keswick,2019-09-13,250.547
Reservoir_Keswick,2019-09-14,240.806
Reservoir_Keswick,2019-09-15,241.458
Reservoir_Keswick,2019-09-16,236.276
Reservoir_Keswick,2019-09-17,216.454
Reservoir_Keswick,2019-09-18,205.524
Reservoir_Keswick,2019-09-19,218.181
Reservoir_Keswick,2019-09-20,224.439
Reservoir_Keswick,2019-09-21,221.693
Reservoir_Keswick,2019-09-22,213.254
Reservoir_Keswick,2019-09-23,240.665
Reservoir_Keswick,2019-09-24,231.802
Reservoir_Keswick,2019-09-25,192.894
Reservoir_Keswick,2019-09-26,218.323
Reservoir_Keswick,2019-09-27,212.461
Reservoir_Keswick,2019-09-28,197.595
Reservoir_Keswick,2019-09-29,210.932
Reservoir_Keswick,2019-09-30,215.123
Reservoir_Keswick,2019-10-01,211.385
Reservoir_Keswick,2019-10-02,203.343
Reservoir_Keswick,2019-10-03,188.902
Reservoir_Keswick,2019-10-04,178.793
Reservoir_Keswick,2019-10-05,181.738
Reservoir_Keswick,2019-10-06,188.902
Reservoir_Keswick,2019-10-07,189.157
Reservoir_Keswick,2019-10-08,180.378
Reservoir_Keswick,2019-10-09,183.72
Reservoir_Keswick,2019-10-10,181.369
Reservoir_Keswick,2019-10-11,185.22
Reservoir_Keswick,2019-10-12,179.472
Reservoir_Keswick,2019-10-13,177.943
Reservoir_Keswick,2019-10-14,238.456
Reservoir_Keswick,2019-10-15,224.779
Reservoir_Keswick,2019-10-16,216.567
Reservoir_Keswick,2019-10-17,205.127
Reservoir_Keswick,2019-10-18,239.787
Reservoir_Keswick,2019-10-19,242.137
Reservoir_Keswick,2019-10-20,216.482
Reservoir_Keswick,2019-10-21,189.751
Reservoir_Keswick,2019-10-22,227.866
Reservoir_Keswick,2019-10-23,228.545
Reservoir_Keswick,2019-10-24,217.417
Reservoir_Keswick,2019-10-25,194.65
Reservoir_Keswick,2019-10-26,228.036
Reservoir_Keswick,2019-10-27,233.274
Reservoir_Keswick,2019-10-28,215.491
Reservoir_Keswick,2019-10-29,177.632
Reservoir_Keswick,2019-10-30,223.873
Reservoir_Keswick,2019-10-31,184.711
Reservoir_Keswick,2019-11-01,189.241
Reservoir_Keswick,2019-11-02,168.06
Reservoir_Keswick,2019-11-03,149.711
Reservoir_Keswick,2019-11-04,146.03
Reservoir_Keswick,2019-11-05,143.963
Reservoir_Keswick,2019-11-06,141.018
Reservoir_Keswick,2019-11-07,137.677
Reservoir_Keswick,2019-11-08,140.706
Reservoir_Keswick,2019-11-09,125.585
Reservoir_Keswick,2019-11-10,164.521
Reservoir_Keswick,2019-11-11,144.274
Reservoir_Keswick,2019-11-12,143.935
Reservoir_Keswick,2019-11-13,138.724
Reservoir_Keswick,2019-11-14,141.754
Reservoir_Keswick,2019-11-15,141.924
Reservoir_Keswick,2019-11-16,141.358
Reservoir_Keswick,2019-11-17,137.705
Reservoir_Keswick,2019-11-18,137.365
Reservoir_Keswick,2019-11-19,150.278
Reservoir_Keswick,2019-11-20,134.165
Reservoir_Keswick,2019-11-21,140.197
Reservoir_Keswick,2019-11-22,138.554
Reservoir_Keswick,2019-11-23,140.452
Reservoir_Keswick,2019-11-24,139.007
Reservoir_Keswick,2019-11-25,138.469
Reservoir_Keswick,2019-11-26,143.765
Reservoir_Keswick,2019-11-27,137.308
Reservoir_Keswick,2019-11-28,136.289
Reservoir_Keswick,2019-11-29,138.215
Reservoir_Keswick,2019-11-30,139.715
Reservoir_Keswick,2019-12-01,140.905
Reservoir_Keswick,2019-12-02,150.164
Reservoir_Keswick,2019-12-03,137.082
Reservoir_Keswick,2019-12-04,133.004
Reservoir_Keswick,2019-12-05,132.721
Reservoir_Keswick,2019-12-06,145.379
Reservoir_Keswick,2019-12-07,147.021
Reservoir_Keswick,2019-12-08,125.16
Reservoir_Keswick,2019-12-09,142.236
Reservoir_Keswick,2019-12-10,154.893
Reservoir_Keswick,2019-12-11,143.68
Reservoir_Keswick,2019-12-12,131.447
Reservoir_Keswick,2019-12-13,127.058
Reservoir_Keswick,2019-12-14,138.441
Reservoir_Keswick,2019-12-15,141.754
Reservoir_Keswick,2019-12-16,155.261
Reservoir_Keswick,2019-12-17,140.537
Reservoir_Keswick,2019-12-18,145.322
Reservoir_Keswick,2019-12-19,128.445
Reservoir_Keswick,2019-12-20,150.844
Reservoir_Keswick,2019-12-21,190.402
Reservoir_Keswick,2019-12-22,198.671
Reservoir_Keswick,2019-12-23,191.507
Reservoir_Keswick,2019-12-24,207.223
Reservoir_Keswick,2019-12-25,194.792
Reservoir_Keswick,2019-12-26,188.364
Reservoir_Keswick,2019-12-27,202.947
Reservoir_Keswick,2019-12-28,183.38
Reservoir_Keswick,2019-12-29,196.519
Reservoir_Keswick,2019-12-30,166.928
Reservoir_Keswick,2019-12-31,162.029
Reservoir_New Melones,2019-01-01,14.13
Reservoir_New Melones,2019-01-02,17.302
Reservoir_New Melones,2019-01-03,14.923
Reservoir_New Melones,2019-01-04,16.594
Reservoir_New Melones,2019-01-05,24.607
Reservoir_New Melones,2019-01-06,38.001
Reservoir_New Melones,2019-01-07,37.492
Reservoir_New Melones,2019-01-08,21.521
Reservoir_New Melones,2019-01-09,38.369
Reservoir_New Melones,2019-01-10,40.465
Reservoir_New Melones,2019-01-11,34.32
Reservoir_New Melones,2019-01-12,19.992
Reservoir_New Melones,2019-01-13,15.801
Reservoir_New Melones,2019-01-14,21.946
Reservoir_New Melones,2019-01-15,30.695
Reservoir_New Melones,2019-01-16,62.467
Reservoir_New Melones,2019-01-17,156.111
Reservoir_New Melones,2019-01-18,90.104
Reservoir_New Melones,2019-01-19,49.753
Reservoir_New Melones,2019-01-20,66.998
Reservoir_New Melones,2019-01-21,80.93
Reservoir_New Melones,2019-01-22,50.715
Reservoir_New Melones,2019-01-23,39.955
Reservoir_New Melones,2019-01-24,35.481
Reservoir_New Melones,2019-01-25,39.162
Reservoir_New Melones,2019-01-26,31.403
Reservoir_New Melones,2019-01-27,30.214
Reservoir_New Melones,2019-01-28,31.035
Reservoir_New Melones,2019-01-29,34.15
Reservoir_New Melones,2019-01-30,31.007
Reservoir_New Melones,2019-01-31,33.442
Reservoir_New Melones,2019-02-01,33.754
Reservoir_New Melones,2019-02-02,98.146
Reservoir_New Melones,2019-02-03,114.74
Reservoir_New Melones,2019-02-04,136.742
Reservoir_New Melones,2019-02-05,87.301
Reservoir_New Melones,2019-02-06,64.902
Reservoir_New Melones,2019-02-07,51.197
Reservoir_New Melones,2019-02-08,49.668
Reservoir_New Melones,2019-02-09,63.345
Reservoir_New Melones,2019-02-10,86.65
Reservoir_New Melones,2019-02-11,65.525
Reservoir_New Melones,2019-02-12,44.599
Reservoir_New Melones,2019-02-13,98.996
Reservoir_New Melones,2019-02-14,377.605
Reservoir_New Melones,2019-02-15,248.169
Reservoir_New Melones,2019-02-16,143.255
Reservoir_New Melones,2019-02-17,113.749
Reservoir_New Melones,2019-02-18,83.195
Reservoir_New Melones,2019-02-19,71.33
Reservoir_New Melones,2019-02-20,75.974
Reservoir_New Melones,2019-02-21,73.397
Reservoir_New Melones,2019-02-22,57.228
Reservoir_New Melones,2019-02-23,48.648
Reservoir_New Melones,2019-02-24,35.679
Reservoir_New Melones,2019-02-25,50.149
Reservoir_New Melones,2019-02-26,52.839
Reservoir_New Melones,2019-02-27,63.826
Reservoir_New Melones,2019-02-28,81.411
Reservoir_New Melones,2019-03-01,80.052
Reservoir_New Melones,2019-03-02,196.66
Reservoir_New Melones,2019-03-03,188.619
Reservoir_New Melones,2019-03-04,159.084
Reservoir_New Melones,2019-03-05,130.569
Reservoir_New Melones,2019-03-06,241.458
Reservoir_New Melones,2019-03-07,239.985
Reservoir_New Melones,2019-03-08,186.325
Reservoir_New Melones,2019-03-09,137.677
Reservoir_New Melones,2019-03-10,117.373
Reservoir_New Melones,2019-03-11,102.28
Reservoir_New Melones,2019-03-12,100.581
Reservoir_New Melones,2019-03-13,91.718
Reservoir_New Melones,2019-03-14,88.32
Reservoir_New Melones,2019-03-15,87.131
Reservoir_New Melones,2019-03-16,84.554
Reservoir_New Melones,2019-03-17,85.035
Reservoir_New Melones,2019-03-18,73.341
Reservoir_New Melones,2019-03-19,90.217
Reservoir_New Melones,2019-03-20,96.589
Reservoir_New Melones,2019-03-21,88.434
Reservoir_New Melones,2019-03-22,80.278
Reservoir_New Melones,2019-03-23,104.064
Reservoir_New Melones,2019-03-24,86.14
Reservoir_New Melones,2019-03-25,88.773
Reservoir_New Melones,2019-03-26,80.958
Reservoir_New Melones,2019-03-27,96.929
Reservoir_New Melones,2019-03-28,111.823
Reservoir_New Melones,2019-03-29,92.964
Reservoir_New Melones,2019-03-30,83.45
Reservoir_New Melones,2019-03-31,84.752
Reservoir_New Melones,2019-04-01,91.662
Reservoir_New Melones,2019-04-02,106.132
Reservoir_New Melones,2019-04-03,108.935
Reservoir_New Melones,2019-04-04,98.458
Reservoir_New Melones,2019-04-05,97.297
Reservoir_New Melones,2019-04-06,92.794
Reservoir_New Melones,2019-04-07,85.035
Reservoir_New Melones,2019-04-08,95.173
Reservoir_New Melones,2019-04-09,104.348
Reservoir_New Melones,2019-04-10,92.511
Reservoir_New Melones,2019-04-11,86.196
Reservoir_New Melones,2019-04-12,85.602
Reservoir_New Melones,2019-04-13,80.165
Reservoir_New Melones,2019-04-14,78.494
Reservoir_New Melones,2019-04-15,89.708
Reservoir_New Melones,2019-04-16,87.499
Reservoir_New Melones,2019-04-17,86.48
Reservoir_New Melones,2019-04-18,83.421
Reservoir_New Melones,2019-04-19,88.603
Reservoir_New Melones,2019-04-20,101.488
Reservoir_New Melones,2019-04-21,100.61
Reservoir_New Melones,2019-04-22,98.656
Reservoir_New Melones,2019-04-23,96.617
Reservoir_New Melones,2019-04-24,108.0
Reservoir_New Melones,2019-04-25,123.66
Reservoir_New Melones,2019-04-26,131.645
Reservoir_New Melones,2019-04-27,124.339
Reservoir_New Melones,2019-04-28,124.028
Reservoir_New Melones,2019-04-29,122.64
Reservoir_New Melones,2019-04-30,143.142
Reservoir_New Melones,2019-05-01,148.72
Reservoir_New Melones,2019-05-02,137.252
Reservoir_New Melones,2019-05-03,134.873
Reservoir_New Melones,2019-05-04,132.041
Reservoir_New Melones,2019-05-05,143.651
Reservoir_New Melones,2019-05-06,153.534
Reservoir_New Melones,2019-05-07,161.519
Reservoir_New Melones,2019-05-08,164.124
Reservoir_New Melones,2019-05-09,180.067
Reservoir_New Melones,2019-05-10,158.858
Reservoir_New Melones,2019-05-11,157.187
Reservoir_New Melones,2019-05-12,156.705
Reservoir_New Melones,2019-05-13,172.11
Reservoir_New Melones,2019-05-14,181.992
Reservoir_New Melones,2019-05-15,173.78
Reservoir_New Melones,2019-05-16,204.901
Reservoir_New Melones,2019-05-17,151.722
Reservoir_New Melones,2019-05-18,128.53
Reservoir_New Melones,2019-05-19,130.654
Reservoir_New Melones,2019-05-20,109.954
Reservoir_New Melones,2019-05-21,117.798
Reservoir_New Melones,2019-05-22,123.15
Reservoir_New Melones,2019-05-23,116.694
Reservoir_New Melones,2019-05-24,112.559
Reservoir_New Melones,2019-05-25,112.305
Reservoir_New Melones,2019-05-26,132.183
Reservoir_New Melones,2019-05-27,120.488
Reservoir_New Melones,2019-05-28,107.462
Reservoir_New Melones,2019-05-29,118.364
Reservoir_New Melones,2019-05-30,128.389
Reservoir_New Melones,2019-05-31,146.002
Reservoir_New Melones,2019-06-01,151.24
Reservoir_New Melones,2019-06-02,156.734
Reservoir_New Melones,2019-06-03,184.767
Reservoir_New Melones,2019-06-04,219.994
Reservoir_New Melones,2019-06-05,230.414
Reservoir_New Melones,2019-06-06,253.662
Reservoir_New Melones,2019-06-07,248.509
Reservoir_New Melones,2019-06-08,208.922
Reservoir_New Melones,2019-06-09,174.149
Reservoir_New Melones,2019-06-10,169.306
Reservoir_New Melones,2019-06-11,168.429
Reservoir_New Melones,2019-06-12,194.763
Reservoir_New Melones,2019-06-13,214.302
Reservoir_New Melones,2019-06-14,207.393
Reservoir_New Melones,2019-06-15,198.501
Reservoir_New Melones,2019-06-16,195.669
Reservoir_New Melones,2019-06-17,191.875
Reservoir_New Melones,2019-06-18,180.633
Reservoir_New Melones,2019-06-19,168.853
Reservoir_New Melones,2019-06-20,161.887
Reservoir_New Melones,2019-06-21,161.179
Reservoir_New Melones,2019-06-22,145.549
Reservoir_New Melones,2019-06-23,115.476
Reservoir_New Melones,2019-06-24,104.404
Reservoir_New Melones,2019-06-25,96.674
Reservoir_New Melones,2019-06-26,87.329
Reservoir_New Melones,2019-06-27,80.108
Reservoir_New Melones,2019-06-28,69.15
Reservoir_New Melones,2019-06-29,66.969
Reservoir_New Melones,2019-06-30,56.294
Reservoir_New Melones,2019-07-01,64.562
Reservoir_New Melones,2019-07-02,63.685
Reservoir_New Melones,2019-07-03,74.445
Reservoir_New Melones,2019-07-04,67.677
Reservoir_New Melones,2019-07-05,66.913
Reservoir_New Melones,2019-07-06,64.449
Reservoir_New Melones,2019-07-07,67.904
Reservoir_New Melones,2019-07-08,70.537
Reservoir_New Melones,2019-07-09,66.46
Reservoir_New Melones,2019-07-10,57.965
Reservoir_New Melones,2019-07-11,52.811
Reservoir_New Melones,2019-07-12,63.118
Reservoir_New Melones,2019-07-13,66.545
Reservoir_New Melones,2019-07-14,67.677
Reservoir_New Melones,2019-07-15,66.176
Reservoir_New Melones,2019-07-16,53.066
Reservoir_New Melones,2019-07-17,49.13
Reservoir_New Melones,2019-07-18,49.526
Reservoir_New Melones,2019-07-19,48.025
Reservoir_New Melones,2019-07-20,44.118
Reservoir_New Melones,2019-07-21,46.808
Reservoir_New Melones,2019-07-22,46.326
Reservoir_New Melones,2019-07-23,53.887
Reservoir_New Melones,2019-07-24,52.726
Reservoir_New Melones,2019-07-25,58.729
Reservoir_New Melones,2019-07-26,42.73
Reservoir_New Melones,2019-07-27,50.177
Reservoir_New Melones,2019-07-28,46.581
Reservoir_New Melones,2019-07-29,48.309
Reservoir_New Melones,2019-07-30,38.001
Reservoir_New Melones,2019-07-31,41.201
Reservoir_New Melones,2019-08-01,39.077
Reservoir_New Melones,2019-08-02,36.982
Reservoir_New Melones,2019-08-03,36.982
Reservoir_New Melones,2019-08-04,36.472
Reservoir_New Melones,2019-08-05,35.028
Reservoir_New Melones,2019-08-06,29.251
Reservoir_New Melones,2019-08-07,32.932
Reservoir_New Melones,2019-08-08,29.421
Reservoir_New Melones,2019-08-09,32.31
Reservoir_New Melones,2019-08-10,30.186
Reservoir_New Melones,2019-08-11,34.433
Reservoir_New Melones,2019-08-12,32.791
Reservoir_New Melones,2019-08-13,33.244
Reservoir_New Melones,2019-08-14,33.471
Reservoir_New Melones,2019-08-15,33.81
Reservoir_New Melones,2019-08-16,30.639
Reservoir_New Melones,2019-08-17,28.685
Reservoir_New Melones,2019-08-18,27.92
Reservoir_New Melones,2019-08-19,30.412
Reservoir_New Melones,2019-08-20,27.666
Reservoir_New Melones,2019-08-21,29.563
Reservoir_New Melones,2019-08-22,32.338
Reservoir_New Melones,2019-08-23,33.555
Reservoir_New Melones,2019-08-24,33.924
Reservoir_New Melones,2019-08-25,37.576
Reservoir_New Melones,2019-08-26,37.548
Reservoir_New Melones,2019-08-27,37.038
Reservoir_New Melones,2019-08-28,36.529
Reservoir_New Melones,2019-08-29,35.906
Reservoir_New Melones,2019-08-30,32.451
Reservoir_New Melones,2019-08-31,35.764
Reservoir_New Melones,2019-09-01,38.992
Reservoir_New Melones,2019-09-02,38.652
Reservoir_New Melones,2019-09-03,35.566
Reservoir_New Melones,2019-09-04,38.058
Reservoir_New Melones,2019-09-05,41.541
Reservoir_New Melones,2019-09-06,34.15
Reservoir_New Melones,2019-09-07,25.145
Reservoir_New Melones,2019-09-08,31.885
Reservoir_New Melones,2019-09-09,28.487
Reservoir_New Melones,2019-09-10,33.017
Reservoir_New Melones,2019-09-11,31.432
Reservoir_New Melones,2019-09-12,37.463
Reservoir_New Melones,2019-09-13,38.568
Reservoir_New Melones,2019-09-14,36.359
Reservoir_New Melones,2019-09-15,33.754
Reservoir_New Melones,2019-09-16,39.275
Reservoir_New Melones,2019-09-17,29.025
Reservoir_New Melones,2019-09-18,33.159
Reservoir_New Melones,2019-09-19,30.809
Reservoir_New Melones,2019-09-20,32.678
Reservoir_New Melones,2019-09-21,31.885
Reservoir_New Melones,2019-09-22,33.839
Reservoir_New Melones,2019-09-23,34.009
Reservoir_New Melones,2019-09-24,36.104
Reservoir_New Melones,2019-09-25,40.38
Reservoir_New Melones,2019-09-26,35.198
Reservoir_New Melones,2019-09-27,33.555
Reservoir_New Melones,2019-09-28,31.149
Reservoir_New Melones,2019-09-29,29.931
Reservoir_New Melones,2019-09-30,31.375
Reservoir_New Melones,2019-10-01,32.394
Reservoir_New Melones,2019-10-02,30.214
Reservoir_New Melones,2019-10-03,32.989
Reservoir_New Melones,2019-10-04,30.95
Reservoir_New Melones,2019-10-05,30.979
Reservoir_New Melones,2019-10-06,26.08
Reservoir_New Melones,2019-10-07,16.48
Reservoir_New Melones,2019-10-08,16.849
Reservoir_New Melones,2019-10-09,15.433
Reservoir_New Melones,2019-10-10,12.997
Reservoir_New Melones,2019-10-11,13.762
Reservoir_New Melones,2019-10-12,14.357
Reservoir_New Melones,2019-10-13,13.734
Reservoir_New Melones,2019-10-14,15.801
Reservoir_New Melones,2019-10-15,15.574
Reservoir_New Melones,2019-10-16,16.424
Reservoir_New Melones,2019-10-17,14.555
Reservoir_New Melones,2019-10-18,12.233
Reservoir_New Melones,2019-10-19,13.394
Reservoir_New Melones,2019-10-20,13.847
Reservoir_New Melones,2019-10-21,17.698
Reservoir_New Melones,2019-10-22,14.385
Reservoir_New Melones,2019-10-23,15.772
Reservoir_New Melones,2019-10-24,16.48
Reservoir_New Melones,2019-10-25,15.801
Reservoir_New Melones,2019-10-26,15.744
Reservoir_New Melones,2019-10-27,3.426
Reservoir_New Melones,2019-10-28,12.346
Reservoir_New Melones,2019-10-29,11.667
Reservoir_New Melones,2019-10-30,16.367
Reservoir_New Melones,2019-10-31,7.929
Reservoir_New Melones,2019-11-01,13.111
Reservoir_New Melones,2019-11-02,16.084
Reservoir_New Melones,2019-11-03,12.997
Reservoir_New Melones,2019-11-04,12.374
Reservoir_New Melones,2019-11-05,14.47
Reservoir_New Melones,2019-11-06,13.167
Reservoir_New Melones,2019-11-07,18.066
Reservoir_New Melones,2019-11-08,13.875
Reservoir_New Melones,2019-11-09,11.667
Reservoir_New Melones,2019-11-10,12.969
Reservoir_New Melones,2019-11-11,11.61
Reservoir_New Melones,2019-11-12,15.829
Reservoir_New Melones,2019-11-13,8.212
Reservoir_New Melones,2019-11-14,14.215
Reservoir_New Melones,2019-11-15,9.656
Reservoir_New Melones,2019-11-16,8.24
Reservoir_New Melones,2019-11-17,9.543
Reservoir_New Melones,2019-11-18,11.836
Reservoir_New Melones,2019-11-19,5.777
Reservoir_New Melones,2019-11-20,9.996
Reservoir_New Melones,2019-11-21,12.629
Reservoir_New Melones,2019-11-22,17.528
Reservoir_New Melones,2019-11-23,27.297
Reservoir_New Melones,2019-11-24,26.929
Reservoir_New Melones,2019-11-25,26.929
Reservoir_New Melones,2019-11-26,33.782
Reservoir_New Melones,2019-11-27,35.538
Reservoir_New Melones,2019-11-28,34.858
Reservoir_New Melones,2019-11-29,29.846
Reservoir_New Melones,2019-11-30,31.488
Reservoir_New Melones,2019-12-01,72.576
Reservoir_New Melones,2019-12-02,114.315
Reservoir_New Melones,2019-12-03,46.525
Reservoir_New Melones,2019-12-04,39.219
Reservoir_New Melones,2019-12-05,40.21
Reservoir_New Melones,2019-12-06,33.414
Reservoir_New Melones,2019-12-07,50.036
Reservoir_New Melones,2019-12-08,65.95
Reservoir_New Melones,2019-12-09,36.869
Reservoir_New Melones,2019-12-10,30.412
Reservoir_New Melones,2019-12-11,15.461
Reservoir_New Melones,2019-12-12,22.908
Reservoir_New Melones,2019-12-13,27.184
Reservoir_New Melones,2019-12-14,41.541
Reservoir_New Melones,2019-12-15,38.737
Reservoir_New Melones,2019-12-16,31.432
Reservoir_New Melones,2019-12-17,32.848
Reservoir_New Melones,2019-12-18,30.611
Reservoir_New Melones,2019-12-19,34.348
Reservoir_New Melones,2019-12-20,27.949
Reservoir_New Melones,2019-12-21,28.628
Reservoir_New Melones,2019-12-22,35.396
Reservoir_New Melones,2019-12-23,38.369
Reservoir_New Melones,2019-12-24,32.706
Reservoir_New Melones,2019-12-25,33.612
Reservoir_New Melones,2019-12-26,29.818
Reservoir_New Melones,2019-12-27,33.895
Reservoir_New Melones,2019-12-28,31.347
Reservoir_New Melones,2019-12-29,28.798
Reservoir_New Melones,2019-12-30,29.223
Reservoir_New Melones,2019-12-31,33.839
Reservoir_Parker Dam,2019-01-01,233.897
Reservoir_Parker Dam,2019-01-02,233.048
Reservoir_Parker Dam,2019-01-03,236.446
Reservoir_Parker Dam,2019-01-04,263.064
Reservoir_Parker Dam,2019-01-05,286.0
Reservoir_Parker Dam,2019-01-06,263.347
Reservoir_Parker Dam,2019-01-07,248.622
Reservoir_Parker Dam,2019-01-08,173.016
Reservoir_Parker Dam,2019-01-09,199.067
Reservoir_Parker Dam,2019-01-10,241.26
Reservoir_Parker Dam,2019-01-11,221.438
Reservoir_Parker Dam,2019-01-12,220.305
Reservoir_Parker Dam,2019-01-13,172.166
Reservoir_Parker Dam,2019-01-14,166.503
Reservoir_Parker Dam,2019-01-15,156.309
Reservoir_Parker Dam,2019-01-16,145.549
Reservoir_Parker Dam,2019-01-17,124.877
Reservoir_Parker Dam,2019-01-18,124.311
Reservoir_Parker Dam,2019-01-19,124.311
Reservoir_Parker Dam,2019-01-20,153.194
Reservoir_Parker Dam,2019-01-21,144.982
Reservoir_Parker Dam,2019-01-22,144.133
Reservoir_Parker Dam,2019-01-23,154.893
Reservoir_Parker Dam,2019-01-24,143.85
Reservoir_Parker Dam,2019-01-25,143.85
Reservoir_Parker Dam,2019-01-26,156.309
Reservoir_Parker Dam,2019-01-27,161.123
Reservoir_Parker Dam,2019-01-28,157.442
Reservoir_Parker Dam,2019-01-29,144.416
Reservoir_Parker Dam,2019-01-30,144.699
Reservoir_Parker Dam,2019-01-31,325.644
Reservoir_Parker Dam,2019-02-01,325.644
Reservoir_Parker Dam,2019-02-02,257.4
Reservoir_Parker Dam,2019-02-03,256.267
Reservoir_Parker Dam,2019-02-04,269.86
Reservoir_Parker Dam,2019-02-05,280.337
Reservoir_Parker Dam,2019-02-06,317.149
Reservoir_Parker Dam,2019-02-07,342.634
Reservoir_Parker Dam,2019-02-08,280.903
Reservoir_Parker Dam,2019-02-09,328.475
Reservoir_Parker Dam,2019-02-10,328.475
Reservoir_Parker Dam,2019-02-11,305.822
Reservoir_Parker Dam,2019-02-12,237.862
Reservoir_Parker Dam,2019-02-13,238.145
Reservoir_Parker Dam,2019-02-14,240.976
Reservoir_Parker Dam,2019-02-15,288.832
Reservoir_Parker Dam,2019-02-16,236.446
Reservoir_Parker Dam,2019-02-17,229.65
Reservoir_Parker Dam,2019-02-18,259.382
Reservoir_Parker Dam,2019-02-19,256.834
Reservoir_Parker Dam,2019-02-20,196.236
Reservoir_Parker Dam,2019-02-21,258.25
Reservoir_Parker Dam,2019-02-22,237.012
Reservoir_Parker Dam,2019-02-23,208.978
Reservoir_Parker Dam,2019-02-24,210.961
Reservoir_Parker Dam,2019-02-25,233.614
Reservoir_Parker Dam,2019-02-26,238.711
Reservoir_Parker Dam,2019-02-27,210.961
Reservoir_Parker Dam,2019-02-28,238.994
Reservoir_Parker Dam,2019-03-01,245.507
Reservoir_Parker Dam,2019-03-02,247.206
Reservoir_Parker Dam,2019-03-03,247.206
Reservoir_Parker Dam,2019-03-04,246.64
Reservoir_Parker Dam,2019-03-05,246.923
Reservoir_Parker Dam,2019-03-06,263.347
Reservoir_Parker Dam,2019-03-07,259.665
Reservoir_Parker Dam,2019-03-08,260.798
Reservoir_Parker Dam,2019-03-09,272.408
Reservoir_Parker Dam,2019-03-10,305.822
Reservoir_Parker Dam,2019-03-11,317.149
Reservoir_Parker Dam,2019-03-12,314.317
Reservoir_Parker Dam,2019-03-13,314.317
Reservoir_Parker Dam,2019-03-14,300.159
Reservoir_Parker Dam,2019-03-15,279.487
Reservoir_Parker Dam,2019-03-16,300.159
Reservoir_Parker Dam,2019-03-17,300.159
Reservoir_Parker Dam,2019-03-18,272.125
Reservoir_Parker Dam,2019-03-19,294.495
Reservoir_Parker Dam,2019-03-20,334.139
Reservoir_Parker Dam,2019-03-21,305.822
Reservoir_Parker Dam,2019-03-22,288.832
Reservoir_Parker Dam,2019-03-23,297.327
Reservoir_Parker Dam,2019-03-24,317.149
Reservoir_Parker Dam,2019-03-25,328.475
Reservoir_Parker Dam,2019-03-26,348.297
Reservoir_Parker Dam,2019-03-27,348.297
Reservoir_Parker Dam,2019-03-28,336.97
Reservoir_Parker Dam,2019-03-29,370.951
Reservoir_Parker Dam,2019-03-30,373.782
Reservoir_Parker Dam,2019-03-31,373.782
Reservoir_Parker Dam,2019-04-01,317.149
Reservoir_Parker Dam,2019-04-02,319.98
Reservoir_Parker Dam,2019-04-03,317.149
Reservoir_Parker Dam,2019-04-04,334.139
Reservoir_Parker Dam,2019-04-05,356.792
Reservoir_Parker Dam,2019-04-06,413.426
Reservoir_Parker Dam,2019-04-07,413.426
Reservoir_Parker Dam,2019-04-08,413.426
Reservoir_Parker Dam,2019-04-09,356.792
Reservoir_Parker Dam,2019-04-10,387.941
Reservoir_Parker Dam,2019-04-11,385.109
Reservoir_Parker Dam,2019-04-12,385.109
Reservoir_Parker Dam,2019-04-13,385.109
Reservoir_Parker Dam,2019-04-14,404.931
Reservoir_Parker Dam,2019-04-15,404.931
Reservoir_Parker Dam,2019-04-16,407.763
Reservoir_Parker Dam,2019-04-17,348.297
Reservoir_Parker Dam,2019-04-18,351.129
Reservoir_Parker Dam,2019-04-19,416.258
Reservoir_Parker Dam,2019-04-20,402.099
Reservoir_Parker Dam,2019-04-21,404.931
Reservoir_Parker Dam,2019-04-22,404.931
Reservoir_Parker Dam,2019-04-23,410.594
Reservoir_Parker Dam,2019-04-24,382.277
Reservoir_Parker Dam,2019-04-25,387.941
Reservoir_Parker Dam,2019-04-26,387.941
Reservoir_Parker Dam,2019-04-27,404.931
Reservoir_Parker Dam,2019-04-28,351.129
Reservoir_Parker Dam,2019-04-29,345.466
Reservoir_Parker Dam,2019-04-30,385.109
Reservoir_Parker Dam,2019-05-01,376.614
Reservoir_Parker Dam,2019-05-02,424.753
Reservoir_Parker Dam,2019-05-03,461.565
Reservoir_Parker Dam,2019-05-04,373.782
Reservoir_Parker Dam,2019-05-05,450.238
Reservoir_Parker Dam,2019-05-06,421.921
Reservoir_Parker Dam,2019-05-07,438.911
Reservoir_Parker Dam,2019-05-08,436.079
Reservoir_Parker Dam,2019-05-09,436.079
Reservoir_Parker Dam,2019-05-10,433.248
Reservoir_Parker Dam,2019-05-11,433.248
Reservoir_Parker Dam,2019-05-12,433.248
Reservoir_Parker Dam,2019-05-13,416.258
Reservoir_Parker Dam,2019-05-14,416.258
Reservoir_Parker Dam,2019-05-15,424.753
Reservoir_Parker Dam,2019-05-16,436.079
Reservoir_Parker Dam,2019-05-17,461.565
Reservoir_Parker Dam,2019-05-18,441.743
Reservoir_Parker Dam,2019-05-19,430.416
Reservoir_Parker Dam,2019-05-20,421.921
Reservoir_Parker Dam,2019-05-21,421.921
Reservoir_Parker Dam,2019-05-22,404.931
Reservoir_Parker Dam,2019-05-23,393.604
Reservoir_Parker Dam,2019-05-24,419.089
Reservoir_Parker Dam,2019-05-25,421.921
Reservoir_Parker Dam,2019-05-26,421.921
Reservoir_Parker Dam,2019-05-27,438.911
Reservoir_Parker Dam,2019-05-28,450.238
Reservoir_Parker Dam,2019-05-29,407.763
Reservoir_Parker Dam,2019-05-30,404.931
Reservoir_Parker Dam,2019-05-31,407.763
Reservoir_Parker Dam,2019-06-01,402.099
Reservoir_Parker Dam,2019-06-02,419.089
Reservoir_Parker Dam,2019-06-03,399.268
Reservoir_Parker Dam,2019-06-04,396.436
Reservoir_Parker Dam,2019-06-05,419.089
Reservoir_Parker Dam,2019-06-06,387.941
Reservoir_Parker Dam,2019-06-07,413.426
Reservoir_Parker Dam,2019-06-08,416.258
Reservoir_Parker Dam,2019-06-09,402.099
Reservoir_Parker Dam,2019-06-10,438.911
Reservoir_Parker Dam,2019-06-11,447.406
Reservoir_Parker Dam,2019-06-12,441.743
Reservoir_Parker Dam,2019-06-13,438.911
Reservoir_Parker Dam,2019-06-14,487.05
Reservoir_Parker Dam,2019-06-15,458.733
Reservoir_Parker Dam,2019-06-16,458.733
Reservoir_Parker Dam,2019-06-17,407.763
Reservoir_Parker Dam,2019-06-18,399.268
Reservoir_Parker Dam,2019-06-19,407.763
Reservoir_Parker Dam,2019-06-20,404.931
Reservoir_Parker Dam,2019-06-21,393.604
Reservoir_Parker Dam,2019-06-22,407.763
Reservoir_Parker Dam,2019-06-23,421.921
Reservoir_Parker Dam,2019-06-24,404.931
Reservoir_Parker Dam,2019-06-25,399.268
Reservoir_Parker Dam,2019-06-26,393.604
Reservoir_Parker Dam,2019-06-27,475.723
Reservoir_Parker Dam,2019-06-28,461.565
Reservoir_Parker Dam,2019-06-29,436.079
Reservoir_Parker Dam,2019-06-30,444.574
Reservoir_Parker Dam,2019-07-01,407.763
Reservoir_Parker Dam,2019-07-02,410.594
Reservoir_Parker Dam,2019-07-03,410.594
Reservoir_Parker Dam,2019-07-04,407.763
Reservoir_Parker Dam,2019-07-05,407.763
Reservoir_Parker Dam,2019-07-06,407.763
Reservoir_Parker Dam,2019-07-07,407.763
Reservoir_Parker Dam,2019-07-08,396.436
Reservoir_Parker Dam,2019-07-09,396.436
Reservoir_Parker Dam,2019-07-10,413.426
Reservoir_Parker Dam,2019-07-11,427.584
Reservoir_Parker Dam,2019-07-12,424.753
Reservoir_Parker Dam,2019-07-13,390.772
Reservoir_Parker Dam,2019-07-14,410.594
Reservoir_Parker Dam,2019-07-15,453.07
Reservoir_Parker Dam,2019-07-16,447.406
Reservoir_Parker Dam,2019-07-17,413.426
Reservoir_Parker Dam,2019-07-18,438.911
Reservoir_Parker Dam,2019-07-19,472.891
Reservoir_Parker Dam,2019-07-20,472.891
Reservoir_Parker Dam,2019-07-21,472.891
Reservoir_Parker Dam,2019-07-22,385.109
Reservoir_Parker Dam,2019-07-23,447.406
Reservoir_Parker Dam,2019-07-24,450.238
Reservoir_Parker Dam,2019-07-25,450.238
Reservoir_Parker Dam,2019-07-26,450.238
Reservoir_Parker Dam,2019-07-27,450.238
Reservoir_Parker Dam,2019-07-28,424.753
Reservoir_Parker Dam,2019-07-29,387.941
Reservoir_Parker Dam,2019-07-30,379.446
Reservoir_Parker Dam,2019-07-31,362.456
Reservoir_Parker Dam,2019-08-01,376.614
Reservoir_Parker Dam,2019-08-02,376.614
Reservoir_Parker Dam,2019-08-03,382.277
Reservoir_Parker Dam,2019-08-04,382.277
Reservoir_Parker Dam,2019-08-05,393.604
Reservoir_Parker Dam,2019-08-06,393.604
Reservoir_Parker Dam,2019-08-07,382.277
Reservoir_Parker Dam,2019-08-08,402.099
Reservoir_Parker Dam,2019-08-09,399.268
Reservoir_Parker Dam,2019-08-10,370.951
Reservoir_Parker Dam,2019-08-11,368.119
Reservoir_Parker Dam,2019-08-12,387.941
Reservoir_Parker Dam,2019-08-13,379.446
Reservoir_Parker Dam,2019-08-14,376.614
Reservoir_Parker Dam,2019-08-15,373.782
Reservoir_Parker Dam,2019-08-16,410.594
Reservoir_Parker Dam,2019-08-17,419.089
Reservoir_Parker Dam,2019-08-18,416.258
Reservoir_Parker Dam,2019-08-19,404.931
Reservoir_Parker Dam,2019-08-20,376.614
Reservoir_Parker Dam,2019-08-21,376.614
Reservoir_Parker Dam,2019-08-22,390.772
Reservoir_Parker Dam,2019-08-23,390.772
Reservoir_Parker Dam,2019-08-24,390.772
Reservoir_Parker Dam,2019-08-25,382.277
Reservoir_Parker Dam,2019-08-26,385.109
Reservoir_Parker Dam,2019-08-27,390.772
Reservoir_Parker Dam,2019-08-28,368.119
Reservoir_Parker Dam,2019-08-29,370.951
Reservoir_Parker Dam,2019-08-30,390.772
Reservoir_Parker Dam,2019-08-31,399.268
Reservoir_Parker Dam,2019-09-01,402.099
Reservoir_Parker Dam,2019-09-02,404.931
Reservoir_Parker Dam,2019-09-03,424.753
Reservoir_Parker Dam,2019-09-04,436.079
Reservoir_Parker Dam,2019-09-05,404.931
Reservoir_Parker Dam,2019-09-06,404.931
Reservoir_Parker Dam,2019-09-07,407.763
Reservoir_Parker Dam,2019-09-08,385.109
Reservoir_Parker Dam,2019-09-09,413.426
Reservoir_Parker Dam,2019-09-10,458.733
Reservoir_Parker Dam,2019-09-11,447.406
Reservoir_Parker Dam,2019-09-12,453.07
Reservoir_Parker Dam,2019-09-13,427.584
Reservoir_Parker Dam,2019-09-14,453.07
Reservoir_Parker Dam,2019-09-15,385.109
Reservoir_Parker Dam,2019-09-16,402.099
Reservoir_Parker Dam,2019-09-17,402.099
Reservoir_Parker Dam,2019-09-18,390.772
Reservoir_Parker Dam,2019-09-19,390.772
Reservoir_Parker Dam,2019-09-20,387.941
Reservoir_Parker Dam,2019-09-21,390.772
Reservoir_Parker Dam,2019-09-22,390.772
Reservoir_Parker Dam,2019-09-23,396.436
Reservoir_Parker Dam,2019-09-24,402.099
Reservoir_Parker Dam,2019-09-25,376.614
Reservoir_Parker Dam,2019-09-26,294.495
Reservoir_Parker Dam,2019-09-27,240.693
Reservoir_Parker Dam,2019-09-28,265.046
Reservoir_Parker Dam,2019-09-29,331.307
Reservoir_Parker Dam,2019-09-30,286.0
Reservoir_Parker Dam,2019-10-01,222.57
Reservoir_Parker Dam,2019-10-02,198.501
Reservoir_Parker Dam,2019-10-03,237.012
Reservoir_Parker Dam,2019-10-04,342.634
Reservoir_Parker Dam,2019-10-05,353.961
Reservoir_Parker Dam,2019-10-06,356.792
Reservoir_Parker Dam,2019-10-07,353.961
Reservoir_Parker Dam,2019-10-08,288.832
Reservoir_Parker Dam,2019-10-09,297.327
Reservoir_Parker Dam,2019-10-10,291.664
Reservoir_Parker Dam,2019-10-11,291.664
Reservoir_Parker Dam,2019-10-12,291.664
Reservoir_Parker Dam,2019-10-13,288.832
Reservoir_Parker Dam,2019-10-14,297.327
Reservoir_Parker Dam,2019-10-15,300.159
Reservoir_Parker Dam,2019-10-16,263.064
Reservoir_Parker Dam,2019-10-17,261.364
Reservoir_Parker Dam,2019-10-18,273.541
Reservoir_Parker Dam,2019-10-19,273.541
Reservoir_Parker Dam,2019-10-20,283.168
Reservoir_Parker Dam,2019-10-21,273.824
Reservoir_Parker Dam,2019-10-22,274.107
Reservoir_Parker Dam,2019-10-23,274.39
Reservoir_Parker Dam,2019-10-24,273.541
Reservoir_Parker Dam,2019-10-25,325.644
Reservoir_Parker Dam,2019-10-26,322.812
Reservoir_Parker Dam,2019-10-27,319.98
Reservoir_Parker Dam,2019-10-28,308.654
Reservoir_Parker Dam,2019-10-29,255.984
Reservoir_Parker Dam,2019-10-30,256.551
Reservoir_Parker Dam,2019-10-31,256.834
Reservoir_Parker Dam,2019-11-01,317.149
Reservoir_Parker Dam,2019-11-02,317.149
Reservoir_Parker Dam,2019-11-03,305.822
Reservoir_Parker Dam,2019-11-04,308.654
Reservoir_Parker Dam,2019-11-05,206.996
Reservoir_Parker Dam,2019-11-06,203.598
Reservoir_Parker Dam,2019-11-07,204.448
Reservoir_Parker Dam,2019-11-08,228.8
Reservoir_Parker Dam,2019-11-09,257.683
Reservoir_Parker Dam,2019-11-10,257.683
Reservoir_Parker Dam,2019-11-11,248.905
Reservoir_Parker Dam,2019-11-12,248.622
Reservoir_Parker Dam,2019-11-13,248.339
Reservoir_Parker Dam,2019-11-14,263.913
Reservoir_Parker Dam,2019-11-15,266.178
Reservoir_Parker Dam,2019-11-16,265.329
Reservoir_Parker Dam,2019-11-17,252.02
Reservoir_Parker Dam,2019-11-18,248.339
Reservoir_Parker Dam,2019-11-19,247.772
Reservoir_Parker Dam,2019-11-20,233.897
Reservoir_Parker Dam,2019-11-21,222.287
Reservoir_Parker Dam,2019-11-22,169.052
Reservoir_Parker Dam,2019-11-23,176.697
Reservoir_Parker Dam,2019-11-24,176.697
Reservoir_Parker Dam,2019-11-25,176.98
Reservoir_Parker Dam,2019-11-26,163.105
Reservoir_Parker Dam,2019-11-27,141.018
Reservoir_Parker Dam,2019-11-28,140.452
Reservoir_Parker Dam,2019-11-29,158.858
Reservoir_Parker Dam,2019-11-30,158.291
Reservoir_Parker Dam,2019-12-01,136.204
Reservoir_Parker Dam,2019-12-02,132.806
Reservoir_Parker Dam,2019-12-03,128.842
Reservoir_Parker Dam,2019-12-04,96.844
Reservoir_Parker Dam,2019-12-05,78.438
Reservoir_Parker Dam,2019-12-06,78.438
Reservoir_Parker Dam,2019-12-07,79.004
Reservoir_Parker Dam,2019-12-08,79.004
Reservoir_Parker Dam,2019-12-09,133.089
Reservoir_Parker Dam,2019-12-10,158.008
Reservoir_Parker Dam,2019-12-11,112.701
Reservoir_Parker Dam,2019-12-12,133.656
Reservoir_Parker Dam,2019-12-13,133.939
Reservoir_Parker Dam,2019-12-14,134.788
Reservoir_Parker Dam,2019-12-15,133.372
Reservoir_Parker Dam,2019-12-16,133.656
Reservoir_Parker Dam,2019-12-17,133.372
Reservoir_Parker Dam,2019-12-18,133.372
Reservoir_Parker Dam,2019-12-19,129.691
Reservoir_Parker Dam,2019-12-20,128.842
Reservoir_Parker Dam,2019-12-21,128.842
Reservoir_Parker Dam,2019-12-22,128.558
Reservoir_Parker Dam,2019-12-23,145.549
Reservoir_Parker Dam,2019-12-24,127.992
Reservoir_Parker Dam,2019-12-25,144.699
Reservoir_Parker Dam,2019-12-26,127.992
Reservoir_Parker Dam,2019-12-27,127.992
Reservoir_Parker Dam,2019-12-28,127.992
Reservoir_Parker Dam,2019-12-29,127.992
Reservoir_Parker Dam,2019-12-30,127.709
Reservoir_Parker Dam,2019-12-31,127.143
Reservoir_Pine Flat,2019-01-02,22.71
Reservoir_Pine Flat,2019-01-03,20.445
Reservoir_Pine Flat,2019-01-04,17.698
Reservoir_Pine Flat,2019-01-05,21.832
Reservoir_Pine Flat,2019-01-06,24.069
Reservoir_Pine Flat,2019-01-07,25.542
Reservoir_Pine Flat,2019-01-08,33.839
Reservoir_Pine Flat,2019-01-09,28.6
Reservoir_Pine Flat,2019-01-10,30.611
Reservoir_Pine Flat,2019-01-11,29.818
Reservoir_Pine Flat,2019-01-12,24.692
Reservoir_Pine Flat,2019-01-13,18.123
Reservoir_Pine Flat,2019-01-14,18.746
Reservoir_Pine Flat,2019-01-15,19.171
Reservoir_Pine Flat,2019-01-16,20.048
Reservoir_Pine Flat,2019-01-17,27.694
Reservoir_Pine Flat,2019-01-18,120.035
Reservoir_Pine Flat,2019-01-19,72.888
Reservoir_Pine Flat,2019-01-20,52.075
Reservoir_Pine Flat,2019-01-21,43.353
Reservoir_Pine Flat,2019-01-22,53.859
Reservoir_Pine Flat,2019-01-23,37.237
Reservoir_Pine Flat,2019-01-24,32.196
Reservoir_Pine Flat,2019-01-25,32.394
Reservoir_Pine Flat,2019-01-26,35.0
Reservoir_Pine Flat,2019-01-27,27.156
Reservoir_Pine Flat,2019-01-28,28.798
Reservoir_Pine Flat,2019-01-29,29.365
Reservoir_Pine Flat,2019-01-30,29.45
Reservoir_Pine Flat,2019-01-31,28.572
Reservoir_Pine Flat,2019-02-01,28.657
Reservoir_Pine Flat,2019-02-02,29.166
Reservoir_Pine Flat,2019-02-03,109.586
Reservoir_Pine Flat,2019-02-04,127.681
Reservoir_Pine Flat,2019-02-05,138.13
Reservoir_Pine Flat,2019-02-06,105.225
Reservoir_Pine Flat,2019-02-07,71.132
Reservoir_Pine Flat,2019-02-08,74.36
Reservoir_Pine Flat,2019-02-09,61.901
Reservoir_Pine Flat,2019-02-10,64.874
Reservoir_Pine Flat,2019-02-11,76.625
Reservoir_Pine Flat,2019-02-12,60.711
Reservoir_Pine Flat,2019-02-13,59.295
Reservoir_Pine Flat,2019-02-14,94.408
Reservoir_Pine Flat,2019-02-15,317.772
Reservoir_Pine Flat,2019-02-16,248.31
Reservoir_Pine Flat,2019-02-17,161.349
Reservoir_Pine Flat,2019-02-18,131.928
Reservoir_Pine Flat,2019-02-19,105.169
Reservoir_Pine Flat,2019-02-20,91.463
Reservoir_Pine Flat,2019-02-21,87.018
Reservoir_Pine Flat,2019-02-22,78.976
Reservoir_Pine Flat,2019-02-23,69.093
Reservoir_Pine Flat,2019-02-24,67.536
Reservoir_Pine Flat,2019-02-25,62.382
Reservoir_Pine Flat,2019-02-26,57.115
Reservoir_Pine Flat,2019-02-27,64.506
Reservoir_Pine Flat,2019-02-28,64.251
Reservoir_Pine Flat,2019-03-01,81.354
Reservoir_Pine Flat,2019-03-02,80.278
Reservoir_Pine Flat,2019-03-03,175.933
Reservoir_Pine Flat,2019-03-04,197.029
Reservoir_Pine Flat,2019-03-05,138.611
Reservoir_Pine Flat,2019-03-06,136.94
Reservoir_Pine Flat,2019-03-07,237.437
Reservoir_Pine Flat,2019-03-08,208.667
Reservoir_Pine Flat,2019-03-09,164.323
Reservoir_Pine Flat,2019-03-10,141.216
Reservoir_Pine Flat,2019-03-11,128.7
Reservoir_Pine Flat,2019-03-12,117.005
Reservoir_Pine Flat,2019-03-13,107.802
Reservoir_Pine Flat,2019-03-14,98.656
Reservoir_Pine Flat,2019-03-15,92.766
Reservoir_Pine Flat,2019-03-16,91.435
Reservoir_Pine Flat,2019-03-17,79.372
Reservoir_Pine Flat,2019-03-18,78.891
Reservoir_Pine Flat,2019-03-19,78.494
Reservoir_Pine Flat,2019-03-20,81.807
Reservoir_Pine Flat,2019-03-21,104.064
Reservoir_Pine Flat,2019-03-22,94.748
Reservoir_Pine Flat,2019-03-23,84.639
Reservoir_Pine Flat,2019-03-24,78.862
Reservoir_Pine Flat,2019-03-25,76.172
Reservoir_Pine Flat,2019-03-26,76.852
Reservoir_Pine Flat,2019-03-27,79.854
Reservoir_Pine Flat,2019-03-28,79.57
Reservoir_Pine Flat,2019-03-29,88.405
Reservoir_Pine Flat,2019-03-30,81.099
Reservoir_Pine Flat,2019-03-31,74.275
Reservoir_Pine Flat,2019-04-01,78.891
Reservoir_Pine Flat,2019-04-02,85.149
Reservoir_Pine Flat,2019-04-03,105.707
Reservoir_Pine Flat,2019-04-04,102.365
Reservoir_Pine Flat,2019-04-05,96.957
Reservoir_Pine Flat,2019-04-06,90.84
Reservoir_Pine Flat,2019-04-07,88.802
Reservoir_Pine Flat,2019-04-08,90.529
Reservoir_Pine Flat,2019-04-09,108.878
Reservoir_Pine Flat,2019-04-10,121.224
Reservoir_Pine Flat,2019-04-11,127.058
Reservoir_Pine Flat,2019-04-12,118.761
Reservoir_Pine Flat,2019-04-13,114.117
Reservoir_Pine Flat,2019-04-14,110.322
Reservoir_Pine Flat,2019-04-15,120.771
Reservoir_Pine Flat,2019-04-16,140.82
Reservoir_Pine Flat,2019-04-17,132.693
Reservoir_Pine Flat,2019-04-18,124.509
Reservoir_Pine Flat,2019-04-19,145.379
Reservoir_Pine Flat,2019-04-20,176.159
Reservoir_Pine Flat,2019-04-21,182.36
Reservoir_Pine Flat,2019-04-22,167.098
Reservoir_Pine Flat,2019-04-23,163.02
Reservoir_Pine Flat,2019-04-24,188.534
Reservoir_Pine Flat,2019-04-25,221.919
Reservoir_Pine Flat,2019-04-26,270.143
Reservoir_Pine Flat,2019-04-27,301.291
Reservoir_Pine Flat,2019-04-28,302.084
Reservoir_Pine Flat,2019-04-29,286.51
Reservoir_Pine Flat,2019-04-30,276.825
Reservoir_Pine Flat,2019-05-01,241.401
Reservoir_Pine Flat,2019-05-02,239.645
Reservoir_Pine Flat,2019-05-03,235.624
Reservoir_Pine Flat,2019-05-04,252.473
Reservoir_Pine Flat,2019-05-05,252.473
Reservoir_Pine Flat,2019-05-06,272.521
Reservoir_Pine Flat,2019-05-07,280.592
Reservoir_Pine Flat,2019-05-08,267.849
Reservoir_Pine Flat,2019-05-09,287.982
Reservoir_Pine Flat,2019-05-10,311.089
Reservoir_Pine Flat,2019-05-11,292.57
Reservoir_Pine Flat,2019-05-12,259.326
Reservoir_Pine Flat,2019-05-13,262.61
Reservoir_Pine Flat,2019-05-14,292.173
Reservoir_Pine Flat,2019-05-15,308.965
Reservoir_Pine Flat,2019-05-16,324.143
Reservoir_Pine Flat,2019-05-17,324.539
Reservoir_Pine Flat,2019-05-18,244.374
Reservoir_Pine Flat,2019-05-19,220.758
Reservoir_Pine Flat,2019-05-20,224.326
Reservoir_Pine Flat,2019-05-21,186.636
Reservoir_Pine Flat,2019-05-22,171.628
Reservoir_Pine Flat,2019-05-23,160.925
Reservoir_Pine Flat,2019-05-24,155.856
Reservoir_Pine Flat,2019-05-25,153.506
Reservoir_Pine Flat,2019-05-26,159.396
Reservoir_Pine Flat,2019-05-27,179.019
Reservoir_Pine Flat,2019-05-28,161.802
Reservoir_Pine Flat,2019-05-29,162.142
Reservoir_Pine Flat,2019-05-30,175.366
Reservoir_Pine Flat,2019-05-31,201.389
Reservoir_Pine Flat,2019-06-01,220.022
Reservoir_Pine Flat,2019-06-02,227.724
Reservoir_Pine Flat,2019-06-03,228.29
Reservoir_Pine Flat,2019-06-04,247.008
Reservoir_Pine Flat,2019-06-05,289.993
Reservoir_Pine Flat,2019-06-06,362.71
Reservoir_Pine Flat,2019-06-07,411.415
Reservoir_Pine Flat,2019-06-08,392.981
Reservoir_Pine Flat,2019-06-09,364.863
Reservoir_Pine Flat,2019-06-10,369.507
Reservoir_Pine Flat,2019-06-11,383.523
Reservoir_Pine Flat,2019-06-12,395.105
Reservoir_Pine Flat,2019-06-13,420.562
Reservoir_Pine Flat,2019-06-14,480.48
Reservoir_Pine Flat,2019-06-15,468.729
Reservoir_Pine Flat,2019-06-16,466.095
Reservoir_Pine Flat,2019-06-17,468.247
Reservoir_Pine Flat,2019-06-18,422.771
Reservoir_Pine Flat,2019-06-19,409.801
Reservoir_Pine Flat,2019-06-20,437.269
Reservoir_Pine Flat,2019-06-21,443.498
Reservoir_Pine Flat,2019-06-22,415.663
Reservoir_Pine Flat,2019-06-23,364.948
Reservoir_Pine Flat,2019-06-24,345.777
Reservoir_Pine Flat,2019-06-25,346.004
Reservoir_Pine Flat,2019-06-26,340.85
Reservoir_Pine Flat,2019-06-27,321.198
Reservoir_Pine Flat,2019-06-28,304.661
Reservoir_Pine Flat,2019-06-29,278.44
Reservoir_Pine Flat,2019-06-30,259.637
Reservoir_Pine Flat,2019-07-01,264.564
Reservoir_Pine Flat,2019-07-02,270.596
Reservoir_Pine Flat,2019-07-03,257.372
Reservoir_Pine Flat,2019-07-04,246.442
Reservoir_Pine Flat,2019-07-05,230.811
Reservoir_Pine Flat,2019-07-06,222.231
Reservoir_Pine Flat,2019-07-07,230.018
Reservoir_Pine Flat,2019-07-08,234.718
Reservoir_Pine Flat,2019-07-09,218.153
Reservoir_Pine Flat,2019-07-10,207.902
Reservoir_Pine Flat,2019-07-11,216.624
Reservoir_Pine Flat,2019-07-12,223.562
Reservoir_Pine Flat,2019-07-13,218.804
Reservoir_Pine Flat,2019-07-14,212.291
Reservoir_Pine Flat,2019-07-15,192.356
Reservoir_Pine Flat,2019-07-16,180.293
Reservoir_Pine Flat,2019-07-17,169.873
Reservoir_Pine Flat,2019-07-18,169.561
Reservoir_Pine Flat,2019-07-19,162.822
Reservoir_Pine Flat,2019-07-20,159.707
Reservoir_Pine Flat,2019-07-21,158.461
Reservoir_Pine Flat,2019-07-22,152.741
Reservoir_Pine Flat,2019-07-23,146.851
Reservoir_Pine Flat,2019-07-24,126.378
Reservoir_Pine Flat,2019-07-25,125.783
Reservoir_Pine Flat,2019-07-26,133.74
Reservoir_Pine Flat,2019-07-27,135.015
Reservoir_Pine Flat,2019-07-28,137.903
Reservoir_Pine Flat,2019-07-29,122.385
Reservoir_Pine Flat,2019-07-30,119.554
Reservoir_Pine Flat,2019-07-31,102.28
Reservoir_Pine Flat,2019-08-01,101.941
Reservoir_Pine Flat,2019-08-02,93.757
Reservoir_Pine Flat,2019-08-03,82.77
Reservoir_Pine Flat,2019-08-04,85.234
Reservoir_Pine Flat,2019-08-05,76.937
Reservoir_Pine Flat,2019-08-06,83.903
Reservoir_Pine Flat,2019-08-07,82.997
Reservoir_Pine Flat,2019-08-08,80.052
Reservoir_Pine Flat,2019-08-09,79.315
Reservoir_Pine Flat,2019-08-10,77.532
Reservoir_Pine Flat,2019-08-11,68.13
Reservoir_Pine Flat,2019-08-12,69.376
Reservoir_Pine Flat,2019-08-13,66.743
Reservoir_Pine Flat,2019-08-14,62.948
Reservoir_Pine Flat,2019-08-15,56.747
Reservoir_Pine Flat,2019-08-16,63.968
Reservoir_Pine Flat,2019-08-17,63.09
Reservoir_Pine Flat,2019-08-18,60.994
Reservoir_Pine Flat,2019-08-19,59.635
Reservoir_Pine Flat,2019-08-20,60.315
Reservoir_Pine Flat,2019-08-21,59.522
Reservoir_Pine Flat,2019-08-22,58.389
Reservoir_Pine Flat,2019-08-23,56.237
Reservoir_Pine Flat,2019-08-24,55.926
Reservoir_Pine Flat,2019-08-25,53.434
Reservoir_Pine Flat,2019-08-26,55.444
Reservoir_Pine Flat,2019-08-27,55.161
Reservoir_Pine Flat,2019-08-28,47.799
Reservoir_Pine Flat,2019-08-29,53.236
Reservoir_Pine Flat,2019-08-30,48.422
Reservoir_Pine Flat,2019-08-31,49.951
Reservoir_Pine Flat,2019-09-01,43.834
Reservoir_Pine Flat,2019-09-02,35.028
Reservoir_Pine Flat,2019-09-03,31.772
Reservoir_Pine Flat,2019-09-04,36.699
Reservoir_Pine Flat,2019-09-05,37.463
Reservoir_Pine Flat,2019-09-06,37.293
Reservoir_Pine Flat,2019-09-07,40.748
Reservoir_Pine Flat,2019-09-08,32.026
Reservoir_Pine Flat,2019-09-09,31.63
Reservoir_Pine Flat,2019-09-10,30.695
Reservoir_Pine Flat,2019-09-11,29.365
Reservoir_Pine Flat,2019-09-12,25.938
Reservoir_Pine Flat,2019-09-13,32.508
Reservoir_Pine Flat,2019-09-14,32.168
Reservoir_Pine Flat,2019-09-15,24.975
Reservoir_Pine Flat,2019-09-16,16.226
Reservoir_Pine Flat,2019-09-17,19.199
Reservoir_Pine Flat,2019-09-18,17.613
Reservoir_Pine Flat,2019-09-19,15.659
Reservoir_Pine Flat,2019-09-20,15.093
Reservoir_Pine Flat,2019-09-21,15.574
Reservoir_Pine Flat,2019-09-22,15.404
Reservoir_Pine Flat,2019-09-23,13.592
Reservoir_Pine Flat,2019-09-24,13.507
Reservoir_Pine Flat,2019-09-25,14.215
Reservoir_Pine Flat,2019-09-26,15.489
Reservoir_Pine Flat,2019-09-27,14.328
Reservoir_Pine Flat,2019-09-28,13.479
Reservoir_Pine Flat,2019-09-29,11.298
Reservoir_Pine Flat,2019-09-30,13.139
Reservoir_Pine Flat,2019-10-01,24.692
Reservoir_Pine Flat,2019-10-02,23.333
Reservoir_Pine Flat,2019-10-03,24.466
Reservoir_Pine Flat,2019-10-04,22.484
Reservoir_Pine Flat,2019-10-05,22.2
Reservoir_Pine Flat,2019-10-06,23.361
Reservoir_Pine Flat,2019-10-07,23.39
Reservoir_Pine Flat,2019-10-08,22.993
Reservoir_Pine Flat,2019-10-09,25.655
Reservoir_Pine Flat,2019-10-10,21.691
Reservoir_Pine Flat,2019-10-11,24.154
Reservoir_Pine Flat,2019-10-12,21.068
Reservoir_Pine Flat,2019-10-13,23.078
Reservoir_Pine Flat,2019-10-14,24.692
Reservoir_Pine Flat,2019-10-15,21.747
Reservoir_Pine Flat,2019-10-16,27.043
Reservoir_Pine Flat,2019-10-17,27.439
Reservoir_Pine Flat,2019-10-18,22.993
Reservoir_Pine Flat,2019-10-19,19.199
Reservoir_Pine Flat,2019-10-20,17.358
Reservoir_Pine Flat,2019-10-21,17.245
Reservoir_Pine Flat,2019-10-22,22.172
Reservoir_Pine Flat,2019-10-23,22.257
Reservoir_Pine Flat,2019-10-24,22.342
Reservoir_Pine Flat,2019-10-25,23.446
Reservoir_Pine Flat,2019-10-26,24.013
Reservoir_Pine Flat,2019-10-27,21.606
Reservoir_Pine Flat,2019-10-28,20.558
Reservoir_Pine Flat,2019-10-29,20.643
Reservoir_Pine Flat,2019-10-30,25.145
Reservoir_Pine Flat,2019-10-31,26.646
Reservoir_Pine Flat,2019-11-01,26.108
Reservoir_Pine Flat,2019-11-02,27.666
Reservoir_Pine Flat,2019-11-03,27.411
Reservoir_Pine Flat,2019-11-04,30.384
Reservoir_Pine Flat,2019-11-05,30.611
Reservoir_Pine Flat,2019-11-06,28.855
Reservoir_Pine Flat,2019-11-07,26.051
Reservoir_Pine Flat,2019-11-08,25.202
Reservoir_Pine Flat,2019-11-09,22.399
Reservoir_Pine Flat,2019-11-10,23.361
Reservoir_Pine Flat,2019-11-11,17.585
Reservoir_Pine Flat,2019-11-12,19.199
Reservoir_Pine Flat,2019-11-13,20.756
Reservoir_Pine Flat,2019-11-14,20.728
Reservoir_Pine Flat,2019-11-15,17.726
Reservoir_Pine Flat,2019-11-16,16.594
Reservoir_Pine Flat,2019-11-17,14.611
Reservoir_Pine Flat,2019-11-18,14.13
Reservoir_Pine Flat,2019-11-19,19.255
Reservoir_Pine Flat,2019-11-20,20.388
Reservoir_Pine Flat,2019-11-21,21.606
Reservoir_Pine Flat,2019-11-22,22.031
Reservoir_Pine Flat,2019-11-23,28.204
Reservoir_Pine Flat,2019-11-24,23.843
Reservoir_Pine Flat,2019-11-25,22.314
Reservoir_Pine Flat,2019-11-26,18.661
Reservoir_Pine Flat,2019-11-27,19.142
Reservoir_Pine Flat,2019-11-28,30.695
Reservoir_Pine Flat,2019-11-29,24.806
Reservoir_Pine Flat,2019-11-30,28.26
Reservoir_Pine Flat,2019-12-01,29.733
Reservoir_Pine Flat,2019-12-02,31.432
Reservoir_Pine Flat,2019-12-03,37.916
Reservoir_Pine Flat,2019-12-04,36.982
Reservoir_Pine Flat,2019-12-05,43.466
Reservoir_Pine Flat,2019-12-06,38.341
Reservoir_Pine Flat,2019-12-07,33.754
Reservoir_Pine Flat,2019-12-08,35.056
Reservoir_Pine Flat,2019-12-09,66.092
Reservoir_Pine Flat,2019-12-10,44.797
Reservoir_Pine Flat,2019-12-11,43.976
Reservoir_Pine Flat,2019-12-12,40.125
Reservoir_Pine Flat,2019-12-13,35.906
Reservoir_Pine Flat,2019-12-14,37.945
Reservoir_Pine Flat,2019-12-15,38.511
Reservoir_Pine Flat,2019-12-16,31.488
Reservoir_Pine Flat,2019-12-17,36.982
Reservoir_Pine Flat,2019-12-18,32.734
Reservoir_Pine Flat,2019-12-19,37.661
Reservoir_Pine Flat,2019-12-20,35.538
Reservoir_Pine Flat,2019-12-21,33.131
Reservoir_Pine Flat,2019-12-22,29.789
Reservoir_Pine Flat,2019-12-23,30.611
Reservoir_Pine Flat,2019-12-24,36.784
Reservoir_Pine Flat,2019-12-25,39.219
Reservoir_Pine Flat,2019-12-26,27.835
Reservoir_Pine Flat,2019-12-27,30.611
Reservoir_Pine Flat,2019-12-28,31.205
Reservoir_Pine Flat,2019-12-29,30.412
Reservoir_Pine Flat,2019-12-30,33.244
Reservoir_Pine Flat,2019-12-31,36.189
Reservoir_R C Kirkwood,2019-01-01,0.949
Reservoir_R C Kirkwood,2019-01-02,1.237
Reservoir_R C Kirkwood,2019-01-03,1.119
Reservoir_R C Kirkwood,2019-01-04,1.136
Reservoir_R C Kirkwood,2019-01-05,1.178
Reservoir_R C Kirkwood,2019-01-06,1.305
Reservoir_R C Kirkwood,2019-01-07,1.64
Reservoir_R C Kirkwood,2019-01-08,1.926
Reservoir_R C Kirkwood,2019-01-09,2.973
Reservoir_R C Kirkwood,2019-01-10,2.684
Reservoir_R C Kirkwood,2019-01-11,2.209
Reservoir_R C Kirkwood,2019-01-12,2.033
Reservoir_R C Kirkwood,2019-01-13,1.9
Reservoir_R C Kirkwood,2019-01-14,1.951
Reservoir_R C Kirkwood,2019-01-15,2.016
Reservoir_R C Kirkwood,2019-01-16,3.37
Reservoir_R C Kirkwood,2019-01-17,12.601
Reservoir_R C Kirkwood,2019-01-18,5.947
Reservoir_R C Kirkwood,2019-01-19,5.125
Reservoir_R C Kirkwood,2019-01-20,5.21
Reservoir_R C Kirkwood,2019-01-21,6.031
Reservoir_R C Kirkwood,2019-01-22,4.927
Reservoir_R C Kirkwood,2019-01-23,4.559
Reservoir_R C Kirkwood,2019-01-24,4.531
Reservoir_R C Kirkwood,2019-01-25,4.332
Reservoir_R C Kirkwood,2019-01-26,4.219
Reservoir_R C Kirkwood,2019-01-27,4.559
Reservoir_R C Kirkwood,2019-01-28,4.984
Reservoir_R C Kirkwood,2019-01-29,4.842
Reservoir_R C Kirkwood,2019-01-30,4.587
Reservoir_R C Kirkwood,2019-01-31,4.616
Reservoir_R C Kirkwood,2019-02-01,4.757
Reservoir_R C Kirkwood,2019-02-02,14.696
Reservoir_R C Kirkwood,2019-02-03,11.497
Reservoir_R C Kirkwood,2019-02-04,9.345
Reservoir_R C Kirkwood,2019-02-05,7.9
Reservoir_R C Kirkwood,2019-02-06,7.306
Reservoir_R C Kirkwood,2019-02-07,6.796
Reservoir_R C Kirkwood,2019-02-08,6.258
Reservoir_R C Kirkwood,2019-02-09,5.975
Reservoir_R C Kirkwood,2019-02-10,5.692
Reservoir_R C Kirkwood,2019-02-11,5.522
Reservoir_R C Kirkwood,2019-02-12,5.352
Reservoir_R C Kirkwood,2019-02-13,10.647
Reservoir_R C Kirkwood,2019-02-14,36.812
Reservoir_R C Kirkwood,2019-02-15,17.698
Reservoir_R C Kirkwood,2019-02-16,12.431
Reservoir_R C Kirkwood,2019-02-17,10.166
Reservoir_R C Kirkwood,2019-02-18,8.523
Reservoir_R C Kirkwood,2019-02-19,7.589
Reservoir_R C Kirkwood,2019-02-20,7.164
Reservoir_R C Kirkwood,2019-02-21,6.626
Reservoir_R C Kirkwood,2019-02-22,6.201
Reservoir_R C Kirkwood,2019-02-23,5.918
Reservoir_R C Kirkwood,2019-02-24,5.89
Reservoir_R C Kirkwood,2019-02-25,5.833
Reservoir_R C Kirkwood,2019-02-26,6.116
Reservoir_R C Kirkwood,2019-02-27,7.136
Reservoir_R C Kirkwood,2019-02-28,7.277
Reservoir_R C Kirkwood,2019-03-01,6.909
Reservoir_R C Kirkwood,2019-03-02,11.072
Reservoir_R C Kirkwood,2019-03-03,10.619
Reservoir_R C Kirkwood,2019-03-04,9.854
Reservoir_R C Kirkwood,2019-03-05,10.449
Reservoir_R C Kirkwood,2019-03-06,12.828
Reservoir_R C Kirkwood,2019-03-07,10.902
Reservoir_R C Kirkwood,2019-03-08,8.92
Reservoir_R C Kirkwood,2019-03-09,7.561
Reservoir_R C Kirkwood,2019-03-10,6.909
Reservoir_R C Kirkwood,2019-03-11,6.286
Reservoir_R C Kirkwood,2019-03-12,6.145
Reservoir_R C Kirkwood,2019-03-13,5.918
Reservoir_R C Kirkwood,2019-03-14,5.663
Reservoir_R C Kirkwood,2019-03-15,5.805
Reservoir_R C Kirkwood,2019-03-16,6.23
Reservoir_R C Kirkwood,2019-03-17,7.079
Reservoir_R C Kirkwood,2019-03-18,7.815
Reservoir_R C Kirkwood,2019-03-19,8.523
Reservoir_R C Kirkwood,2019-03-20,9.486
Reservoir_R C Kirkwood,2019-03-21,8.325
Reservoir_R C Kirkwood,2019-03-22,7.589
Reservoir_R C Kirkwood,2019-03-23,7.844
Reservoir_R C Kirkwood,2019-03-24,6.994
Reservoir_R C Kirkwood,2019-03-25,6.796
Reservoir_R C Kirkwood,2019-03-26,7.079
Reservoir_R C Kirkwood,2019-03-27,9.458
Reservoir_R C Kirkwood,2019-03-28,9.514
Reservoir_R C Kirkwood,2019-03-29,7.957
Reservoir_R C Kirkwood,2019-03-30,7.674
Reservoir_R C Kirkwood,2019-03-31,8.269
Reservoir_R C Kirkwood,2019-04-01,9.798
Reservoir_R C Kirkwood,2019-04-02,13.932
Reservoir_R C Kirkwood,2019-04-03,12.035
Reservoir_R C Kirkwood,2019-04-04,12.233
Reservoir_R C Kirkwood,2019-04-05,12.148
Reservoir_R C Kirkwood,2019-04-06,10.647
Reservoir_R C Kirkwood,2019-04-07,12.912
Reservoir_R C Kirkwood,2019-04-08,18.661
Reservoir_R C Kirkwood,2019-04-09,23.531
Reservoir_R C Kirkwood,2019-04-10,17.783
Reservoir_R C Kirkwood,2019-04-11,15.376
Reservoir_R C Kirkwood,2019-04-12,13.309
Reservoir_R C Kirkwood,2019-04-13,13.762
Reservoir_R C Kirkwood,2019-04-14,18.236
Reservoir_R C Kirkwood,2019-04-15,22.257
Reservoir_R C Kirkwood,2019-04-16,19.114
Reservoir_R C Kirkwood,2019-04-17,17.556
Reservoir_R C Kirkwood,2019-04-18,24.522
Reservoir_R C Kirkwood,2019-04-19,31.998
Reservoir_R C Kirkwood,2019-04-20,34.547
Reservoir_R C Kirkwood,2019-04-21,30.582
Reservoir_R C Kirkwood,2019-04-22,31.715
Reservoir_R C Kirkwood,2019-04-23,36.529
Reservoir_R C Kirkwood,2019-04-24,47.855
Reservoir_R C Kirkwood,2019-04-25,60.598
Reservoir_R C Kirkwood,2019-04-26,68.81
Reservoir_R C Kirkwood,2019-04-27,69.093
Reservoir_R C Kirkwood,2019-04-28,65.695
Reservoir_R C Kirkwood,2019-04-29,63.713
Reservoir_R C Kirkwood,2019-04-30,59.749
Reservoir_R C Kirkwood,2019-05-01,47.572
Reservoir_R C Kirkwood,2019-05-02,46.723
Reservoir_R C Kirkwood,2019-05-03,51.537
Reservoir_R C Kirkwood,2019-05-04,58.899
Reservoir_R C Kirkwood,2019-05-05,62.58
Reservoir_R C Kirkwood,2019-05-06,65.129
Reservoir_R C Kirkwood,2019-05-07,71.075
Reservoir_R C Kirkwood,2019-05-08,77.588
Reservoir_R C Kirkwood,2019-05-09,77.588
Reservoir_R C Kirkwood,2019-05-10,65.978
Reservoir_R C Kirkwood,2019-05-11,60.032
Reservoir_R C Kirkwood,2019-05-12,71.925
Reservoir_R C Kirkwood,2019-05-13,83.818
Reservoir_R C Kirkwood,2019-05-14,86.083
Reservoir_R C Kirkwood,2019-05-15,80.986
Reservoir_R C Kirkwood,2019-05-16,65.129
Reservoir_R C Kirkwood,2019-05-17,48.139
Reservoir_R C Kirkwood,2019-05-18,39.927
Reservoir_R C Kirkwood,2019-05-19,36.812
Reservoir_R C Kirkwood,2019-05-20,30.582
Reservoir_R C Kirkwood,2019-05-21,29.45
Reservoir_R C Kirkwood,2019-05-22,27.496
Reservoir_R C Kirkwood,2019-05-23,26.193
Reservoir_R C Kirkwood,2019-05-24,26.901
Reservoir_R C Kirkwood,2019-05-25,33.98
Reservoir_R C Kirkwood,2019-05-26,33.697
Reservoir_R C Kirkwood,2019-05-27,28.204
Reservoir_R C Kirkwood,2019-05-28,31.432
Reservoir_R C Kirkwood,2019-05-29,42.475
Reservoir_R C Kirkwood,2019-05-30,53.519
Reservoir_R C Kirkwood,2019-05-31,60.032
Reservoir_R C Kirkwood,2019-06-01,56.634
Reservoir_R C Kirkwood,2019-06-02,60.598
Reservoir_R C Kirkwood,2019-06-03,83.818
Reservoir_R C Kirkwood,2019-06-04,105.622
Reservoir_R C Kirkwood,2019-06-05,128.275
Reservoir_R C Kirkwood,2019-06-06,131.673
Reservoir_R C Kirkwood,2019-06-07,122.329
Reservoir_R C Kirkwood,2019-06-08,102.224
Reservoir_R C Kirkwood,2019-06-09,94.578
Reservoir_R C Kirkwood,2019-06-10,100.525
Reservoir_R C Kirkwood,2019-06-11,113.551
Reservoir_R C Kirkwood,2019-06-12,131.673
Reservoir_R C Kirkwood,2019-06-13,132.523
Reservoir_R C Kirkwood,2019-06-14,126.01
Reservoir_R C Kirkwood,2019-06-15,124.311
Reservoir_R C Kirkwood,2019-06-16,120.347
Reservoir_R C Kirkwood,2019-06-17,116.949
Reservoir_R C Kirkwood,2019-06-18,112.135
Reservoir_R C Kirkwood,2019-06-19,117.232
Reservoir_R C Kirkwood,2019-06-20,117.515
Reservoir_R C Kirkwood,2019-06-21,101.941
Reservoir_R C Kirkwood,2019-06-22,79.57
Reservoir_R C Kirkwood,2019-06-23,73.624
Reservoir_R C Kirkwood,2019-06-24,78.721
Reservoir_R C Kirkwood,2019-06-25,75.606
Reservoir_R C Kirkwood,2019-06-26,68.81
Reservoir_R C Kirkwood,2019-06-27,62.014
Reservoir_R C Kirkwood,2019-06-28,51.82
Reservoir_R C Kirkwood,2019-06-29,45.024
Reservoir_R C Kirkwood,2019-06-30,53.236
Reservoir_R C Kirkwood,2019-07-01,56.351
Reservoir_R C Kirkwood,2019-07-02,55.501
Reservoir_R C Kirkwood,2019-07-03,52.669
Reservoir_R C Kirkwood,2019-07-04,48.705
Reservoir_R C Kirkwood,2019-07-05,48.139
Reservoir_R C Kirkwood,2019-07-06,52.103
Reservoir_R C Kirkwood,2019-07-07,49.838
Reservoir_R C Kirkwood,2019-07-08,42.192
Reservoir_R C Kirkwood,2019-07-09,42.192
Reservoir_R C Kirkwood,2019-07-10,43.608
Reservoir_R C Kirkwood,2019-07-11,44.741
Reservoir_R C Kirkwood,2019-07-12,45.873
Reservoir_R C Kirkwood,2019-07-13,43.042
Reservoir_R C Kirkwood,2019-07-14,35.962
Reservoir_R C Kirkwood,2019-07-15,32.848
Reservoir_R C Kirkwood,2019-07-16,28.883
Reservoir_R C Kirkwood,2019-07-17,27.184
Reservoir_R C Kirkwood,2019-07-18,26.788
Reservoir_R C Kirkwood,2019-07-19,27.014
Reservoir_R C Kirkwood,2019-07-20,25.485
Reservoir_R C Kirkwood,2019-07-21,25.457
Reservoir_R C Kirkwood,2019-07-22,23.701
Reservoir_R C Kirkwood,2019-07-23,22.512
Reservoir_R C Kirkwood,2019-07-24,22.54
Reservoir_R C Kirkwood,2019-07-25,30.016
Reservoir_R C Kirkwood,2019-07-26,33.98
Reservoir_R C Kirkwood,2019-07-27,25.202
Reservoir_R C Kirkwood,2019-07-28,19.199
Reservoir_R C Kirkwood,2019-07-29,17.443
Reservoir_R C Kirkwood,2019-07-30,14.583
Reservoir_R C Kirkwood,2019-07-31,12.601
Reservoir_R C Kirkwood,2019-08-01,11.298
Reservoir_R C Kirkwood,2019-08-02,10.392
Reservoir_R C Kirkwood,2019-08-03,9.798
Reservoir_R C Kirkwood,2019-08-04,9.005
Reservoir_R C Kirkwood,2019-08-05,8.184
Reservoir_R C Kirkwood,2019-08-06,7.815
Reservoir_R C Kirkwood,2019-08-07,7.759
Reservoir_R C Kirkwood,2019-08-08,8.099
Reservoir_R C Kirkwood,2019-08-09,7.561
Reservoir_R C Kirkwood,2019-08-10,6.739
Reservoir_R C Kirkwood,2019-08-11,5.975
Reservoir_R C Kirkwood,2019-08-12,5.437
Reservoir_R C Kirkwood,2019-08-13,5.069
Reservoir_R C Kirkwood,2019-08-14,4.899
Reservoir_R C Kirkwood,2019-08-15,4.814
Reservoir_R C Kirkwood,2019-08-16,4.842
Reservoir_R C Kirkwood,2019-08-17,4.786
Reservoir_R C Kirkwood,2019-08-18,4.531
Reservoir_R C Kirkwood,2019-08-19,4.219
Reservoir_R C Kirkwood,2019-08-20,4.134
Reservoir_R C Kirkwood,2019-08-21,3.823
Reservoir_R C Kirkwood,2019-08-22,3.596
Reservoir_R C Kirkwood,2019-08-23,3.483
Reservoir_R C Kirkwood,2019-08-24,3.511
Reservoir_R C Kirkwood,2019-08-25,3.766
Reservoir_R C Kirkwood,2019-08-26,3.766
Reservoir_R C Kirkwood,2019-08-27,3.511
Reservoir_R C Kirkwood,2019-08-28,3.398
Reservoir_R C Kirkwood,2019-08-29,3.143
Reservoir_R C Kirkwood,2019-08-30,3.03
Reservoir_R C Kirkwood,2019-08-31,2.73
Reservoir_R C Kirkwood,2019-09-01,2.415
Reservoir_R C Kirkwood,2019-09-02,2.195
Reservoir_R C Kirkwood,2019-09-03,2.107
Reservoir_R C Kirkwood,2019-09-04,2.441
Reservoir_R C Kirkwood,2019-09-05,2.319
Reservoir_R C Kirkwood,2019-09-06,2.401
Reservoir_R C Kirkwood,2019-09-07,2.379
Reservoir_R C Kirkwood,2019-09-08,2.345
Reservoir_R C Kirkwood,2019-09-09,2.087
Reservoir_R C Kirkwood,2019-09-10,1.821
Reservoir_R C Kirkwood,2019-09-11,1.589
Reservoir_R C Kirkwood,2019-09-12,1.419
Reservoir_R C Kirkwood,2019-09-13,1.274
Reservoir_R C Kirkwood,2019-09-14,1.152
Reservoir_R C Kirkwood,2019-09-15,1.065
Reservoir_R C Kirkwood,2019-09-16,1.042
Reservoir_R C Kirkwood,2019-09-17,1.065
Reservoir_R C Kirkwood,2019-09-18,1.0
Reservoir_R C Kirkwood,2019-09-19,0.951
Reservoir_R C Kirkwood,2019-09-20,0.903
Reservoir_R C Kirkwood,2019-09-21,0.858
Reservoir_R C Kirkwood,2019-09-22,0.81
Reservoir_R C Kirkwood,2019-09-23,0.759
Reservoir_R C Kirkwood,2019-09-24,0.711
Reservoir_R C Kirkwood,2019-09-25,0.66
Reservoir_R C Kirkwood,2019-09-26,0.606
Reservoir_R C Kirkwood,2019-09-27,0.575
Reservoir_R C Kirkwood,2019-09-28,0.561
Reservoir_R C Kirkwood,2019-09-29,0.569
Reservoir_R C Kirkwood,2019-09-30,0.637
Reservoir_R C Kirkwood,2019-10-01,0.674
Reservoir_R C Kirkwood,2019-10-02,0.64
Reservoir_R C Kirkwood,2019-10-03,0.617
Reservoir_R C Kirkwood,2019-10-04,0.6
Reservoir_R C Kirkwood,2019-10-05,0.555
Reservoir_R C Kirkwood,2019-10-06,0.527
Reservoir_R C Kirkwood,2019-10-07,0.501
Reservoir_R C Kirkwood,2019-10-08,0.476
Reservoir_R C Kirkwood,2019-10-09,0.459
Reservoir_R C Kirkwood,2019-10-10,0.445
Reservoir_R C Kirkwood,2019-10-11,0.43
Reservoir_R C Kirkwood,2019-10-12,0.408
Reservoir_R C Kirkwood,2019-10-13,0.396
Reservoir_R C Kirkwood,2019-10-14,0.391
Reservoir_R C Kirkwood,2019-10-15,0.379
Reservoir_R C Kirkwood,2019-10-16,0.374
Reservoir_R C Kirkwood,2019-10-17,0.368
Reservoir_R C Kirkwood,2019-10-18,0.365
Reservoir_R C Kirkwood,2019-10-19,0.36
Reservoir_R C Kirkwood,2019-10-20,0.351
Reservoir_R C Kirkwood,2019-10-21,0.354
Reservoir_R C Kirkwood,2019-10-22,0.351
Reservoir_R C Kirkwood,2019-10-23,0.34
Reservoir_R C Kirkwood,2019-10-24,0.326
Reservoir_R C Kirkwood,2019-10-25,0.317
Reservoir_R C Kirkwood,2019-10-26,0.306
Reservoir_R C Kirkwood,2019-10-27,0.294
Reservoir_R C Kirkwood,2019-10-28,0.283
Reservoir_R C Kirkwood,2019-10-29,0.278
Reservoir_R C Kirkwood,2019-10-30,0.254
Reservoir_R C Kirkwood,2019-10-31,0.262
Reservoir_R C Kirkwood,2019-11-01,0.253
Reservoir_R C Kirkwood,2019-11-02,0.271
Reservoir_R C Kirkwood,2019-11-03,0.289
Reservoir_R C Kirkwood,2019-11-04,0.289
Reservoir_R C Kirkwood,2019-11-05,0.286
Reservoir_R C Kirkwood,2019-11-06,0.281
Reservoir_R C Kirkwood,2019-11-07,0.276
Reservoir_R C Kirkwood,2019-11-08,0.274
Reservoir_R C Kirkwood,2019-11-09,0.266
Reservoir_R C Kirkwood,2019-11-10,0.26
Reservoir_R C Kirkwood,2019-11-11,0.253
Reservoir_R C Kirkwood,2019-11-12,0.254
Reservoir_R C Kirkwood,2019-11-13,0.266
Reservoir_R C Kirkwood,2019-11-14,0.265
Reservoir_R C Kirkwood,2019-11-15,0.26
Reservoir_R C Kirkwood,2019-11-16,0.264
Reservoir_R C Kirkwood,2019-11-17,0.259
Reservoir_R C Kirkwood,2019-11-18,0.248
Reservoir_R C Kirkwood,2019-11-19,0.249
Reservoir_R C Kirkwood,2019-11-20,0.252
Reservoir_R C Kirkwood,2019-11-21,0.251
Reservoir_R C Kirkwood,2019-11-22,0.238
Reservoir_R C Kirkwood,2019-11-23,0.255
Reservoir_R C Kirkwood,2019-11-24,0.283
Reservoir_R C Kirkwood,2019-11-25,0.23
Reservoir_R C Kirkwood,2019-11-26,0.219
Reservoir_R C Kirkwood,2019-11-27,0.251
Reservoir_R C Kirkwood,2019-11-28,0.264
Reservoir_R C Kirkwood,2019-11-29,0.276
Reservoir_R C Kirkwood,2019-11-30,0.265
Reservoir_R C Kirkwood,2019-12-01,0.997
Reservoir_R C Kirkwood,2019-12-02,1.47
Reservoir_R C Kirkwood,2019-12-03,1.065
Reservoir_R C Kirkwood,2019-12-04,1.359
Reservoir_R C Kirkwood,2019-12-05,1.427
Reservoir_R C Kirkwood,2019-12-06,1.11
Reservoir_R C Kirkwood,2019-12-07,1.909
Reservoir_R C Kirkwood,2019-12-08,2.682
Reservoir_R C Kirkwood,2019-12-09,1.467
Reservoir_R C Kirkwood,2019-12-10,1.254
Reservoir_R C Kirkwood,2019-12-11,1.212
Reservoir_R C Kirkwood,2019-12-12,1.427
Reservoir_R C Kirkwood,2019-12-13,2.308
Reservoir_R C Kirkwood,2019-12-14,2.86
Reservoir_R C Kirkwood,2019-12-15,2.053
Reservoir_R C Kirkwood,2019-12-16,1.577
Reservoir_R C Kirkwood,2019-12-17,1.594
Reservoir_R C Kirkwood,2019-12-18,1.515
Reservoir_R C Kirkwood,2019-12-19,1.388
Reservoir_R C Kirkwood,2019-12-20,1.345
Reservoir_R C Kirkwood,2019-12-21,1.328
Reservoir_R C Kirkwood,2019-12-22,1.328
Reservoir_R C Kirkwood,2019-12-23,1.444
Reservoir_R C Kirkwood,2019-12-24,1.6
Reservoir_R C Kirkwood,2019-12-25,1.475
Reservoir_R C Kirkwood,2019-12-26,1.424
Reservoir_R C Kirkwood,2019-12-27,1.237
Reservoir_R C Kirkwood,2019-12-28,1.288
Reservoir_R C Kirkwood,2019-12-29,1.345
Reservoir_R C Kirkwood,2019-12-30,1.305
Reservoir_R C Kirkwood,2019-12-31,1.271
Reservoir_Shasta,2019-01-01,121.819
Reservoir_Shasta,2019-01-02,114.032
Reservoir_Shasta,2019-01-03,88.49
Reservoir_Shasta,2019-01-04,116.326
Reservoir_Shasta,2019-01-05,244.827
Reservoir_Shasta,2019-01-06,213.339
Reservoir_Shasta,2019-01-07,221.976
Reservoir_Shasta,2019-01-08,183.068
Reservoir_Shasta,2019-01-09,781.856
Reservoir_Shasta,2019-01-10,634.411
Reservoir_Shasta,2019-01-11,372.395
Reservoir_Shasta,2019-01-12,293.363
Reservoir_Shasta,2019-01-13,251.68
Reservoir_Shasta,2019-01-14,226.45
Reservoir_Shasta,2019-01-15,310.523
Reservoir_Shasta,2019-01-16,737.484
Reservoir_Shasta,2019-01-17,940.487
Reservoir_Shasta,2019-01-18,561.438
Reservoir_Shasta,2019-01-19,551.018
Reservoir_Shasta,2019-01-20,831.666
Reservoir_Shasta,2019-01-21,632.853
Reservoir_Shasta,2019-01-22,441.007
Reservoir_Shasta,2019-01-23,416.739
Reservoir_Shasta,2019-01-24,365.174
Reservoir_Shasta,2019-01-25,264.961
Reservoir_Shasta,2019-01-26,278.298
Reservoir_Shasta,2019-01-27,275.58
Reservoir_Shasta,2019-01-28,213.169
Reservoir_Shasta,2019-01-29,186.353
Reservoir_Shasta,2019-01-30,196.434
Reservoir_Shasta,2019-01-31,196.547
Reservoir_Shasta,2019-02-01,259.071
Reservoir_Shasta,2019-02-02,451.682
Reservoir_Shasta,2019-02-03,422.799
Reservoir_Shasta,2019-02-04,429.708
Reservoir_Shasta,2019-02-05,421.468
Reservoir_Shasta,2019-02-06,334.677
Reservoir_Shasta,2019-02-07,318.791
Reservoir_Shasta,2019-02-08,261.166
Reservoir_Shasta,2019-02-09,285.717
Reservoir_Shasta,2019-02-10,219.625
Reservoir_Shasta,2019-02-11,240.976
Reservoir_Shasta,2019-02-12,262.242
Reservoir_Shasta,2019-02-13,435.145
Reservoir_Shasta,2019-02-14,771.436
Reservoir_Shasta,2019-02-15,718.228
Reservoir_Shasta,2019-02-16,624.67
Reservoir_Shasta,2019-02-17,553.566
Reservoir_Shasta,2019-02-18,468.927
Reservoir_Shasta,2019-02-19,397.597
Reservoir_Shasta,2019-02-20,380.777
Reservoir_Shasta,2019-02-21,511.572
Reservoir_Shasta,2019-02-22,306.445
Reservoir_Shasta,2019-02-23,306.445
Reservoir_Shasta,2019-02-24,318.989
Reservoir_Shasta,2019-02-25,776.844
Reservoir_Shasta,2019-02-26,2055.718
Reservoir_Shasta,2019-02-27,2541.522
Reservoir_Shasta,2019-02-28,1445.122
Reservoir_Shasta,2019-03-01,915.682
Reservoir_Shasta,2019-03-02,771.492
Reservoir_Shasta,2019-03-03,663.719
Reservoir_Shasta,2019-03-04,696.396
Reservoir_Shasta,2019-03-05,681.7
Reservoir_Shasta,2019-03-06,1376.595
Reservoir_Shasta,2019-03-07,1467.011
Reservoir_Shasta,2019-03-08,1030.28
Reservoir_Shasta,2019-03-09,829.231
Reservoir_Shasta,2019-03-10,739.24
Reservoir_Shasta,2019-03-11,670.401
Reservoir_Shasta,2019-03-12,551.301
Reservoir_Shasta,2019-03-13,535.16
Reservoir_Shasta,2019-03-14,428.292
Reservoir_Shasta,2019-03-15,436.674
Reservoir_Shasta,2019-03-16,349.402
Reservoir_Shasta,2019-03-17,388.337
Reservoir_Shasta,2019-03-18,348.552
Reservoir_Shasta,2019-03-19,322.699
Reservoir_Shasta,2019-03-20,456.807
Reservoir_Shasta,2019-03-21,406.715
Reservoir_Shasta,2019-03-22,410.566
Reservoir_Shasta,2019-03-23,434.182
Reservoir_Shasta,2019-03-24,424.215
Reservoir_Shasta,2019-03-25,481.755
Reservoir_Shasta,2019-03-26,565.487
Reservoir_Shasta,2019-03-27,802.414
Reservoir_Shasta,2019-03-28,904.808
Reservoir_Shasta,2019-03-29,912.765
Reservoir_Shasta,2019-03-30,709.139
Reservoir_Shasta,2019-03-31,622.999
Reservoir_Shasta,2019-04-01,544.108
Reservoir_Shasta,2019-04-02,578.541
Reservoir_Shasta,2019-04-03,609.52
Reservoir_Shasta,2019-04-04,578.711
Reservoir_Shasta,2019-04-05,809.72
Reservoir_Shasta,2019-04-06,900.646
Reservoir_Shasta,2019-04-07,1089.915
Reservoir_Shasta,2019-04-08,1369.204
Reservoir_Shasta,2019-04-09,1377.983
Reservoir_Shasta,2019-04-10,1030.337
Reservoir_Shasta,2019-04-11,884.647
Reservoir_Shasta,2019-04-12,807.625
Reservoir_Shasta,2019-04-13,691.186
Reservoir_Shasta,2019-04-14,644.067
Reservoir_Shasta,2019-04-15,649.645
Reservoir_Shasta,2019-04-16,533.093
Reservoir_Shasta,2019-04-17,462.018
Reservoir_Shasta,2019-04-18,473.373
Reservoir_Shasta,2019-04-19,475.525
Reservoir_Shasta,2019-04-20,480.169
Reservoir_Shasta,2019-04-21,441.771
Reservoir_Shasta,2019-04-22,420.845
Reservoir_Shasta,2019-04-23,449.19
Reservoir_Shasta,2019-04-24,420.42
Reservoir_Shasta,2019-04-25,433.701
Reservoir_Shasta,2019-04-26,438.203
Reservoir_Shasta,2019-04-27,397.427
Reservoir_Shasta,2019-04-28,391.594
Reservoir_Shasta,2019-04-29,388.734
Reservoir_Shasta,2019-04-30,336.178
Reservoir_Shasta,2019-05-01,359.284
Reservoir_Shasta,2019-05-02,301.008
Reservoir_Shasta,2019-05-03,332.072
Reservoir_Shasta,2019-05-04,245.705
Reservoir_Shasta,2019-05-05,256.211
Reservoir_Shasta,2019-05-06,245.819
Reservoir_Shasta,2019-05-07,266.065
Reservoir_Shasta,2019-05-08,267.311
Reservoir_Shasta,2019-05-09,314.544
Reservoir_Shasta,2019-05-10,323.378
Reservoir_Shasta,2019-05-11,235.511
Reservoir_Shasta,2019-05-12,253.153
Reservoir_Shasta,2019-05-13,226.506
Reservoir_Shasta,2019-05-14,243.213
Reservoir_Shasta,2019-05-15,325.332
Reservoir_Shasta,2019-05-16,542.126
Reservoir_Shasta,2019-05-17,375.85
Reservoir_Shasta,2019-05-18,434.635
Reservoir_Shasta,2019-05-19,451.144
Reservoir_Shasta,2019-05-20,339.038
Reservoir_Shasta,2019-05-21,369.62
Reservoir_Shasta,2019-05-22,362.937
Reservoir_Shasta,2019-05-23,342.521
Reservoir_Shasta,2019-05-24,333.629
Reservoir_Shasta,2019-05-25,301.32
Reservoir_Shasta,2019-05-26,359.312
Reservoir_Shasta,2019-05-27,337.905
Reservoir_Shasta,2019-05-28,252.558
Reservoir_Shasta,2019-05-29,249.924
Reservoir_Shasta,2019-05-30,305.227
Reservoir_Shasta,2019-05-31,332.751
Reservoir_Shasta,2019-06-01,258.165
Reservoir_Shasta,2019-06-02,268.727
Reservoir_Shasta,2019-06-03,269.718
Reservoir_Shasta,2019-06-04,243.44
Reservoir_Shasta,2019-06-05,244.544
Reservoir_Shasta,2019-06-06,245.847
Reservoir_Shasta,2019-06-07,255.276
Reservoir_Shasta,2019-06-08,195.131
Reservoir_Shasta,2019-06-09,162.34
Reservoir_Shasta,2019-06-10,231.235
Reservoir_Shasta,2019-06-11,202.069
Reservoir_Shasta,2019-06-12,222.627
Reservoir_Shasta,2019-06-13,197.737
Reservoir_Shasta,2019-06-14,156.536
Reservoir_Shasta,2019-06-15,155.205
Reservoir_Shasta,2019-06-16,146.964
Reservoir_Shasta,2019-06-17,170.807
Reservoir_Shasta,2019-06-18,341.161
Reservoir_Shasta,2019-06-19,195.953
Reservoir_Shasta,2019-06-20,187.911
Reservoir_Shasta,2019-06-21,126.605
Reservoir_Shasta,2019-06-22,122.244
Reservoir_Shasta,2019-06-23,135.864
Reservoir_Shasta,2019-06-24,160.783
Reservoir_Shasta,2019-06-25,165.739
Reservoir_Shasta,2019-06-26,152.231
Reservoir_Shasta,2019-06-27,138.583
Reservoir_Shasta,2019-06-28,141.499
Reservoir_Shasta,2019-06-29,144.189
Reservoir_Shasta,2019-06-30,131.56
Reservoir_Shasta,2019-07-01,97.127
Reservoir_Shasta,2019-07-02,100.298
Reservoir_Shasta,2019-07-03,113.041
Reservoir_Shasta,2019-07-04,131.617
Reservoir_Shasta,2019-07-05,137.195
Reservoir_Shasta,2019-07-06,133.882
Reservoir_Shasta,2019-07-07,143.538
Reservoir_Shasta,2019-07-08,131.758
Reservoir_Shasta,2019-07-09,97.212
Reservoir_Shasta,2019-07-10,124.226
Reservoir_Shasta,2019-07-11,129.55
Reservoir_Shasta,2019-07-12,126.18
Reservoir_Shasta,2019-07-13,128.417
Reservoir_Shasta,2019-07-14,116.694
Reservoir_Shasta,2019-07-15,113.805
Reservoir_Shasta,2019-07-16,119.95
Reservoir_Shasta,2019-07-17,129.833
Reservoir_Shasta,2019-07-18,146.37
Reservoir_Shasta,2019-07-19,121.083
Reservoir_Shasta,2019-07-20,107.519
Reservoir_Shasta,2019-07-21,74.841
Reservoir_Shasta,2019-07-22,109.218
Reservoir_Shasta,2019-07-23,97.636
Reservoir_Shasta,2019-07-24,107.066
Reservoir_Shasta,2019-07-25,120.12
Reservoir_Shasta,2019-07-26,113.494
Reservoir_Shasta,2019-07-27,132.778
Reservoir_Shasta,2019-07-28,114.145
Reservoir_Shasta,2019-07-29,119.299
Reservoir_Shasta,2019-07-30,103.866
Reservoir_Shasta,2019-07-31,112.021
Reservoir_Shasta,2019-08-01,101.771
Reservoir_Shasta,2019-08-02,93.615
Reservoir_Shasta,2019-08-03,112.956
Reservoir_Shasta,2019-08-04,93.247
Reservoir_Shasta,2019-08-05,143.595
Reservoir_Shasta,2019-08-06,120.63
Reservoir_Shasta,2019-08-07,118.506
Reservoir_Shasta,2019-08-08,100.468
Reservoir_Shasta,2019-08-09,80.108
Reservoir_Shasta,2019-08-10,133.797
Reservoir_Shasta,2019-08-11,89.283
Reservoir_Shasta,2019-08-12,97.948
Reservoir_Shasta,2019-08-13,73.539
Reservoir_Shasta,2019-08-15,147.786
Reservoir_Shasta,2019-08-16,144.614
Reservoir_Shasta,2019-08-17,102.96
Reservoir_Shasta,2019-08-18,71.925
Reservoir_Shasta,2019-08-19,93.531
Reservoir_Shasta,2019-08-20,91.973
Reservoir_Shasta,2019-08-21,97.665
Reservoir_Shasta,2019-08-22,102.875
Reservoir_Shasta,2019-08-23,115.703
Reservoir_Shasta,2019-08-24,98.826
Reservoir_Shasta,2019-08-25,113.862
Reservoir_Shasta,2019-08-26,121.989
Reservoir_Shasta,2019-08-27,138.016
Reservoir_Shasta,2019-08-28,70.254
Reservoir_Shasta,2019-08-29,65.695
Reservoir_Shasta,2019-08-30,84.837
Reservoir_Shasta,2019-08-31,123.093
Reservoir_Shasta,2019-09-01,112.276
Reservoir_Shasta,2019-09-02,103.753
Reservoir_Shasta,2019-09-03,117.26
Reservoir_Shasta,2019-09-04,111.115
Reservoir_Shasta,2019-09-05,158.829
Reservoir_Shasta,2019-09-06,141.499
Reservoir_Shasta,2019-09-07,130.257
Reservoir_Shasta,2019-09-08,105.962
Reservoir_Shasta,2019-09-09,87.782
Reservoir_Shasta,2019-09-10,94.38
Reservoir_Shasta,2019-09-11,103.753
Reservoir_Shasta,2019-09-12,65.695
Reservoir_Shasta,2019-09-13,49.101
Reservoir_Shasta,2019-09-14,45.307
Reservoir_Shasta,2019-09-15,77.22
Reservoir_Shasta,2019-09-16,111.795
Reservoir_Shasta,2019-09-17,97.778
Reservoir_Shasta,2019-09-18,142.066
Reservoir_Shasta,2019-09-19,127.114
Reservoir_Shasta,2019-09-20,53.491
Reservoir_Shasta,2019-09-21,73.454
Reservoir_Shasta,2019-09-22,62.977
Reservoir_Shasta,2019-09-23,70.254
Reservoir_Shasta,2019-09-24,101.657
Reservoir_Shasta,2019-09-25,104.489
Reservoir_Shasta,2019-09-26,144.926
Reservoir_Shasta,2019-09-27,134.335
Reservoir_Shasta,2019-09-28,114.4
Reservoir_Shasta,2019-09-29,86.451
Reservoir_Shasta,2019-09-30,137.252
Reservoir_Shasta,2019-10-01,117.741
Reservoir_Shasta,2019-10-02,65.157
Reservoir_Shasta,2019-10-03,73.312
Reservoir_Shasta,2019-10-04,92.766
Reservoir_Shasta,2019-10-05,70.113
Reservoir_Shasta,2019-10-06,73.709
Reservoir_Shasta,2019-10-07,124.566
Reservoir_Shasta,2019-10-08,98.429
Reservoir_Shasta,2019-10-09,130.456
Reservoir_Shasta,2019-10-10,111.059
Reservoir_Shasta,2019-10-11,123.716
Reservoir_Shasta,2019-10-12,68.81
Reservoir_Shasta,2019-10-13,73.426
Reservoir_Shasta,2019-10-14,131.277
Reservoir_Shasta,2019-10-15,109.275
Reservoir_Shasta,2019-10-16,133.542
Reservoir_Shasta,2019-10-17,140.083
Reservoir_Shasta,2019-10-18,196.236
Reservoir_Shasta,2019-10-19,220.588
Reservoir_Shasta,2019-10-20,170.949
Reservoir_Shasta,2019-10-21,96.391
Reservoir_Shasta,2019-10-22,57.993
Reservoir_Shasta,2019-10-23,76.314
Reservoir_Shasta,2019-10-24,97.24
Reservoir_Shasta,2019-10-25,117.628
Reservoir_Shasta,2019-10-26,120.262
Reservoir_Shasta,2019-10-27,48.847
Reservoir_Shasta,2019-10-28,105.056
Reservoir_Shasta,2019-10-29,135.836
Reservoir_Shasta,2019-10-30,106.16
Reservoir_Shasta,2019-10-31,65.214
Reservoir_Shasta,2019-11-01,52.981
Reservoir_Shasta,2019-11-02,66.799
Reservoir_Shasta,2019-11-03,74.19
Reservoir_Shasta,2019-11-04,82.515
Reservoir_Shasta,2019-11-05,65.072
Reservoir_Shasta,2019-11-06,61.448
Reservoir_Shasta,2019-11-07,61.334
Reservoir_Shasta,2019-11-08,71.812
Reservoir_Shasta,2019-11-09,115.533
Reservoir_Shasta,2019-11-10,113.211
Reservoir_Shasta,2019-11-11,102.45
Reservoir_Shasta,2019-11-12,105.99
Reservoir_Shasta,2019-11-13,101.912
Reservoir_Shasta,2019-11-14,102.734
Reservoir_Shasta,2019-11-15,98.599
Reservoir_Shasta,2019-11-16,90.019
Reservoir_Shasta,2019-11-17,96.136
Reservoir_Shasta,2019-11-18,102.564
Reservoir_Shasta,2019-11-19,103.64
Reservoir_Shasta,2019-11-20,122.216
Reservoir_Shasta,2019-11-21,112.503
Reservoir_Shasta,2019-11-22,98.996
Reservoir_Shasta,2019-11-23,112.021
Reservoir_Shasta,2019-11-24,91.18
Reservoir_Shasta,2019-11-25,82.883
Reservoir_Shasta,2019-11-26,152.911
Reservoir_Shasta,2019-11-27,165.427
Reservoir_Shasta,2019-11-28,132.608
Reservoir_Shasta,2019-11-29,116.949
Reservoir_Shasta,2019-11-30,133.231
Reservoir_Shasta,2019-12-01,148.862
Reservoir_Shasta,2019-12-02,93.672
Reservoir_Shasta,2019-12-03,109.445
Reservoir_Shasta,2019-12-04,84.101
Reservoir_Shasta,2019-12-05,127.681
Reservoir_Shasta,2019-12-06,164.634
Reservoir_Shasta,2019-12-07,575.455
Reservoir_Shasta,2019-12-08,388.62
Reservoir_Shasta,2019-12-09,198.218
Reservoir_Shasta,2019-12-10,181.228
Reservoir_Shasta,2019-12-11,158.489
Reservoir_Shasta,2019-12-12,196.264
Reservoir_Shasta,2019-12-13,273.965
Reservoir_Shasta,2019-12-14,219.654
Reservoir_Shasta,2019-12-15,179.897
Reservoir_Shasta,2019-12-16,171.402
Reservoir_Shasta,2019-12-17,148.578
Reservoir_Shasta,2019-12-18,196.802
Reservoir_Shasta,2019-12-19,178.368
Reservoir_Shasta,2019-12-20,151.58
Reservoir_Shasta,2019-12-21,166.531
Reservoir_Shasta,2019-12-22,245.564
Reservoir_Shasta,2019-12-23,224.184
Reservoir_Shasta,2019-12-24,189.61
Reservoir_Shasta,2019-12-25,202.465
Reservoir_Shasta,2019-12-26,165.71
Reservoir_Shasta,2019-12-27,181.738
Reservoir_Shasta,2019-12-28,146.313
Reservoir_Shasta,2019-12-29,155.941
Reservoir_Shasta,2019-12-30,131.985
Reservoir_Shasta,2019-12-31,144.473
Reservoir_Spring Creek,2019-01-01,8.637
Reservoir_Spring Creek,2019-01-02,12.063
Reservoir_Spring Creek,2019-01-03,6.966
Reservoir_Spring Creek,2019-01-04,7.362
Reservoir_Spring Creek,2019-01-05,15.801
Reservoir_Spring Creek,2019-01-06,14.98
Reservoir_Spring Creek,2019-01-07,11.582
Reservoir_Spring Creek,2019-01-08,23.446
Reservoir_Spring Creek,2019-01-09,73.227
Reservoir_Spring Creek,2019-01-10,40.012
Reservoir_Spring Creek,2019-01-11,22.002
Reservoir_Spring Creek,2019-01-12,22.455
Reservoir_Spring Creek,2019-01-13,12.658
Reservoir_Spring Creek,2019-01-14,12.346
Reservoir_Spring Creek,2019-01-15,21.719
Reservoir_Spring Creek,2019-01-16,113.607
Reservoir_Spring Creek,2019-01-17,113.834
Reservoir_Spring Creek,2019-01-18,51.82
Reservoir_Spring Creek,2019-01-19,47.487
Reservoir_Spring Creek,2019-01-20,58.021
Reservoir_Spring Creek,2019-01-21,42.758
Reservoir_Spring Creek,2019-01-22,30.894
Reservoir_Spring Creek,2019-01-23,24.437
Reservoir_Spring Creek,2019-01-24,19.878
Reservoir_Spring Creek,2019-01-25,15.489
Reservoir_Spring Creek,2019-01-26,13.167
Reservoir_Spring Creek,2019-01-27,12.176
Reservoir_Spring Creek,2019-01-28,9.373
Reservoir_Spring Creek,2019-01-29,9.968
Reservoir_Spring Creek,2019-01-30,9.231
Reservoir_Spring Creek,2019-01-31,10.449
Reservoir_Spring Creek,2019-02-01,21.039
Reservoir_Spring Creek,2019-02-02,86.819
Reservoir_Spring Creek,2019-02-03,66.856
Reservoir_Spring Creek,2019-02-04,52.924
Reservoir_Spring Creek,2019-02-05,33.697
Reservoir_Spring Creek,2019-02-06,25.315
Reservoir_Spring Creek,2019-02-07,23.701
Reservoir_Spring Creek,2019-02-08,17.103
Reservoir_Spring Creek,2019-02-09,17.33
Reservoir_Spring Creek,2019-02-10,13.451
Reservoir_Spring Creek,2019-02-11,12.374
Reservoir_Spring Creek,2019-02-12,17.868
Reservoir_Spring Creek,2019-02-13,34.235
Reservoir_Spring Creek,2019-02-14,72.095
Reservoir_Spring Creek,2019-02-15,56.775
Reservoir_Spring Creek,2019-02-16,42.475
Reservoir_Spring Creek,2019-02-17,35.226
Reservoir_Spring Creek,2019-02-18,25.598
Reservoir_Spring Creek,2019-02-19,24.975
Reservoir_Spring Creek,2019-02-20,22.031
Reservoir_Spring Creek,2019-02-21,19.454
Reservoir_Spring Creek,2019-02-22,17.387
Reservoir_Spring Creek,2019-02-23,18.236
Reservoir_Spring Creek,2019-02-24,20.643
Reservoir_Spring Creek,2019-02-25,96.447
Reservoir_Spring Creek,2019-02-26,210.479
Reservoir_Spring Creek,2019-02-27,342.237
Reservoir_Spring Creek,2019-02-28,172.393
Reservoir_Spring Creek,2019-03-01,94.918
Reservoir_Spring Creek,2019-03-02,67.875
Reservoir_Spring Creek,2019-03-03,48.139
Reservoir_Spring Creek,2019-03-04,48.592
Reservoir_Spring Creek,2019-03-05,48.309
Reservoir_Spring Creek,2019-03-06,130.484
Reservoir_Spring Creek,2019-03-07,91.492
Reservoir_Spring Creek,2019-03-08,65.667
Reservoir_Spring Creek,2019-03-09,62.24
Reservoir_Spring Creek,2019-03-10,51.735
Reservoir_Spring Creek,2019-03-11,52.301
Reservoir_Spring Creek,2019-03-12,42.107
Reservoir_Spring Creek,2019-03-13,30.016
Reservoir_Spring Creek,2019-03-14,30.582
Reservoir_Spring Creek,2019-03-15,30.327
Reservoir_Spring Creek,2019-03-16,32.734
Reservoir_Spring Creek,2019-03-17,32.706
Reservoir_Spring Creek,2019-03-18,27.524
Reservoir_Spring Creek,2019-03-19,21.436
Reservoir_Spring Creek,2019-03-20,47.091
Reservoir_Spring Creek,2019-03-21,44.854
Reservoir_Spring Creek,2019-03-22,39.247
Reservoir_Spring Creek,2019-03-23,38.568
Reservoir_Spring Creek,2019-03-24,33.386
Reservoir_Spring Creek,2019-03-25,49.809
Reservoir_Spring Creek,2019-03-26,46.978
Reservoir_Spring Creek,2019-03-27,61.617
Reservoir_Spring Creek,2019-03-28,63.883
Reservoir_Spring Creek,2019-03-29,57.653
Reservoir_Spring Creek,2019-03-30,43.834
Reservoir_Spring Creek,2019-03-31,39.87
Reservoir_Spring Creek,2019-04-01,37.633
Reservoir_Spring Creek,2019-04-02,35.113
Reservoir_Spring Creek,2019-04-03,39.615
Reservoir_Spring Creek,2019-04-04,37.407
Reservoir_Spring Creek,2019-04-05,70.905
Reservoir_Spring Creek,2019-04-06,63.09
Reservoir_Spring Creek,2019-04-07,60.626
Reservoir_Spring Creek,2019-04-08,71.698
Reservoir_Spring Creek,2019-04-09,64.987
Reservoir_Spring Creek,2019-04-10,52.103
Reservoir_Spring Creek,2019-04-11,46.44
Reservoir_Spring Creek,2019-04-12,40.946
Reservoir_Spring Creek,2019-04-13,35.962
Reservoir_Spring Creek,2019-04-14,34.009
Reservoir_Spring Creek,2019-04-15,33.527
Reservoir_Spring Creek,2019-04-16,30.724
Reservoir_Spring Creek,2019-04-17,29.903
Reservoir_Spring Creek,2019-04-18,31.347
Reservoir_Spring Creek,2019-04-19,33.414
Reservoir_Spring Creek,2019-04-20,27.949
Reservoir_Spring Creek,2019-04-21,25.57
Reservoir_Spring Creek,2019-04-22,22.172
Reservoir_Spring Creek,2019-04-23,28.062
Reservoir_Spring Creek,2019-04-24,23.531
Reservoir_Spring Creek,2019-04-25,25.853
Reservoir_Spring Creek,2019-04-26,17.641
Reservoir_Spring Creek,2019-04-27,27.128
Reservoir_Spring Creek,2019-04-28,26.165
Reservoir_Spring Creek,2019-04-29,16.707
Reservoir_Spring Creek,2019-04-30,15.376
Reservoir_Spring Creek,2019-05-01,17.358
Reservoir_Spring Creek,2019-05-02,18.264
Reservoir_Spring Creek,2019-05-03,13.904
Reservoir_Spring Creek,2019-05-04,17.443
Reservoir_Spring Creek,2019-05-05,16.679
Reservoir_Spring Creek,2019-05-06,11.667
Reservoir_Spring Creek,2019-05-07,11.865
Reservoir_Spring Creek,2019-05-08,18.264
Reservoir_Spring Creek,2019-05-09,19.029
Reservoir_Spring Creek,2019-05-10,19.142
Reservoir_Spring Creek,2019-05-11,17.981
Reservoir_Spring Creek,2019-05-12,19.793
Reservoir_Spring Creek,2019-05-13,18.293
Reservoir_Spring Creek,2019-05-14,19.086
Reservoir_Spring Creek,2019-05-15,41.484
Reservoir_Spring Creek,2019-05-16,80.703
Reservoir_Spring Creek,2019-05-17,44.288
Reservoir_Spring Creek,2019-05-18,68.017
Reservoir_Spring Creek,2019-05-19,58.559
Reservoir_Spring Creek,2019-05-20,43.155
Reservoir_Spring Creek,2019-05-21,34.66
Reservoir_Spring Creek,2019-05-22,27.807
Reservoir_Spring Creek,2019-05-23,25.004
Reservoir_Spring Creek,2019-05-24,22.71
Reservoir_Spring Creek,2019-05-25,20.954
Reservoir_Spring Creek,2019-05-26,19.114
Reservoir_Spring Creek,2019-05-27,18.151
Reservoir_Spring Creek,2019-05-28,17.896
Reservoir_Spring Creek,2019-05-29,23.701
Reservoir_Spring Creek,2019-05-30,106.33
Reservoir_Spring Creek,2019-05-31,92.539
Reservoir_Spring Creek,2019-06-01,103.385
Reservoir_Spring Creek,2019-06-02,101.856
Reservoir_Spring Creek,2019-06-03,102.082
Reservoir_Spring Creek,2019-06-04,100.525
Reservoir_Spring Creek,2019-06-05,99.505
Reservoir_Spring Creek,2019-06-06,98.684
Reservoir_Spring Creek,2019-06-07,97.92
Reservoir_Spring Creek,2019-06-08,102.28
Reservoir_Spring Creek,2019-06-09,100.638
Reservoir_Spring Creek,2019-06-10,98.967
Reservoir_Spring Creek,2019-06-11,79.117
Reservoir_Spring Creek,2019-06-12,97.268
Reservoir_Spring Creek,2019-06-13,96.73
Reservoir_Spring Creek,2019-06-14,43.098
Reservoir_Spring Creek,2019-06-15,43.296
Reservoir_Spring Creek,2019-06-16,46.949
Reservoir_Spring Creek,2019-06-17,41.201
Reservoir_Spring Creek,2019-06-18,51.282
Reservoir_Spring Creek,2019-06-19,44.684
Reservoir_Spring Creek,2019-06-20,28.6
Reservoir_Spring Creek,2019-06-21,39.502
Reservoir_Spring Creek,2019-06-22,54.0
Reservoir_Spring Creek,2019-06-23,48.025
Reservoir_Spring Creek,2019-06-24,44.882
Reservoir_Spring Creek,2019-06-25,46.638
Reservoir_Spring Creek,2019-06-26,35.226
Reservoir_Spring Creek,2019-06-27,29.591
Reservoir_Spring Creek,2019-06-28,34.773
Reservoir_Spring Creek,2019-06-29,34.433
Reservoir_Spring Creek,2019-06-30,39.87
Reservoir_Spring Creek,2019-07-01,34.575
Reservoir_Spring Creek,2019-07-02,36.274
Reservoir_Spring Creek,2019-07-03,35.991
Reservoir_Spring Creek,2019-07-04,44.089
Reservoir_Spring Creek,2019-07-05,42.985
Reservoir_Spring Creek,2019-07-06,44.656
Reservoir_Spring Creek,2019-07-07,40.691
Reservoir_Spring Creek,2019-07-08,35.0
Reservoir_Spring Creek,2019-07-09,43.58
Reservoir_Spring Creek,2019-07-10,46.893
Reservoir_Spring Creek,2019-07-11,42.051
Reservoir_Spring Creek,2019-07-12,39.927
Reservoir_Spring Creek,2019-07-13,43.551
Reservoir_Spring Creek,2019-07-14,41.144
Reservoir_Spring Creek,2019-07-15,41.541
Reservoir_Spring Creek,2019-07-16,41.512
Reservoir_Spring Creek,2019-07-17,43.608
Reservoir_Spring Creek,2019-07-18,45.873
Reservoir_Spring Creek,2019-07-19,40.408
Reservoir_Spring Creek,2019-07-20,41.597
Reservoir_Spring Creek,2019-07-21,38.907
Reservoir_Spring Creek,2019-07-22,31.63
Reservoir_Spring Creek,2019-07-23,42.22
Reservoir_Spring Creek,2019-07-24,32.791
Reservoir_Spring Creek,2019-07-25,28.09
Reservoir_Spring Creek,2019-07-26,36.132
Reservoir_Spring Creek,2019-07-27,48.224
Reservoir_Spring Creek,2019-07-28,40.267
Reservoir_Spring Creek,2019-07-29,42.815
Reservoir_Spring Creek,2019-07-30,37.633
Reservoir_Spring Creek,2019-07-31,31.12
Reservoir_Spring Creek,2019-08-01,39.615
Reservoir_Spring Creek,2019-08-02,45.562
Reservoir_Spring Creek,2019-08-03,46.213
Reservoir_Spring Creek,2019-08-04,37.407
Reservoir_Spring Creek,2019-08-05,38.822
Reservoir_Spring Creek,2019-08-06,37.208
Reservoir_Spring Creek,2019-08-07,36.302
Reservoir_Spring Creek,2019-08-08,36.217
Reservoir_Spring Creek,2019-08-09,43.806
Reservoir_Spring Creek,2019-08-10,46.666
Reservoir_Spring Creek,2019-08-11,48.648
Reservoir_Spring Creek,2019-08-12,31.828
Reservoir_Spring Creek,2019-08-13,31.828
Reservoir_Spring Creek,2019-08-14,37.548
Reservoir_Spring Creek,2019-08-15,41.512
Reservoir_Spring Creek,2019-08-16,34.716
Reservoir_Spring Creek,2019-08-17,35.226
Reservoir_Spring Creek,2019-08-18,37.661
Reservoir_Spring Creek,2019-08-19,39.304
Reservoir_Spring Creek,2019-08-20,32.649
Reservoir_Spring Creek,2019-08-21,35.764
Reservoir_Spring Creek,2019-08-22,39.672
Reservoir_Spring Creek,2019-08-23,41.088
Reservoir_Spring Creek,2019-08-24,34.009
Reservoir_Spring Creek,2019-08-25,41.456
Reservoir_Spring Creek,2019-08-26,32.253
Reservoir_Spring Creek,2019-08-27,30.894
Reservoir_Spring Creek,2019-08-28,17.188
Reservoir_Spring Creek,2019-08-29,28.43
Reservoir_Spring Creek,2019-08-30,36.585
Reservoir_Spring Creek,2019-08-31,38.737
Reservoir_Spring Creek,2019-09-01,25.089
Reservoir_Spring Creek,2019-09-02,1.926
Reservoir_Spring Creek,2019-09-03,0.991
Reservoir_Spring Creek,2019-09-04,14.753
Reservoir_Spring Creek,2019-09-05,31.545
Reservoir_Spring Creek,2019-09-06,33.98
Reservoir_Spring Creek,2019-09-07,33.187
Reservoir_Spring Creek,2019-09-08,15.404
Reservoir_Spring Creek,2019-09-09,5.324
Reservoir_Spring Creek,2019-09-10,0.283
Reservoir_Spring Creek,2019-09-11,2.492
Reservoir_Spring Creek,2019-09-12,2.209
Reservoir_Spring Creek,2019-09-13,4.927
Reservoir_Spring Creek,2019-09-14,1.727
Reservoir_Spring Creek,2019-09-15,1.727
Reservoir_Spring Creek,2019-09-16,7.702
Reservoir_Spring Creek,2019-09-17,14.243
Reservoir_Spring Creek,2019-09-18,2.152
Reservoir_Spring Creek,2019-09-19,10.647
Reservoir_Spring Creek,2019-09-20,33.499
Reservoir_Spring Creek,2019-09-21,33.159
Reservoir_Spring Creek,2019-09-22,37.18
Reservoir_Spring Creek,2019-09-23,29.393
Reservoir_Spring Creek,2019-09-24,26.08
Reservoir_Spring Creek,2019-09-25,37.435
Reservoir_Spring Creek,2019-09-26,33.272
Reservoir_Spring Creek,2019-09-27,36.047
Reservoir_Spring Creek,2019-09-28,35.0
Reservoir_Spring Creek,2019-09-29,34.15
Reservoir_Spring Creek,2019-09-30,35.198
Reservoir_Spring Creek,2019-10-01,35.453
Reservoir_Spring Creek,2019-10-02,37.435
Reservoir_Spring Creek,2019-10-03,35.849
Reservoir_Spring Creek,2019-10-04,9.43
Reservoir_Spring Creek,2019-10-05,11.893
Reservoir_Spring Creek,2019-10-06,28.062
Reservoir_Spring Creek,2019-10-07,26.703
Reservoir_Spring Creek,2019-10-08,36.953
Reservoir_Spring Creek,2019-10-09,30.299
Reservoir_Spring Creek,2019-10-10,33.81
Reservoir_Spring Creek,2019-10-11,35.594
Reservoir_Spring Creek,2019-10-12,33.555
Reservoir_Spring Creek,2019-10-13,34.745
Reservoir_Spring Creek,2019-10-14,35.254
Reservoir_Spring Creek,2019-10-15,32.225
Reservoir_Spring Creek,2019-10-16,37.123
Reservoir_Spring Creek,2019-10-17,41.399
Reservoir_Spring Creek,2019-10-18,32.593
Reservoir_Spring Creek,2019-10-19,38.313
Reservoir_Spring Creek,2019-10-20,39.672
Reservoir_Spring Creek,2019-10-21,42.843
Reservoir_Spring Creek,2019-10-22,25.825
Reservoir_Spring Creek,2019-10-23,13.932
Reservoir_Spring Creek,2019-10-24,13.734
Reservoir_Spring Creek,2019-10-25,13.507
Reservoir_Spring Creek,2019-10-26,14.611
Reservoir_Spring Creek,2019-10-27,15.065
Reservoir_Spring Creek,2019-10-28,13.875
Reservoir_Spring Creek,2019-10-29,17.585
Reservoir_Spring Creek,2019-10-30,14.328
Reservoir_Spring Creek,2019-10-31,14.895
Reservoir_Spring Creek,2019-11-01,13.592
Reservoir_Spring Creek,2019-11-02,15.065
Reservoir_Spring Creek,2019-11-03,15.234
Reservoir_Spring Creek,2019-11-04,20.105
Reservoir_Spring Creek,2019-11-05,20.445
Reservoir_Spring Creek,2019-11-06,17.528
Reservoir_Spring Creek,2019-11-07,20.247
Reservoir_Spring Creek,2019-11-08,17.726
Reservoir_Spring Creek,2019-11-09,17.528
Reservoir_Spring Creek,2019-11-10,14.357
Reservoir_Spring Creek,2019-11-11,15.518
Reservoir_Spring Creek,2019-11-12,14.583
Reservoir_Spring Creek,2019-11-13,18.717
Reservoir_Spring Creek,2019-11-14,14.951
Reservoir_Spring Creek,2019-11-15,18.01
Reservoir_Spring Creek,2019-11-16,16.254
Reservoir_Spring Creek,2019-11-17,17.896
Reservoir_Spring Creek,2019-11-18,15.036
Reservoir_Spring Creek,2019-11-19,20.247
Reservoir_Spring Creek,2019-11-20,15.971
Reservoir_Spring Creek,2019-11-21,15.206
Reservoir_Spring Creek,2019-11-22,15.206
Reservoir_Spring Creek,2019-11-23,15.546
Reservoir_Spring Creek,2019-11-24,21.889
Reservoir_Spring Creek,2019-11-25,16.82
Reservoir_Spring Creek,2019-11-26,23.843
Reservoir_Spring Creek,2019-11-27,21.408
Reservoir_Spring Creek,2019-11-28,18.293
Reservoir_Spring Creek,2019-11-29,17.868
Reservoir_Spring Creek,2019-11-30,20.473
Reservoir_Spring Creek,2019-12-01,20.501
Reservoir_Spring Creek,2019-12-02,11.61
Reservoir_Spring Creek,2019-12-03,16.65
Reservoir_Spring Creek,2019-12-04,10.364
Reservoir_Spring Creek,2019-12-05,14.951
Reservoir_Spring Creek,2019-12-06,26.221
Reservoir_Spring Creek,2019-12-07,98.599
Reservoir_Spring Creek,2019-12-08,33.017
Reservoir_Spring Creek,2019-12-09,29.733
Reservoir_Spring Creek,2019-12-10,10.222
Reservoir_Spring Creek,2019-12-11,9.769
Reservoir_Spring Creek,2019-12-12,9.373
Reservoir_Spring Creek,2019-12-13,9.798
Reservoir_Spring Creek,2019-12-14,9.543
Reservoir_Spring Creek,2019-12-15,7.646
Reservoir_Spring Creek,2019-12-16,7.164
Reservoir_Spring Creek,2019-12-17,6.286
Reservoir_Spring Creek,2019-12-18,6.315
Reservoir_Spring Creek,2019-12-19,9.288
Reservoir_Spring Creek,2019-12-20,10.307
Reservoir_Spring Creek,2019-12-21,7.249
Reservoir_Spring Creek,2019-12-22,22.512
Reservoir_Spring Creek,2019-12-23,15.518
Reservoir_Spring Creek,2019-12-24,11.27
Reservoir_Spring Creek,2019-12-25,11.978
Reservoir_Spring Creek,2019-12-26,8.495
Reservoir_Spring Creek,2019-12-27,5.635
Reservoir_Spring Creek,2019-12-28,4.531
Reservoir_Spring Creek,2019-12-29,10.874
Reservoir_Spring Creek,2019-12-30,20.983
Reservoir_Spring Creek,2019-12-31,55.048
Reservoir_Trinity,2019-01-01,7.192
Reservoir_Trinity,2019-01-02,8.778
Reservoir_Trinity,2019-01-03,11.044
Reservoir_Trinity,2019-01-04,9.684
Reservoir_Trinity,2019-01-05,17.528
Reservoir_Trinity,2019-01-06,27.184
Reservoir_Trinity,2019-01-07,17.698
Reservoir_Trinity,2019-01-08,49.045
Reservoir_Trinity,2019-01-09,152.401
Reservoir_Trinity,2019-01-10,96.674
Reservoir_Trinity,2019-01-11,61.986
Reservoir_Trinity,2019-01-12,46.61
Reservoir_Trinity,2019-01-13,37.095
Reservoir_Trinity,2019-01-14,33.499
Reservoir_Trinity,2019-01-15,42.787
Reservoir_Trinity,2019-01-16,129.55
Reservoir_Trinity,2019-01-17,208.639
Reservoir_Trinity,2019-01-18,120.516
Reservoir_Trinity,2019-01-19,149.966
Reservoir_Trinity,2019-01-20,225.289
Reservoir_Trinity,2019-01-21,135.1
Reservoir_Trinity,2019-01-22,84.667
Reservoir_Trinity,2019-01-23,69.036
Reservoir_Trinity,2019-01-24,61.731
Reservoir_Trinity,2019-01-25,47.204
Reservoir_Trinity,2019-01-26,43.042
Reservoir_Trinity,2019-01-27,46.525
Reservoir_Trinity,2019-01-28,42.475
Reservoir_Trinity,2019-01-29,47.346
Reservoir_Trinity,2019-01-30,47.006
Reservoir_Trinity,2019-01-31,42.504
Reservoir_Trinity,2019-02-01,63.175
Reservoir_Trinity,2019-02-02,129.804
Reservoir_Trinity,2019-02-03,107.689
Reservoir_Trinity,2019-02-04,84.497
Reservoir_Trinity,2019-02-05,68.215
Reservoir_Trinity,2019-02-06,54.821
Reservoir_Trinity,2019-02-07,49.47
Reservoir_Trinity,2019-02-08,40.21
Reservoir_Trinity,2019-02-09,43.636
Reservoir_Trinity,2019-02-10,35.481
Reservoir_Trinity,2019-02-11,32.621
Reservoir_Trinity,2019-02-12,59.154
Reservoir_Trinity,2019-02-13,73.737
Reservoir_Trinity,2019-02-14,146.54
Reservoir_Trinity,2019-02-15,109.643
Reservoir_Trinity,2019-02-16,77.673
Reservoir_Trinity,2019-02-17,62.269
Reservoir_Trinity,2019-02-18,52.245
Reservoir_Trinity,2019-02-19,44.316
Reservoir_Trinity,2019-02-20,47.855
Reservoir_Trinity,2019-02-21,42.135
Reservoir_Trinity,2019-02-22,34.235
Reservoir_Trinity,2019-02-23,39.672
Reservoir_Trinity,2019-02-24,53.717
Reservoir_Trinity,2019-02-25,112.276
Reservoir_Trinity,2019-02-26,241.175
Reservoir_Trinity,2019-02-27,328.73
Reservoir_Trinity,2019-02-28,187.939
Reservoir_Trinity,2019-03-01,114.343
Reservoir_Trinity,2019-03-02,108.029
Reservoir_Trinity,2019-03-03,92.285
Reservoir_Trinity,2019-03-04,94.776
Reservoir_Trinity,2019-03-05,107.293
Reservoir_Trinity,2019-03-06,175.281
Reservoir_Trinity,2019-03-07,153.053
Reservoir_Trinity,2019-03-08,122.329
Reservoir_Trinity,2019-03-09,103.017
Reservoir_Trinity,2019-03-10,86.508
Reservoir_Trinity,2019-03-11,69.178
Reservoir_Trinity,2019-03-12,63.147
Reservoir_Trinity,2019-03-13,67.734
Reservoir_Trinity,2019-03-14,60.513
Reservoir_Trinity,2019-03-15,55.473
Reservoir_Trinity,2019-03-16,62.042
Reservoir_Trinity,2019-03-17,69.235
Reservoir_Trinity,2019-03-18,79.032
Reservoir_Trinity,2019-03-19,87.216
Reservoir_Trinity,2019-03-20,133.146
Reservoir_Trinity,2019-03-21,141.613
Reservoir_Trinity,2019-03-22,122.555
Reservoir_Trinity,2019-03-23,102.139
Reservoir_Trinity,2019-03-24,94.805
Reservoir_Trinity,2019-03-25,129.125
Reservoir_Trinity,2019-03-26,107.689
Reservoir_Trinity,2019-03-27,128.049
Reservoir_Trinity,2019-03-28,124.113
Reservoir_Trinity,2019-03-29,103.498
Reservoir_Trinity,2019-03-30,95.456
Reservoir_Trinity,2019-03-31,88.802
Reservoir_Trinity,2019-04-01,104.829
Reservoir_Trinity,2019-04-02,159.367
Reservoir_Trinity,2019-04-03,160.415
Reservoir_Trinity,2019-04-04,168.089
Reservoir_Trinity,2019-04-05,251.963
Reservoir_Trinity,2019-04-06,221.466
Reservoir_Trinity,2019-04-07,263.63
Reservoir_Trinity,2019-04-08,520.718
Reservoir_Trinity,2019-04-09,407.848
Reservoir_Trinity,2019-04-10,241.656
Reservoir_Trinity,2019-04-11,187.004
Reservoir_Trinity,2019-04-12,162.879
Reservoir_Trinity,2019-04-13,152.854
Reservoir_Trinity,2019-04-14,148.239
Reservoir_Trinity,2019-04-15,130.569
Reservoir_Trinity,2019-04-16,123.32
Reservoir_Trinity,2019-04-17,112.305
Reservoir_Trinity,2019-04-18,191.903
Reservoir_Trinity,2019-04-19,223.137
Reservoir_Trinity,2019-04-20,232.396
Reservoir_Trinity,2019-04-21,194.48
Reservoir_Trinity,2019-04-22,179.727
Reservoir_Trinity,2019-04-23,218.861
Reservoir_Trinity,2019-04-24,279.374
Reservoir_Trinity,2019-04-25,286.765
Reservoir_Trinity,2019-04-26,258.08
Reservoir_Trinity,2019-04-27,227.696
Reservoir_Trinity,2019-04-28,206.26
Reservoir_Trinity,2019-04-29,193.716
Reservoir_Trinity,2019-04-30,195.613
Reservoir_Trinity,2019-05-01,160.472
Reservoir_Trinity,2019-05-02,126.916
Reservoir_Trinity,2019-05-03,126.237
Reservoir_Trinity,2019-05-04,139.121
Reservoir_Trinity,2019-05-05,159.99
Reservoir_Trinity,2019-05-06,173.441
Reservoir_Trinity,2019-05-07,178.283
Reservoir_Trinity,2019-05-08,185.051
Reservoir_Trinity,2019-05-09,182.842
Reservoir_Trinity,2019-05-10,175.168
Reservoir_Trinity,2019-05-11,166.899
Reservoir_Trinity,2019-05-12,172.478
Reservoir_Trinity,2019-05-13,160.896
Reservoir_Trinity,2019-05-14,142.774
Reservoir_Trinity,2019-05-15,245.45
Reservoir_Trinity,2019-05-16,446.132
Reservoir_Trinity,2019-05-17,203.315
Reservoir_Trinity,2019-05-18,171.034
Reservoir_Trinity,2019-05-19,157.527
Reservoir_Trinity,2019-05-20,190.034
Reservoir_Trinity,2019-05-21,121.819
Reservoir_Trinity,2019-05-22,112.956
Reservoir_Trinity,2019-05-23,116.439
Reservoir_Trinity,2019-05-24,115.108
Reservoir_Trinity,2019-05-25,112.758
Reservoir_Trinity,2019-05-26,116.864
Reservoir_Trinity,2019-05-27,114.627
Reservoir_Trinity,2019-05-28,128.587
Reservoir_Trinity,2019-05-29,148.352
Reservoir_Trinity,2019-05-30,135.921
Reservoir_Trinity,2019-05-31,142.774
Reservoir_Trinity,2019-06-01,162.171
Reservoir_Trinity,2019-06-02,180.577
Reservoir_Trinity,2019-06-03,174.602
Reservoir_Trinity,2019-06-04,160.188
Reservoir_Trinity,2019-06-05,145.662
Reservoir_Trinity,2019-06-06,109.331
Reservoir_Trinity,2019-06-07,96.221
Reservoir_Trinity,2019-06-08,89.085
Reservoir_Trinity,2019-06-09,92.171
Reservoir_Trinity,2019-06-10,100.1
Reservoir_Trinity,2019-06-11,115.221
Reservoir_Trinity,2019-06-12,123.235
Reservoir_Trinity,2019-06-13,108.765
Reservoir_Trinity,2019-06-14,112.078
Reservoir_Trinity,2019-06-15,93.446
Reservoir_Trinity,2019-06-16,83.648
Reservoir_Trinity,2019-06-17,80.76
Reservoir_Trinity,2019-06-18,66.431
Reservoir_Trinity,2019-06-19,57.993
Reservoir_Trinity,2019-06-20,39.417
Reservoir_Trinity,2019-06-21,28.855
Reservoir_Trinity,2019-06-22,36.982
Reservoir_Trinity,2019-06-23,37.152
Reservoir_Trinity,2019-06-24,27.128
Reservoir_Trinity,2019-06-25,23.616
Reservoir_Trinity,2019-06-26,8.269
Reservoir_Trinity,2019-06-27,21.379
Reservoir_Trinity,2019-06-28,25.344
Reservoir_Trinity,2019-06-29,25.542
Reservoir_Trinity,2019-06-30,28.515
Reservoir_Trinity,2019-07-01,16.877
Reservoir_Trinity,2019-07-02,21.521
Reservoir_Trinity,2019-07-03,22.285
Reservoir_Trinity,2019-07-04,26.306
Reservoir_Trinity,2019-07-05,22.342
Reservoir_Trinity,2019-07-06,19.68
Reservoir_Trinity,2019-07-07,17.896
Reservoir_Trinity,2019-07-08,19.142
Reservoir_Trinity,2019-07-09,20.501
Reservoir_Trinity,2019-07-10,21.294
Reservoir_Trinity,2019-07-11,22.569
Reservoir_Trinity,2019-07-12,23.276
Reservoir_Trinity,2019-07-13,18.519
Reservoir_Trinity,2019-07-14,10.874
Reservoir_Trinity,2019-07-15,11.072
Reservoir_Trinity,2019-07-16,19.567
Reservoir_Trinity,2019-07-17,20.954
Reservoir_Trinity,2019-07-18,16.197
Reservoir_Trinity,2019-07-19,14.583
Reservoir_Trinity,2019-07-20,12.488
Reservoir_Trinity,2019-07-21,15.688
Reservoir_Trinity,2019-07-22,15.093
Reservoir_Trinity,2019-07-23,7.136
Reservoir_Trinity,2019-07-24,10.166
Reservoir_Trinity,2019-07-25,13.394
Reservoir_Trinity,2019-07-26,9.033
Reservoir_Trinity,2019-07-27,8.042
Reservoir_Trinity,2019-07-28,9.996
Reservoir_Trinity,2019-07-29,2.973
Reservoir_Trinity,2019-07-30,4.276
Reservoir_Trinity,2019-07-31,14.98
Reservoir_Trinity,2019-08-01,3.483
Reservoir_Trinity,2019-08-02,4.417
Reservoir_Trinity,2019-08-03,10.789
Reservoir_Trinity,2019-08-04,9.996
Reservoir_Trinity,2019-08-05,4.191
Reservoir_Trinity,2019-08-06,4.049
Reservoir_Trinity,2019-08-07,1.671
Reservoir_Trinity,2019-08-09,0.142
Reservoir_Trinity,2019-08-11,5.975
Reservoir_Trinity,2019-08-12,10.052
Reservoir_Trinity,2019-08-13,19.171
Reservoir_Trinity,2019-08-14,12.771
Reservoir_Trinity,2019-08-15,11.836
Reservoir_Trinity,2019-08-16,6.598
Reservoir_Trinity,2019-08-17,7.674
Reservoir_Trinity,2019-08-18,2.095
Reservoir_Trinity,2019-08-20,3.936
Reservoir_Trinity,2019-08-21,11.865
Reservoir_Trinity,2019-08-22,6.088
Reservoir_Trinity,2019-08-23,9.826
Reservoir_Trinity,2019-08-24,7.589
Reservoir_Trinity,2019-08-25,5.89
Reservoir_Trinity,2019-08-26,6.513
Reservoir_Trinity,2019-08-27,8.552
Reservoir_Trinity,2019-08-28,6.258
Reservoir_Trinity,2019-08-30,0.057
Reservoir_Trinity,2019-09-03,0.057
Reservoir_Trinity,2019-09-04,11.185
Reservoir_Trinity,2019-09-06,4.078
Reservoir_Trinity,2019-09-10,1.982
Reservoir_Trinity,2019-09-11,7.362
Reservoir_Trinity,2019-09-12,9.684
Reservoir_Trinity,2019-09-13,8.014
Reservoir_Trinity,2019-09-14,6.116
Reservoir_Trinity,2019-09-17,3.37
Reservoir_Trinity,2019-09-18,4.757
Reservoir_Trinity,2019-09-19,0.538
Reservoir_Trinity,2019-09-20,7.929
Reservoir_Trinity,2019-09-21,3.228
Reservoir_Trinity,2019-09-22,1.388
Reservoir_Trinity,2019-09-23,1.671
Reservoir_Trinity,2019-09-24,13.507
Reservoir_Trinity,2019-09-25,9.854
Reservoir_Trinity,2019-09-26,1.218
Reservoir_Trinity,2019-10-01,2.18
Reservoir_Trinity,2019-10-02,2.124
Reservoir_Trinity,2019-10-04,7.589
Reservoir_Trinity,2019-10-05,8.523
Reservoir_Trinity,2019-10-06,5.04
Reservoir_Trinity,2019-10-07,4.701
Reservoir_Trinity,2019-10-09,0.538
Reservoir_Trinity,2019-10-11,1.671
Reservoir_Trinity,2019-10-12,0.113
Reservoir_Trinity,2019-10-13,4.729
Reservoir_Trinity,2019-10-14,3.398
Reservoir_Trinity,2019-10-15,2.067
Reservoir_Trinity,2019-10-19,8.467
Reservoir_Trinity,2019-10-20,5.72
Reservoir_Trinity,2019-10-21,5.097
Reservoir_Trinity,2019-10-22,9.826
Reservoir_Trinity,2019-10-23,10.137
Reservoir_Trinity,2019-10-24,6.541
Reservoir_Trinity,2019-10-25,2.18
Reservoir_Trinity,2019-10-26,5.267
Reservoir_Trinity,2019-10-27,0.085
Reservoir_Trinity,2019-10-31,4.361
Reservoir_Trinity,2019-11-01,11.893
Reservoir_Trinity,2019-11-02,3.2
Reservoir_Trinity,2019-11-03,6.881
Reservoir_Trinity,2019-11-04,7.504
Reservoir_Trinity,2019-11-05,4.134
Reservoir_Trinity,2019-11-06,3.964
Reservoir_Trinity,2019-11-07,7.277
Reservoir_Trinity,2019-11-08,4.616
Reservoir_Trinity,2019-11-09,3.625
Reservoir_Trinity,2019-11-10,4.616
Reservoir_Trinity,2019-11-11,11.157
Reservoir_Trinity,2019-11-12,3.993
Reservoir_Trinity,2019-11-13,4.332
Reservoir_Trinity,2019-11-14,5.182
Reservoir_Trinity,2019-11-15,8.552
Reservoir_Trinity,2019-11-16,1.189
Reservoir_Trinity,2019-11-17,6.513
Reservoir_Trinity,2019-11-18,6.57
Reservoir_Trinity,2019-11-19,6.088
Reservoir_Trinity,2019-11-21,1.869
Reservoir_Trinity,2019-11-22,4.163
Reservoir_Trinity,2019-11-23,4.163
Reservoir_Trinity,2019-11-24,6.626
Reservoir_Trinity,2019-11-26,29.931
Reservoir_Trinity,2019-11-27,8.382
Reservoir_Trinity,2019-11-28,8.212
Reservoir_Trinity,2019-11-29,5.493
Reservoir_Trinity,2019-11-30,21.549
Reservoir_Trinity,2019-12-01,22.229
Reservoir_Trinity,2019-12-02,17.698
Reservoir_Trinity,2019-12-03,11.808
Reservoir_Trinity,2019-12-04,10.166
Reservoir_Trinity,2019-12-05,12.091
Reservoir_Trinity,2019-12-06,42.589
Reservoir_Trinity,2019-12-07,121.394
Reservoir_Trinity,2019-12-08,55.359
Reservoir_Trinity,2019-12-09,28.968
Reservoir_Trinity,2019-12-10,21.068
Reservoir_Trinity,2019-12-11,28.94
Reservoir_Trinity,2019-12-12,31.46
Reservoir_Trinity,2019-12-13,40.493
Reservoir_Trinity,2019-12-14,32.706
Reservoir_Trinity,2019-12-15,24.268
Reservoir_Trinity,2019-12-16,18.264
Reservoir_Trinity,2019-12-17,15.036
Reservoir_Trinity,2019-12-18,13.875
Reservoir_Trinity,2019-12-19,34.688
Reservoir_Trinity,2019-12-20,30.582
Reservoir_Trinity,2019-12-21,24.126
Reservoir_Trinity,2019-12-22,35.849
Reservoir_Trinity,2019-12-23,21.606
Reservoir_Trinity,2019-12-24,18.179
Reservoir_Trinity,2019-12-25,18.208
Reservoir_Trinity,2019-12-26,14.583
Reservoir_Trinity,2019-12-27,13.989
Reservoir_Trinity,2019-12-28,9.798
Reservoir_Trinity,2019-12-29,17.217
Reservoir_Trinity,2019-12-30,10.817
Reservoir_Trinity,2019-12-31,10.732
